<?xml version='1.0' encoding='UTF-8'?>
<definitions xmlns="http://www.omg.org/spec/BPMN/20100524/MODEL" xmlns:xsi="http://www.w3.org/2001/XMLSchema-instance" xmlns:xsd="http://www.w3.org/2001/XMLSchema" xmlns:activiti="http://activiti.org/bpmn" xmlns:bpmndi="http://www.omg.org/spec/BPMN/20100524/DI" xmlns:omgdc="http://www.omg.org/spec/DD/20100524/DC" xmlns:omgdi="http://www.omg.org/spec/DD/20100524/DI" typeLanguage="http://www.w3.org/2001/XMLSchema" expressionLanguage="http://www.w3.org/1999/XPath" targetNamespace="http://www.activiti.org/processdef" xmlns:modeler="http://activiti.com/modeler" modeler:version="1.0en" modeler:exportDateTime="20200710141440968" modeler:modelId="12023" modeler:modelVersion="3" modeler:modelLastUpdated="1594358924271">
  <process id="GenerateBarcodeDocument" name="Generate Barcode Document" isExecutable="true">
    <startEvent id="startEvent1" name="Start" activiti:formKey="12024">
      <extensionElements>
        <modeler:form-reference-id><![CDATA[12024]]></modeler:form-reference-id>
        <modeler:form-reference-name><![CDATA[Enter Account Number]]></modeler:form-reference-name>
        <modeler:editor-resource-id><![CDATA[startEvent1]]></modeler:editor-resource-id>
      </extensionElements>
    </startEvent>
    <sequenceFlow id="sid-1AB88F57-5543-4E6B-957C-6BEEA6FDC528" sourceRef="startEvent1" targetRef="sid-98F34AB9-728F-46CD-A54A-BEFB4604D18A">
      <extensionElements>
        <modeler:editor-resource-id><![CDATA[sid-1AB88F57-5543-4E6B-957C-6BEEA6FDC528]]></modeler:editor-resource-id>
      </extensionElements>
    </sequenceFlow>
    <sequenceFlow id="sid-C623E549-10BC-4E19-B694-2A42AEDFF38B" sourceRef="sid-98F34AB9-728F-46CD-A54A-BEFB4604D18A" targetRef="sid-B1394BF4-19DC-4185-A1D0-1F7AFF056B6E">
      <extensionElements>
        <modeler:editor-resource-id><![CDATA[sid-C623E549-10BC-4E19-B694-2A42AEDFF38B]]></modeler:editor-resource-id>
      </extensionElements>
    </sequenceFlow>
    <sequenceFlow id="sid-F7D62EF7-FC47-40B4-A7A9-86D554FA355B" sourceRef="sid-B1394BF4-19DC-4185-A1D0-1F7AFF056B6E" targetRef="sid-58471100-2675-467F-B028-C547A0640445">
      <extensionElements>
        <modeler:editor-resource-id><![CDATA[sid-F7D62EF7-FC47-40B4-A7A9-86D554FA355B]]></modeler:editor-resource-id>
      </extensionElements>
    </sequenceFlow>
    <endEvent id="sid-58471100-2675-467F-B028-C547A0640445" name="End">
      <extensionElements>
        <modeler:editor-resource-id><![CDATA[sid-58471100-2675-467F-B028-C547A0640445]]></modeler:editor-resource-id>
      </extensionElements>
    </endEvent>
    <serviceTask id="sid-98F34AB9-728F-46CD-A54A-BEFB4604D18A" name="Generate Document" activiti:async="true" activiti:delegateExpression="${activiti_generateDocumentDelegate}">
      <extensionElements>
        <activiti:field name="outputFormat">
          <activiti:string><![CDATA[pdf]]></activiti:string>
        </activiti:field>
        <activiti:field name="templateId">
          <activiti:string><![CDATA[8015]]></activiti:string>
        </activiti:field>
        <activiti:field name="templateName">
          <activiti:string><![CDATA[LRA_Barcode_Label.docx]]></activiti:string>
        </activiti:field>
        <activiti:field name="fileName">
          <activiti:string><![CDATA[barcodevalue]]></activiti:string>
        </activiti:field>
        <activiti:field name="variableName">
          <activiti:string><![CDATA[barcodedocument]]></activiti:string>
        </activiti:field>
        <modeler:executionvariables modeler:variableName="barcodedocument" modeler:variableType="document"/>
        <modeler:editor-resource-id><![CDATA[sid-98F34AB9-728F-46CD-A54A-BEFB4604D18A]]></modeler:editor-resource-id>
      </extensionElements>
    </serviceTask>
    <serviceTask id="sid-B1394BF4-19DC-4185-A1D0-1F7AFF056B6E" name="Upload to ACS" activiti:async="true" activiti:delegateExpression="${activiti_publishAlfrescoDelegate}">
      <extensionElements>
        <activiti:field name="contentSource">
          <activiti:string><![CDATA[process]]></activiti:string>
        </activiti:field>
        <activiti:field name="documentType">
          <activiti:string><![CDATA[cmis:document]]></activiti:string>
        </activiti:field>
        <activiti:field name="documentAspects">
          <activiti:string><![CDATA[[{"aspectName":"cm:titled"}]]]></activiti:string>
        </activiti:field>
        <activiti:field name="account">
          <activiti:string><![CDATA[alfresco-1-alfresco-1]]></activiti:string>
        </activiti:field>
        <activiti:field name="site">
          <activiti:string><![CDATA[citizens]]></activiti:string>
        </activiti:field>
        <activiti:field name="publishAsType">
          <activiti:string><![CDATA[process_initiator]]></activiti:string>
        </activiti:field>
        <activiti:field name="path">
          <activiti:string><![CDATA[2b56c9a8-9190-47cd-9bfb-5368380619b1]]></activiti:string>
        </activiti:field>
        <modeler:publish-task-type><![CDATA[alfresco]]></modeler:publish-task-type>
        <modeler:site_title><![CDATA[Citizens]]></modeler:site_title>
        <modeler:path_title><![CDATA[documentLibrary]]></modeler:path_title>
        <modeler:editor-resource-id><![CDATA[sid-B1394BF4-19DC-4185-A1D0-1F7AFF056B6E]]></modeler:editor-resource-id>
      </extensionElements>
    </serviceTask>
  </process>
  <bpmndi:BPMNDiagram id="BPMNDiagram_GenerateBarcodeDocument">
    <bpmndi:BPMNPlane bpmnElement="GenerateBarcodeDocument" id="BPMNPlane_GenerateBarcodeDocument">
      <bpmndi:BPMNShape bpmnElement="startEvent1" id="BPMNShape_startEvent1">
        <omgdc:Bounds height="30.0" width="30.0" x="150.0" y="163.0"/>
      </bpmndi:BPMNShape>
      <bpmndi:BPMNShape bpmnElement="sid-58471100-2675-467F-B028-C547A0640445" id="BPMNShape_sid-58471100-2675-467F-B028-C547A0640445">
        <omgdc:Bounds height="28.0" width="28.0" x="755.0" y="164.0"/>
      </bpmndi:BPMNShape>
      <bpmndi:BPMNShape bpmnElement="sid-98F34AB9-728F-46CD-A54A-BEFB4604D18A" id="BPMNShape_sid-98F34AB9-728F-46CD-A54A-BEFB4604D18A">
        <omgdc:Bounds height="80.0" width="100.0" x="285.0" y="138.0"/>
      </bpmndi:BPMNShape>
      <bpmndi:BPMNShape bpmnElement="sid-B1394BF4-19DC-4185-A1D0-1F7AFF056B6E" id="BPMNShape_sid-B1394BF4-19DC-4185-A1D0-1F7AFF056B6E">
        <omgdc:Bounds height="80.0" width="100.0" x="465.0" y="138.0"/>
      </bpmndi:BPMNShape>
      <bpmndi:BPMNEdge bpmnElement="sid-F7D62EF7-FC47-40B4-A7A9-86D554FA355B" id="BPMNEdge_sid-F7D62EF7-FC47-40B4-A7A9-86D554FA355B">
        <omgdi:waypoint x="565.0" y="178.0"/>
        <omgdi:waypoint x="755.0" y="178.0"/>
      </bpmndi:BPMNEdge>
      <bpmndi:BPMNEdge bpmnElement="sid-C623E549-10BC-4E19-B694-2A42AEDFF38B" id="BPMNEdge_sid-C623E549-10BC-4E19-B694-2A42AEDFF38B">
        <omgdi:waypoint x="385.0" y="178.0"/>
        <omgdi:waypoint x="465.0" y="178.0"/>
      </bpmndi:BPMNEdge>
      <bpmndi:BPMNEdge bpmnElement="sid-1AB88F57-5543-4E6B-957C-6BEEA6FDC528" id="BPMNEdge_sid-1AB88F57-5543-4E6B-957C-6BEEA6FDC528">
        <omgdi:waypoint x="180.0" y="178.0"/>
        <omgdi:waypoint x="285.0" y="178.0"/>
      </bpmndi:BPMNEdge>
    </bpmndi:BPMNPlane>
  </bpmndi:BPMNDiagram>
</definitions>