{"resourceId":12023,"properties":{"process_id":"GenerateBarcodeDocument","name":"Generate Barcode Document","documentation":"","process_author":"","process_version":"","process_namespace":"http://www.activiti.org/processdef","executionlisteners":"","eventlisteners":"","signaldefinitions":"","messagedefinitions":"","executionvariables":"","metadata":""},"stencil":{"id":"BPMNDiagram"},"childShapes":[{"resourceId":"startEvent1","properties":{"overrideid":"","name":"Start","documentation":"","executionlisteners":"","initiator":"","formkeydefinition":"","formreference":{"id":12024,"name":"Enter Account Number","referenceId":12023},"fieldstovariables":"","formproperties":""},"stencil":{"id":"StartNoneEvent"},"childShapes":[],"outgoing":[{"resourceId":"sid-1AB88F57-5543-4E6B-957C-6BEEA6FDC528"}],"bounds":{"lowerRight":{"x":180,"y":193},"upperLeft":{"x":150,"y":163}},"dockers":[]},{"resourceId":"sid-1AB88F57-5543-4E6B-957C-6BEEA6FDC528","properties":{"overrideid":"","name":"","documentation":"","conditionsequenceflow":"","executionlisteners":"","defaultflow":"false","showdiamondmarker":false},"stencil":{"id":"SequenceFlow"},"childShapes":[],"outgoing":[{"resourceId":"sid-98F34AB9-728F-46CD-A54A-BEFB4604D18A"}],"bounds":{"lowerRight":{"x":284.859375,"y":178},"upperLeft":{"x":180.609375,"y":178}},"dockers":[{"x":15,"y":15},{"x":50,"y":40}],"target":{"resourceId":"sid-98F34AB9-728F-46CD-A54A-BEFB4604D18A"}},{"resourceId":"sid-C623E549-10BC-4E19-B694-2A42AEDFF38B","properties":{"overrideid":"","name":"","documentation":"","conditionsequenceflow":"","executionlisteners":"","defaultflow":"false"},"stencil":{"id":"SequenceFlow"},"childShapes":[],"outgoing":[{"resourceId":"sid-B1394BF4-19DC-4185-A1D0-1F7AFF056B6E"}],"bounds":{"lowerRight":{"x":464.78125,"y":178},"upperLeft":{"x":385.21875,"y":178}},"dockers":[{"x":50,"y":40},{"x":50,"y":40}],"target":{"resourceId":"sid-B1394BF4-19DC-4185-A1D0-1F7AFF056B6E"}},{"resourceId":"sid-F7D62EF7-FC47-40B4-A7A9-86D554FA355B","properties":{"overrideid":"","name":"","documentation":"","conditionsequenceflow":"","executionlisteners":"","defaultflow":"false","showdiamondmarker":false},"stencil":{"id":"SequenceFlow"},"childShapes":[],"outgoing":[{"resourceId":"sid-58471100-2675-467F-B028-C547A0640445"}],"bounds":{"lowerRight":{"x":754.109375,"y":178},"upperLeft":{"x":565.609375,"y":178}},"dockers":[{"x":50,"y":40},{"x":14,"y":14}],"target":{"resourceId":"sid-58471100-2675-467F-B028-C547A0640445"}},{"resourceId":"sid-58471100-2675-467F-B028-C547A0640445","properties":{"overrideid":"","name":"End","documentation":"","executionlisteners":""},"stencil":{"id":"EndNoneEvent"},"childShapes":[],"outgoing":[],"bounds":{"lowerRight":{"x":783,"y":192},"upperLeft":{"x":755,"y":164}},"dockers":[]},{"resourceId":"sid-98F34AB9-728F-46CD-A54A-BEFB4604D18A","properties":{"overrideid":"","name":"Generate Document","documentation":"","generatedocumenttemplate":{"id":8015,"name":"LRA_Barcode_Label.docx"},"generatedocumenttaskoutputformat":"","executionvariable_document":{"variableName":"barcodedocument","variableType":"document"},"generatedocumentfilename":"barcodevalue","additionaldatasources_document":"","additionaldatasourcenames_document":"","type":"http://b3mn.org/stencilset/bpmn2.0#UserTask","asynchronousdefinition":"false","exclusivedefinition":"false","executionlisteners":"","multiinstance_type":"None","multiinstance_cardinality":"","multiinstance_collection":"","multiinstance_variable":"","multiinstance_condition":"","isforcompensation":"false","usertasksendemail":true,"usertaskassignment":"","formkeydefinition":"","formreference":"","fieldstovariables":"","duedatedefinition":"","prioritydefinition":"","categorydefinition":"","formproperties":"","tasklisteners":"","emailtemplate":""},"stencil":{"id":"GenerateDocumentTask"},"childShapes":[],"outgoing":[{"resourceId":"sid-C623E549-10BC-4E19-B694-2A42AEDFF38B"}],"bounds":{"lowerRight":{"x":385,"y":218},"upperLeft":{"x":285,"y":138}},"dockers":[]},{"resourceId":"sid-B1394BF4-19DC-4185-A1D0-1F7AFF056B6E","properties":{"overrideid":"","name":"Upload to ACS","documentation":"","alfresco_cloud_content":{"source":"process","documentAspects":[{"aspectName":"cm:titled"}],"documentType":"cmis:document"},"alfresco_cloud_destination":{"account":"alfresco-1-alfresco-1","site":"citizens","path":"2b56c9a8-9190-47cd-9bfb-5368380619b1","path_title":"documentLibrary","site_title":"Citizens","publish_as_type":"process_initiator"},"type":"http://b3mn.org/stencilset/bpmn2.0#UserTask","asynchronousdefinition":"false","exclusivedefinition":"false","executionlisteners":"","multiinstance_type":"None","multiinstance_cardinality":"","multiinstance_collection":"","multiinstance_variable":"","multiinstance_condition":"","isforcompensation":"false","usertasksendemail":true,"usertaskassignment":"","formkeydefinition":"","formreference":"","fieldstovariables":"","duedatedefinition":"","prioritydefinition":"","categorydefinition":"","formproperties":"","tasklisteners":"","emailtemplate":""},"stencil":{"id":"PublishToAlfrescoCloudTask"},"childShapes":[],"outgoing":[{"resourceId":"sid-F7D62EF7-FC47-40B4-A7A9-86D554FA355B"}],"bounds":{"lowerRight":{"x":565,"y":218},"upperLeft":{"x":465,"y":138}},"dockers":[]}],"bounds":{"lowerRight":{"x":1200,"y":1050},"upperLeft":{"x":0,"y":0}},"stencilset":{"url":"stencilsets/bpmn2.0/bpmn2.0.json","namespace":"http://b3mn.org/stencilset/bpmn2.0#"},"ssextensions":[]}