<?xml version='1.0' encoding='UTF-8'?>
<definitions xmlns="http://www.omg.org/spec/BPMN/20100524/MODEL" xmlns:xsi="http://www.w3.org/2001/XMLSchema-instance" xmlns:xsd="http://www.w3.org/2001/XMLSchema" xmlns:activiti="http://activiti.org/bpmn" xmlns:bpmndi="http://www.omg.org/spec/BPMN/20100524/DI" xmlns:omgdc="http://www.omg.org/spec/DD/20100524/DC" xmlns:omgdi="http://www.omg.org/spec/DD/20100524/DI" typeLanguage="http://www.w3.org/2001/XMLSchema" expressionLanguage="http://www.w3.org/1999/XPath" targetNamespace="http://www.activiti.org/processdef" xmlns:modeler="http://activiti.com/modeler" modeler:version="1.0en" modeler:exportDateTime="20200709212534293" modeler:modelId="13013" modeler:modelVersion="12" modeler:modelLastUpdated="1594329708949">
  <process id="DutySegregationProcess" name="Duty Segregation Process" isExecutable="true">
    <startEvent id="startEvent1" name="Start" activiti:formKey="13014">
      <extensionElements>
        <modeler:form-reference-id><![CDATA[13014]]></modeler:form-reference-id>
        <modeler:form-reference-name><![CDATA[Leave Application Form]]></modeler:form-reference-name>
        <modeler:editor-resource-id><![CDATA[startEvent1]]></modeler:editor-resource-id>
      </extensionElements>
    </startEvent>
    <sequenceFlow id="sid-35E10FB4-6AB6-4963-9197-965F7A155F42" sourceRef="startEvent1" targetRef="sid-2C9A35FC-D05E-46C6-8736-C0A2C18A632A">
      <extensionElements>
        <modeler:editor-resource-id><![CDATA[sid-35E10FB4-6AB6-4963-9197-965F7A155F42]]></modeler:editor-resource-id>
      </extensionElements>
    </sequenceFlow>
    <userTask id="sid-405B53C7-FA8A-4F2F-ADDF-3E9A4436B9FB" name="Review Leave" activiti:candidateUsers="${assigneeUserList}" activiti:formKey="13015">
      <extensionElements>
        <modeler:allow-send-email><![CDATA[true]]></modeler:allow-send-email>
        <modeler:form-reference-id><![CDATA[13015]]></modeler:form-reference-id>
        <modeler:form-reference-name><![CDATA[Review Form]]></modeler:form-reference-name>
        <modeler:initiator-can-complete><![CDATA[false]]></modeler:initiator-can-complete>
        <modeler:editor-resource-id><![CDATA[sid-405B53C7-FA8A-4F2F-ADDF-3E9A4436B9FB]]></modeler:editor-resource-id>
      </extensionElements>
    </userTask>
    <sequenceFlow id="sid-987F353C-6B91-4C73-AFCC-6698B3FF36F1" sourceRef="sid-2C9A35FC-D05E-46C6-8736-C0A2C18A632A" targetRef="sid-405B53C7-FA8A-4F2F-ADDF-3E9A4436B9FB">
      <extensionElements>
        <modeler:editor-resource-id><![CDATA[sid-987F353C-6B91-4C73-AFCC-6698B3FF36F1]]></modeler:editor-resource-id>
      </extensionElements>
    </sequenceFlow>
    <endEvent id="sid-0E4B3F36-1213-42CE-A422-D2E829381E3D" name="End">
      <extensionElements>
        <modeler:editor-resource-id><![CDATA[sid-0E4B3F36-1213-42CE-A422-D2E829381E3D]]></modeler:editor-resource-id>
      </extensionElements>
    </endEvent>
    <sequenceFlow id="sid-2011F012-C144-40AB-A09F-BBB91BF7079C" sourceRef="sid-405B53C7-FA8A-4F2F-ADDF-3E9A4436B9FB" targetRef="sid-0E4B3F36-1213-42CE-A422-D2E829381E3D">
      <extensionElements>
        <modeler:editor-resource-id><![CDATA[sid-2011F012-C144-40AB-A09F-BBB91BF7079C]]></modeler:editor-resource-id>
      </extensionElements>
    </sequenceFlow>
    <scriptTask id="sid-2C9A35FC-D05E-46C6-8736-C0A2C18A632A" name="Prepare Group" scriptFormat="groovy" activiti:autoStoreVariables="false">
      <extensionElements>
        <modeler:editor-resource-id><![CDATA[sid-2C9A35FC-D05E-46C6-8736-C0A2C18A632A]]></modeler:editor-resource-id>
      </extensionElements>
      <script><![CDATA[ import com.activiti.domain.idm.User;
 import com.activiti.domain.idm.Group;
 import com.activiti.security.SecurityUtils;
 import com.activiti.service.idm.GroupServiceImpl;

 ArrayList userIdList = new ArrayList();
 User currentUser = SecurityUtils.getCurrentUserObject();
 Long tenantId = currentUser.getTenantId();
 
 List<Group> groups = groupServiceImpl.getGroupByNameAndTenantId('hr-group', tenantId);  //group name is temp hardcoded
 Group group = groupServiceImpl.getFunctionalGroup(groups[0].getId()); 

 for (User groupUser : group.getUsers()) {
     if(!currentUser.getId().equals(groupUser.getId())){
        userIdList.add(String.valueOf(groupUser.getId()));
     }
 }

 execution.setVariable('assigneeUserList', userIdList);]]></script>
    </scriptTask>
  </process>
  <bpmndi:BPMNDiagram id="BPMNDiagram_DutySegregationProcess">
    <bpmndi:BPMNPlane bpmnElement="DutySegregationProcess" id="BPMNPlane_DutySegregationProcess">
      <bpmndi:BPMNShape bpmnElement="startEvent1" id="BPMNShape_startEvent1">
        <omgdc:Bounds height="30.0" width="30.0" x="210.0" y="150.0"/>
      </bpmndi:BPMNShape>
      <bpmndi:BPMNShape bpmnElement="sid-405B53C7-FA8A-4F2F-ADDF-3E9A4436B9FB" id="BPMNShape_sid-405B53C7-FA8A-4F2F-ADDF-3E9A4436B9FB">
        <omgdc:Bounds height="80.0" width="100.0" x="480.0" y="125.0"/>
      </bpmndi:BPMNShape>
      <bpmndi:BPMNShape bpmnElement="sid-0E4B3F36-1213-42CE-A422-D2E829381E3D" id="BPMNShape_sid-0E4B3F36-1213-42CE-A422-D2E829381E3D">
        <omgdc:Bounds height="28.0" width="28.0" x="690.0" y="151.0"/>
      </bpmndi:BPMNShape>
      <bpmndi:BPMNShape bpmnElement="sid-2C9A35FC-D05E-46C6-8736-C0A2C18A632A" id="BPMNShape_sid-2C9A35FC-D05E-46C6-8736-C0A2C18A632A">
        <omgdc:Bounds height="80.0" width="100.0" x="315.0" y="125.0"/>
      </bpmndi:BPMNShape>
      <bpmndi:BPMNEdge bpmnElement="sid-35E10FB4-6AB6-4963-9197-965F7A155F42" id="BPMNEdge_sid-35E10FB4-6AB6-4963-9197-965F7A155F42">
        <omgdi:waypoint x="240.0" y="165.0"/>
        <omgdi:waypoint x="315.0" y="165.0"/>
      </bpmndi:BPMNEdge>
      <bpmndi:BPMNEdge bpmnElement="sid-987F353C-6B91-4C73-AFCC-6698B3FF36F1" id="BPMNEdge_sid-987F353C-6B91-4C73-AFCC-6698B3FF36F1">
        <omgdi:waypoint x="415.0" y="165.0"/>
        <omgdi:waypoint x="480.0" y="165.0"/>
      </bpmndi:BPMNEdge>
      <bpmndi:BPMNEdge bpmnElement="sid-2011F012-C144-40AB-A09F-BBB91BF7079C" id="BPMNEdge_sid-2011F012-C144-40AB-A09F-BBB91BF7079C">
        <omgdi:waypoint x="580.0" y="165.0"/>
        <omgdi:waypoint x="690.0" y="165.0"/>
      </bpmndi:BPMNEdge>
    </bpmndi:BPMNPlane>
  </bpmndi:BPMNDiagram>
</definitions>