{"resourceId":13013,"properties":{"process_id":"DutySegregationProcess","name":"Duty Segregation Process","documentation":"","process_author":"","process_version":"","process_namespace":"http://www.activiti.org/processdef","executionlisteners":"","eventlisteners":"","signaldefinitions":"","messagedefinitions":"","executionvariables":"","metadata":""},"stencil":{"id":"BPMNDiagram"},"childShapes":[{"resourceId":"startEvent1","properties":{"overrideid":"","name":"Start","documentation":"","executionlisteners":"","initiator":"","formkeydefinition":"","formreference":{"id":13014,"name":"Leave Application Form","referenceId":13013},"fieldstovariables":"","formproperties":""},"stencil":{"id":"StartNoneEvent"},"childShapes":[],"outgoing":[{"resourceId":"sid-35E10FB4-6AB6-4963-9197-965F7A155F42"}],"bounds":{"lowerRight":{"x":240,"y":180},"upperLeft":{"x":210,"y":150}},"dockers":[]},{"resourceId":"sid-35E10FB4-6AB6-4963-9197-965F7A155F42","properties":{"overrideid":"","name":"","documentation":"","conditionsequenceflow":"","executionlisteners":"","defaultflow":"false","showdiamondmarker":false},"stencil":{"id":"SequenceFlow"},"childShapes":[],"outgoing":[{"resourceId":"sid-2C9A35FC-D05E-46C6-8736-C0A2C18A632A"}],"bounds":{"lowerRight":{"x":314.78125,"y":165},"upperLeft":{"x":240.21875,"y":165}},"dockers":[{"x":15,"y":15},{"x":50,"y":40}],"target":{"resourceId":"sid-2C9A35FC-D05E-46C6-8736-C0A2C18A632A"}},{"resourceId":"sid-405B53C7-FA8A-4F2F-ADDF-3E9A4436B9FB","properties":{"overrideid":"","name":"Review Leave","documentation":"","asynchronousdefinition":"false","exclusivedefinition":"false","executionlisteners":"","multiinstance_type":"None","multiinstance_cardinality":"","multiinstance_collection":"","multiinstance_variable":"","multiinstance_condition":"","isforcompensation":"false","usertasksendemail":true,"usertaskassignment":{"assignment":{"type":"static","candidateUsers":[{"value":"${assigneeUserList}","$$hashKey":"object:1814"}]}},"formkeydefinition":"","formreference":{"id":13015,"name":"Review Form","referenceId":13013},"fieldstovariables":"","duedatedefinition":"","prioritydefinition":"","categorydefinition":"","formproperties":"","tasklisteners":"","emailtemplate":""},"stencil":{"id":"UserTask"},"childShapes":[],"outgoing":[{"resourceId":"sid-2011F012-C144-40AB-A09F-BBB91BF7079C"}],"bounds":{"lowerRight":{"x":580,"y":205},"upperLeft":{"x":480,"y":125}},"dockers":[]},{"resourceId":"sid-987F353C-6B91-4C73-AFCC-6698B3FF36F1","properties":{"overrideid":"","name":"","documentation":"","conditionsequenceflow":"","executionlisteners":"","defaultflow":"false"},"stencil":{"id":"SequenceFlow"},"childShapes":[],"outgoing":[{"resourceId":"sid-405B53C7-FA8A-4F2F-ADDF-3E9A4436B9FB"}],"bounds":{"lowerRight":{"x":479.37109375,"y":165},"upperLeft":{"x":415.62890625,"y":165}},"dockers":[{"x":50,"y":40},{"x":50,"y":40}],"target":{"resourceId":"sid-405B53C7-FA8A-4F2F-ADDF-3E9A4436B9FB"}},{"resourceId":"sid-0E4B3F36-1213-42CE-A422-D2E829381E3D","properties":{"overrideid":"","name":"End","documentation":"","executionlisteners":""},"stencil":{"id":"EndNoneEvent"},"childShapes":[],"outgoing":[],"bounds":{"lowerRight":{"x":718,"y":179},"upperLeft":{"x":690,"y":151}},"dockers":[]},{"resourceId":"sid-2011F012-C144-40AB-A09F-BBB91BF7079C","properties":{"overrideid":"","name":"","documentation":"","conditionsequenceflow":"","executionlisteners":"","defaultflow":"false"},"stencil":{"id":"SequenceFlow"},"childShapes":[],"outgoing":[{"resourceId":"sid-0E4B3F36-1213-42CE-A422-D2E829381E3D"}],"bounds":{"lowerRight":{"x":689.40625,"y":165},"upperLeft":{"x":580.6171875,"y":165}},"dockers":[{"x":50,"y":40},{"x":14,"y":14}],"target":{"resourceId":"sid-0E4B3F36-1213-42CE-A422-D2E829381E3D"}},{"resourceId":"sid-2C9A35FC-D05E-46C6-8736-C0A2C18A632A","properties":{"scriptformat":"groovy","scripttext":" import com.activiti.domain.idm.User;\n import com.activiti.domain.idm.Group;\n import com.activiti.security.SecurityUtils;\n import com.activiti.service.idm.GroupServiceImpl;\n\n ArrayList userIdList = new ArrayList();\n User currentUser = SecurityUtils.getCurrentUserObject();\n Long tenantId = currentUser.getTenantId();\n \n List<Group> groups = groupServiceImpl.getGroupByNameAndTenantId('hr-group', tenantId);  //group name is temp hardcoded\n Group group = groupServiceImpl.getFunctionalGroup(groups[0].getId()); \n\n for (User groupUser : group.getUsers()) {\n     if(!currentUser.getId().equals(groupUser.getId())){\n        userIdList.add(String.valueOf(groupUser.getId()));\n     }\n }\n\n execution.setVariable('assigneeUserList', userIdList);","executionvariables":"","overrideid":"","name":"Prepare Group","documentation":"","asynchronousdefinition":"false","exclusivedefinition":"false","executionlisteners":"","multiinstance_type":"None","multiinstance_cardinality":"","multiinstance_collection":"","multiinstance_variable":"","multiinstance_condition":"","isforcompensation":"false","type":"http://b3mn.org/stencilset/bpmn2.0#UserTask","usertasksendemail":true,"usertaskassignment":"","formkeydefinition":"","formreference":"","fieldstovariables":"","duedatedefinition":"","prioritydefinition":"","categorydefinition":"","formproperties":"","tasklisteners":"","emailtemplate":""},"stencil":{"id":"ScriptTask"},"childShapes":[],"outgoing":[{"resourceId":"sid-987F353C-6B91-4C73-AFCC-6698B3FF36F1"}],"bounds":{"lowerRight":{"x":415,"y":205},"upperLeft":{"x":315,"y":125}},"dockers":[]}],"bounds":{"lowerRight":{"x":1200,"y":1050},"upperLeft":{"x":0,"y":0}},"stencilset":{"url":"stencilsets/bpmn2.0/bpmn2.0.json","namespace":"http://b3mn.org/stencilset/bpmn2.0#"},"ssextensions":[]}