{"resourceId":17028,"properties":{"process_id":"GroupAssignment","name":"Group Assignment","documentation":"","process_author":"","process_version":"","process_namespace":"http://www.activiti.org/processdef","executionlisteners":"","eventlisteners":"","signaldefinitions":"","messagedefinitions":"","executionvariables":"","metadata":""},"stencil":{"id":"BPMNDiagram"},"childShapes":[{"resourceId":"startEvent1","properties":{"overrideid":"","name":"Start","documentation":"","executionlisteners":"","initiator":"","formkeydefinition":"","formreference":{"id":17029,"name":"Leave Application Form","referenceId":17028},"fieldstovariables":"","formproperties":""},"stencil":{"id":"StartNoneEvent"},"childShapes":[],"outgoing":[{"resourceId":"sid-CD12350F-14BC-4D7B-8B7C-A59B6951C78D"}],"bounds":{"lowerRight":{"x":360,"y":385},"upperLeft":{"x":330,"y":355}},"dockers":[]},{"resourceId":"sid-17DD7DF2-5980-4541-84A2-5C2A89E63264","properties":{"overrideid":"","name":"Review Team","documentation":"","asynchronousdefinition":"false","exclusivedefinition":"false","executionlisteners":"","multiinstance_type":"None","multiinstance_cardinality":"","multiinstance_collection":"","multiinstance_variable":"","multiinstance_condition":"","isforcompensation":"false","usertasksendemail":true,"usertaskassignment":{"assignment":{"type":"static","candidateGroups":[{"value":"${assigneeGroupList}","$$hashKey":"object:728"}]}},"formkeydefinition":"","formreference":{"id":17030,"name":"Review Application Form","referenceId":17028},"fieldstovariables":"","duedatedefinition":"","prioritydefinition":"","categorydefinition":"","formproperties":"","tasklisteners":"","emailtemplate":""},"stencil":{"id":"UserTask"},"childShapes":[],"outgoing":[{"resourceId":"sid-C0F31F8D-B3B5-4BE8-A6CE-99EDA4C90CEE"}],"bounds":{"lowerRight":{"x":675,"y":410},"upperLeft":{"x":575,"y":330}},"dockers":[]},{"resourceId":"sid-6BCA6ED0-0E4E-489C-9B26-85984207A756","properties":{"overrideid":"","name":"End","documentation":"","executionlisteners":""},"stencil":{"id":"EndNoneEvent"},"childShapes":[],"outgoing":[],"bounds":{"lowerRight":{"x":743,"y":384},"upperLeft":{"x":715,"y":356}},"dockers":[]},{"resourceId":"sid-C0F31F8D-B3B5-4BE8-A6CE-99EDA4C90CEE","properties":{"overrideid":"","name":"","documentation":"","conditionsequenceflow":"","executionlisteners":"","defaultflow":"false"},"stencil":{"id":"SequenceFlow"},"childShapes":[],"outgoing":[{"resourceId":"sid-6BCA6ED0-0E4E-489C-9B26-85984207A756"}],"bounds":{"lowerRight":{"x":715,"y":370},"upperLeft":{"x":675.5625,"y":370}},"dockers":[{"x":50,"y":40},{"x":14,"y":14}],"target":{"resourceId":"sid-6BCA6ED0-0E4E-489C-9B26-85984207A756"}},{"resourceId":"sid-CD12350F-14BC-4D7B-8B7C-A59B6951C78D","properties":{"overrideid":"","name":"","documentation":"","conditionsequenceflow":"","executionlisteners":"","defaultflow":"false"},"stencil":{"id":"SequenceFlow"},"childShapes":[],"outgoing":[{"resourceId":"sid-FB75D1E1-87DB-4E46-946C-F41EA065BE10"}],"bounds":{"lowerRight":{"x":404.15625,"y":370},"upperLeft":{"x":360.609375,"y":370}},"dockers":[{"x":15,"y":15},{"x":50,"y":40}],"target":{"resourceId":"sid-FB75D1E1-87DB-4E46-946C-F41EA065BE10"}},{"resourceId":"sid-7D2C682F-780C-466A-A8B6-D30E3EC47BD5","properties":{"overrideid":"","name":"","documentation":"","conditionsequenceflow":"","executionlisteners":"","defaultflow":"false"},"stencil":{"id":"SequenceFlow"},"childShapes":[],"outgoing":[{"resourceId":"sid-17DD7DF2-5980-4541-84A2-5C2A89E63264"}],"bounds":{"lowerRight":{"x":574.859375,"y":370},"upperLeft":{"x":505.140625,"y":370}},"dockers":[{"x":50,"y":40},{"x":50,"y":40}],"target":{"resourceId":"sid-17DD7DF2-5980-4541-84A2-5C2A89E63264"}},{"resourceId":"sid-FB75D1E1-87DB-4E46-946C-F41EA065BE10","properties":{"scriptformat":"groovy","scripttext":"import com.activiti.domain.idm.User;\nimport com.activiti.domain.idm.Group;\nimport com.activiti.security.SecurityUtils;\nimport com.activiti.service.idm.GroupServiceImpl;\n\nout.println('Start - Init');\nUser currentUser = SecurityUtils.getCurrentUserObject();\nArrayList idList = new ArrayList(); \nLong tenantId = currentUser.getTenantId();\n\nList<Group> groups = groupServiceImpl.getGroupByNameAndTenantId(reviewerteam_LABEL, tenantId);\n\nfor (Group g : groups) {\nidList.add(String.valueOf(g.getId()));\n}\n\nexecution.setVariable('assigneeGroupList', idList);\n\nout.println('End - Init');","executionvariables":"","overrideid":"","name":"Find Group ID and create list of assignee groups","documentation":"","asynchronousdefinition":"false","exclusivedefinition":"false","executionlisteners":"","multiinstance_type":"None","multiinstance_cardinality":"","multiinstance_collection":"","multiinstance_variable":"","multiinstance_condition":"","isforcompensation":"false","type":"http://b3mn.org/stencilset/bpmn2.0#UserTask","usertasksendemail":true,"usertaskassignment":"","formkeydefinition":"","formreference":"","fieldstovariables":"","duedatedefinition":"","prioritydefinition":"","categorydefinition":"","formproperties":"","tasklisteners":"","emailtemplate":""},"stencil":{"id":"ScriptTask"},"childShapes":[],"outgoing":[{"resourceId":"sid-7D2C682F-780C-466A-A8B6-D30E3EC47BD5"}],"bounds":{"lowerRight":{"x":505,"y":410},"upperLeft":{"x":405,"y":330}},"dockers":[]}],"bounds":{"lowerRight":{"x":1200,"y":1050},"upperLeft":{"x":0,"y":0}},"stencilset":{"url":"stencilsets/bpmn2.0/bpmn2.0.json","namespace":"http://b3mn.org/stencilset/bpmn2.0#"},"ssextensions":[]}