<?xml version='1.0' encoding='UTF-8'?>
<definitions xmlns="http://www.omg.org/spec/BPMN/20100524/MODEL" xmlns:xsi="http://www.w3.org/2001/XMLSchema-instance" xmlns:xsd="http://www.w3.org/2001/XMLSchema" xmlns:activiti="http://activiti.org/bpmn" xmlns:bpmndi="http://www.omg.org/spec/BPMN/20100524/DI" xmlns:omgdc="http://www.omg.org/spec/DD/20100524/DC" xmlns:omgdi="http://www.omg.org/spec/DD/20100524/DI" typeLanguage="http://www.w3.org/2001/XMLSchema" expressionLanguage="http://www.w3.org/1999/XPath" targetNamespace="http://www.activiti.org/processdef" xmlns:modeler="http://activiti.com/modeler" modeler:version="1.0en" modeler:exportDateTime="20190618045413660" modeler:modelId="17028" modeler:modelVersion="35" modeler:modelLastUpdated="1560833597578">
  <process id="GroupAssignment" name="Group Assignment" isExecutable="true">
    <startEvent id="startEvent1" name="Start" activiti:formKey="17029">
      <extensionElements>
        <modeler:form-reference-id><![CDATA[17029]]></modeler:form-reference-id>
        <modeler:form-reference-name><![CDATA[Leave Application Form]]></modeler:form-reference-name>
        <modeler:editor-resource-id><![CDATA[startEvent1]]></modeler:editor-resource-id>
      </extensionElements>
    </startEvent>
    <userTask id="sid-17DD7DF2-5980-4541-84A2-5C2A89E63264" name="Review Team" activiti:candidateGroups="${assigneeGroupList}" activiti:formKey="17030">
      <extensionElements>
        <modeler:allow-send-email><![CDATA[true]]></modeler:allow-send-email>
        <modeler:form-reference-id><![CDATA[17030]]></modeler:form-reference-id>
        <modeler:form-reference-name><![CDATA[Review Application Form]]></modeler:form-reference-name>
        <modeler:initiator-can-complete><![CDATA[false]]></modeler:initiator-can-complete>
        <modeler:editor-resource-id><![CDATA[sid-17DD7DF2-5980-4541-84A2-5C2A89E63264]]></modeler:editor-resource-id>
      </extensionElements>
    </userTask>
    <endEvent id="sid-6BCA6ED0-0E4E-489C-9B26-85984207A756" name="End">
      <extensionElements>
        <modeler:editor-resource-id><![CDATA[sid-6BCA6ED0-0E4E-489C-9B26-85984207A756]]></modeler:editor-resource-id>
      </extensionElements>
    </endEvent>
    <sequenceFlow id="sid-C0F31F8D-B3B5-4BE8-A6CE-99EDA4C90CEE" sourceRef="sid-17DD7DF2-5980-4541-84A2-5C2A89E63264" targetRef="sid-6BCA6ED0-0E4E-489C-9B26-85984207A756">
      <extensionElements>
        <modeler:editor-resource-id><![CDATA[sid-C0F31F8D-B3B5-4BE8-A6CE-99EDA4C90CEE]]></modeler:editor-resource-id>
      </extensionElements>
    </sequenceFlow>
    <sequenceFlow id="sid-CD12350F-14BC-4D7B-8B7C-A59B6951C78D" sourceRef="startEvent1" targetRef="sid-FB75D1E1-87DB-4E46-946C-F41EA065BE10">
      <extensionElements>
        <modeler:editor-resource-id><![CDATA[sid-CD12350F-14BC-4D7B-8B7C-A59B6951C78D]]></modeler:editor-resource-id>
      </extensionElements>
    </sequenceFlow>
    <sequenceFlow id="sid-7D2C682F-780C-466A-A8B6-D30E3EC47BD5" sourceRef="sid-FB75D1E1-87DB-4E46-946C-F41EA065BE10" targetRef="sid-17DD7DF2-5980-4541-84A2-5C2A89E63264">
      <extensionElements>
        <modeler:editor-resource-id><![CDATA[sid-7D2C682F-780C-466A-A8B6-D30E3EC47BD5]]></modeler:editor-resource-id>
      </extensionElements>
    </sequenceFlow>
    <scriptTask id="sid-FB75D1E1-87DB-4E46-946C-F41EA065BE10" name="Find Group ID and create list of assignee groups" scriptFormat="groovy" activiti:autoStoreVariables="false">
      <extensionElements>
        <modeler:editor-resource-id><![CDATA[sid-FB75D1E1-87DB-4E46-946C-F41EA065BE10]]></modeler:editor-resource-id>
      </extensionElements>
      <script><![CDATA[import com.activiti.domain.idm.User;
import com.activiti.domain.idm.Group;
import com.activiti.security.SecurityUtils;
import com.activiti.service.idm.GroupServiceImpl;

out.println('Start - Init');
User currentUser = SecurityUtils.getCurrentUserObject();
ArrayList idList = new ArrayList(); 
Long tenantId = currentUser.getTenantId();

List<Group> groups = groupServiceImpl.getGroupByNameAndTenantId(reviewerteam_LABEL, tenantId);

for (Group g : groups) {
idList.add(String.valueOf(g.getId()));
}

execution.setVariable('assigneeGroupList', idList);

out.println('End - Init');]]></script>
    </scriptTask>
  </process>
  <bpmndi:BPMNDiagram id="BPMNDiagram_GroupAssignment">
    <bpmndi:BPMNPlane bpmnElement="GroupAssignment" id="BPMNPlane_GroupAssignment">
      <bpmndi:BPMNShape bpmnElement="startEvent1" id="BPMNShape_startEvent1">
        <omgdc:Bounds height="30.0" width="30.0" x="330.0" y="355.0"/>
      </bpmndi:BPMNShape>
      <bpmndi:BPMNShape bpmnElement="sid-17DD7DF2-5980-4541-84A2-5C2A89E63264" id="BPMNShape_sid-17DD7DF2-5980-4541-84A2-5C2A89E63264">
        <omgdc:Bounds height="80.0" width="100.0" x="575.0" y="330.0"/>
      </bpmndi:BPMNShape>
      <bpmndi:BPMNShape bpmnElement="sid-6BCA6ED0-0E4E-489C-9B26-85984207A756" id="BPMNShape_sid-6BCA6ED0-0E4E-489C-9B26-85984207A756">
        <omgdc:Bounds height="28.0" width="28.0" x="715.0" y="356.0"/>
      </bpmndi:BPMNShape>
      <bpmndi:BPMNShape bpmnElement="sid-FB75D1E1-87DB-4E46-946C-F41EA065BE10" id="BPMNShape_sid-FB75D1E1-87DB-4E46-946C-F41EA065BE10">
        <omgdc:Bounds height="80.0" width="100.0" x="405.0" y="330.0"/>
      </bpmndi:BPMNShape>
      <bpmndi:BPMNEdge bpmnElement="sid-C0F31F8D-B3B5-4BE8-A6CE-99EDA4C90CEE" id="BPMNEdge_sid-C0F31F8D-B3B5-4BE8-A6CE-99EDA4C90CEE">
        <omgdi:waypoint x="675.0" y="370.0"/>
        <omgdi:waypoint x="715.0" y="370.0"/>
      </bpmndi:BPMNEdge>
      <bpmndi:BPMNEdge bpmnElement="sid-CD12350F-14BC-4D7B-8B7C-A59B6951C78D" id="BPMNEdge_sid-CD12350F-14BC-4D7B-8B7C-A59B6951C78D">
        <omgdi:waypoint x="360.0" y="370.0"/>
        <omgdi:waypoint x="405.0" y="370.0"/>
      </bpmndi:BPMNEdge>
      <bpmndi:BPMNEdge bpmnElement="sid-7D2C682F-780C-466A-A8B6-D30E3EC47BD5" id="BPMNEdge_sid-7D2C682F-780C-466A-A8B6-D30E3EC47BD5">
        <omgdi:waypoint x="505.0" y="370.0"/>
        <omgdi:waypoint x="575.0" y="370.0"/>
      </bpmndi:BPMNEdge>
    </bpmndi:BPMNPlane>
  </bpmndi:BPMNDiagram>
</definitions>