{"resourceId":1001,"properties":{"process_id":"SpecialApproval","name":"Special Approval","documentation":"","process_author":"","process_version":"","process_namespace":"http://www.activiti.org/processdef","executionlisteners":"","eventlisteners":"","signaldefinitions":[{"id":"saveFaceSignal","name":"saveFaceSignal","scope":"global","$$hashKey":"uiGrid-001M"}],"messagedefinitions":null,"executionvariables":"[{\"variableName\":\"instanceId\",\"variableType\":\"string\",\"$$hashKey\":\"uiGrid-000N\"}]","metadata":""},"stencil":{"id":"BPMNDiagram"},"childShapes":[{"resourceId":"startEvent1","properties":{"overrideid":"","name":"Start Approval Pipeline","documentation":"","executionlisteners":"","initiator":"","formkeydefinition":"","formreference":"","fieldstovariables":"","formproperties":""},"stencil":{"id":"StartNoneEvent"},"childShapes":[],"outgoing":[{"resourceId":"sid-47D647E3-6BDE-4B72-B382-304924EC94C0"}],"bounds":{"lowerRight":{"x":120,"y":193},"upperLeft":{"x":90,"y":163}},"dockers":[]},{"resourceId":"sid-3336ABA3-AC83-4B34-8303-F52CE7D78037","properties":{"overrideid":"","name":"First Approval - ${instanceId}","documentation":"","asynchronousdefinition":"false","exclusivedefinition":"false","executionlisteners":"","multiinstance_type":"None","multiinstance_cardinality":"","multiinstance_collection":"","multiinstance_variable":"","multiinstance_condition":"","isforcompensation":"false","usertasksendemail":true,"usertaskassignment":"","formkeydefinition":"","formreference":{"id":2002,"name":"First Approval Form","referenceId":1001},"fieldstovariables":"","duedatedefinition":"","prioritydefinition":"","categorydefinition":"","formproperties":"","tasklisteners":"","emailtemplate":""},"stencil":{"id":"UserTask"},"childShapes":[],"outgoing":[{"resourceId":"sid-945E0140-0DE6-4427-8FC1-3655275FDD83"}],"bounds":{"lowerRight":{"x":436,"y":218},"upperLeft":{"x":336,"y":138}},"dockers":[]},{"resourceId":"sid-08E493EE-05D6-4DBC-89F6-FBD19B7272FA","properties":{"overrideid":"","name":"Manager Approval - ${instanceId}","documentation":"","asynchronousdefinition":"false","exclusivedefinition":"false","executionlisteners":"","multiinstance_type":"None","multiinstance_cardinality":"","multiinstance_collection":"","multiinstance_variable":"","multiinstance_condition":"","isforcompensation":"false","usertasksendemail":true,"usertaskassignment":{"assignment":{"type":"idm","idm":{"type":"groups","candidateGroups":[{"id":1001,"name":"manager-group","externalId":null,"status":"active","groups":null,"$$hashKey":"object:621"}]}}},"formkeydefinition":"","formreference":{"id":2003,"name":"Manager Approval Form","referenceId":1001},"fieldstovariables":"","duedatedefinition":"","prioritydefinition":"","categorydefinition":"","formproperties":"","tasklisteners":"","emailtemplate":""},"stencil":{"id":"UserTask"},"childShapes":[],"outgoing":[{"resourceId":"sid-8BB6659A-E07D-4257-BE4B-DE89C87B945C"},{"resourceId":"sid-3144BB6E-5AB4-4788-A2B8-4287B15150AB"}],"bounds":{"lowerRight":{"x":715,"y":218},"upperLeft":{"x":615,"y":138}},"dockers":[]},{"resourceId":"sid-022AAA61-A8BA-4AB7-8ADF-2F54ACBA955D","properties":{"overrideid":"","name":"Request Approved","documentation":"","executionlisteners":""},"stencil":{"id":"EndNoneEvent"},"childShapes":[],"outgoing":[],"bounds":{"lowerRight":{"x":898,"y":192},"upperLeft":{"x":870,"y":164}},"dockers":[]},{"resourceId":"sid-CD4F9EBC-17E8-4ED8-9B17-5B123615F1AD","properties":{"scriptformat":"groovy","scripttext":"execution.setVariable('instanceId', 'CASE-' + execution.getProcessInstanceId())","executionvariables":"","overrideid":"","name":"Init","documentation":"","asynchronousdefinition":"false","exclusivedefinition":"false","executionlisteners":"","multiinstance_type":"None","multiinstance_cardinality":"","multiinstance_collection":"","multiinstance_variable":"","multiinstance_condition":"","isforcompensation":"false"},"stencil":{"id":"ScriptTask"},"childShapes":[],"outgoing":[{"resourceId":"sid-BB46949C-473F-4996-9A66-217659EC7A13"}],"bounds":{"lowerRight":{"x":280,"y":218},"upperLeft":{"x":180,"y":138}},"dockers":[]},{"resourceId":"sid-47D647E3-6BDE-4B72-B382-304924EC94C0","properties":{"overrideid":"","name":"","documentation":"","conditionsequenceflow":"","executionlisteners":"","defaultflow":"false","showdiamondmarker":false},"stencil":{"id":"SequenceFlow"},"childShapes":[],"outgoing":[{"resourceId":"sid-CD4F9EBC-17E8-4ED8-9B17-5B123615F1AD"}],"bounds":{"lowerRight":{"x":180,"y":178},"upperLeft":{"x":120.25,"y":178}},"dockers":[{"x":15,"y":15},{"x":1,"y":40}],"target":{"resourceId":"sid-CD4F9EBC-17E8-4ED8-9B17-5B123615F1AD"}},{"resourceId":"sid-BB46949C-473F-4996-9A66-217659EC7A13","properties":{"overrideid":"","name":"","documentation":"","conditionsequenceflow":"","executionlisteners":"","defaultflow":"false"},"stencil":{"id":"SequenceFlow"},"childShapes":[],"outgoing":[{"resourceId":"sid-3336ABA3-AC83-4B34-8303-F52CE7D78037"}],"bounds":{"lowerRight":{"x":335.03125,"y":178},"upperLeft":{"x":280.96875,"y":178}},"dockers":[{"x":50,"y":40},{"x":50,"y":40}],"target":{"resourceId":"sid-3336ABA3-AC83-4B34-8303-F52CE7D78037"}},{"resourceId":"sid-AA46E15E-9D4D-4AC8-B9E7-E38519462578","properties":{"overrideid":"","name":"","documentation":"","asynchronousdefinition":"false","exclusivedefinition":"false","sequencefloworder":""},"stencil":{"id":"ExclusiveGateway"},"childShapes":[],"outgoing":[{"resourceId":"sid-353C778C-A7F3-4FBD-9220-6C030F0CDFCB"},{"resourceId":"sid-77BD2993-258A-425C-9969-0B605ACDD470"}],"bounds":{"lowerRight":{"x":521,"y":198},"upperLeft":{"x":481,"y":158}},"dockers":[]},{"resourceId":"sid-945E0140-0DE6-4427-8FC1-3655275FDD83","properties":{"overrideid":"","name":"","documentation":"","conditionsequenceflow":"","executionlisteners":"","defaultflow":"false"},"stencil":{"id":"SequenceFlow"},"childShapes":[],"outgoing":[{"resourceId":"sid-AA46E15E-9D4D-4AC8-B9E7-E38519462578"}],"bounds":{"lowerRight":{"x":480.64844687000755,"y":178.4097335362338},"upperLeft":{"x":436.62889687999245,"y":178.2191727137662}},"dockers":[{"x":50,"y":40},{"x":20.5,"y":20.5}],"target":{"resourceId":"sid-AA46E15E-9D4D-4AC8-B9E7-E38519462578"}},{"resourceId":"sid-36EF8EEC-65E7-4852-BE93-EB0DCD358E56","properties":{"overrideid":"","name":"","documentation":"","asynchronousdefinition":"false","exclusivedefinition":"false","sequencefloworder":""},"stencil":{"id":"ExclusiveGateway"},"childShapes":[],"outgoing":[{"resourceId":"sid-4CC98A93-02E6-4519-87AA-37A6D20D936D"},{"resourceId":"sid-8A6B200C-B66F-4E0A-B101-9AA0B9E7F18A"}],"bounds":{"lowerRight":{"x":800,"y":198},"upperLeft":{"x":760,"y":158}},"dockers":[]},{"resourceId":"sid-8BB6659A-E07D-4257-BE4B-DE89C87B945C","properties":{"overrideid":"","name":"","documentation":"","conditionsequenceflow":"","executionlisteners":"","defaultflow":"false"},"stencil":{"id":"SequenceFlow"},"childShapes":[],"outgoing":[{"resourceId":"sid-36EF8EEC-65E7-4852-BE93-EB0DCD358E56"}],"bounds":{"lowerRight":{"x":759.6484468700075,"y":178.4097335362338},"upperLeft":{"x":715.6288968799925,"y":178.2191727137662}},"dockers":[{"x":50,"y":40},{"x":20.5,"y":20.5}],"target":{"resourceId":"sid-36EF8EEC-65E7-4852-BE93-EB0DCD358E56"}},{"resourceId":"sid-95CE42B6-AD1A-4DD3-AE84-6588BB0A85A7","properties":{"overrideid":"","name":"First Approval Declined","documentation":"","executionlisteners":""},"stencil":{"id":"EndNoneEvent"},"childShapes":[],"outgoing":[],"bounds":{"lowerRight":{"x":515,"y":313},"upperLeft":{"x":487,"y":285}},"dockers":[]},{"resourceId":"sid-2FBA7FDF-C243-40B5-B807-52F8F57D0E59","properties":{"overrideid":"","name":"Manager Declined","documentation":"","executionlisteners":""},"stencil":{"id":"EndNoneEvent"},"childShapes":[],"outgoing":[],"bounds":{"lowerRight":{"x":794,"y":313},"upperLeft":{"x":766,"y":285}},"dockers":[]},{"resourceId":"sid-216A29D9-4985-4A1E-9008-B0B5365FE229","properties":{"overrideid":"","name":"","documentation":"","conditionsequenceflow":"","executionlisteners":"","defaultflow":"false"},"stencil":{"id":"SequenceFlow"},"childShapes":[],"outgoing":[{"resourceId":"sid-3336ABA3-AC83-4B34-8303-F52CE7D78037"}],"bounds":{"lowerRight":{"x":669.3087807378255,"y":357},"upperLeft":{"x":386,"y":218.15625}},"dockers":[{"x":15.081977597431983,"y":15.300852612617971},{"x":669.1630640217486,"y":357},{"x":386,"y":357},{"x":50,"y":40}],"target":{"resourceId":"sid-3336ABA3-AC83-4B34-8303-F52CE7D78037"}},{"resourceId":"sid-353C778C-A7F3-4FBD-9220-6C030F0CDFCB","properties":{"overrideid":"","name":"Approved","documentation":"","conditionsequenceflow":{"expression":{"type":"variables","outcomeFormId":2002,"outcomeFormName":"First Approval Form","operator":"==","rightOutcomeFormId":2002,"rightOutcomeFormName":"First Approval Form","rightOutcomeName":"Approve"}},"executionlisteners":"","defaultflow":"false"},"stencil":{"id":"SequenceFlow"},"childShapes":[],"outgoing":[{"resourceId":"sid-08E493EE-05D6-4DBC-89F6-FBD19B7272FA"}],"bounds":{"lowerRight":{"x":614.1835984259671,"y":178.43834816032407},"upperLeft":{"x":521.6601515740329,"y":178.15540183967593}},"dockers":[{"x":20.5,"y":20.5},{"x":50,"y":40}],"target":{"resourceId":"sid-08E493EE-05D6-4DBC-89F6-FBD19B7272FA"}},{"resourceId":"sid-77BD2993-258A-425C-9969-0B605ACDD470","properties":{"overrideid":"","name":"Rejected","documentation":"","conditionsequenceflow":{"expression":{"type":"variables","outcomeFormId":2002,"outcomeFormName":"First Approval Form","operator":"==","rightOutcomeFormId":2002,"rightOutcomeFormName":"First Approval Form","rightOutcomeName":"Reject"}},"executionlisteners":"","defaultflow":"false"},"stencil":{"id":"SequenceFlow"},"childShapes":[],"outgoing":[{"resourceId":"sid-95CE42B6-AD1A-4DD3-AE84-6588BB0A85A7"}],"bounds":{"lowerRight":{"x":501.4177256581268,"y":284.8203211085561},"upperLeft":{"x":501.0588368418732,"y":198.32811639144396}},"dockers":[{"x":20.5,"y":20.5},{"x":14,"y":14}],"target":{"resourceId":"sid-95CE42B6-AD1A-4DD3-AE84-6588BB0A85A7"}},{"resourceId":"sid-4CC98A93-02E6-4519-87AA-37A6D20D936D","properties":{"overrideid":"","name":"Approved","documentation":"","conditionsequenceflow":{"expression":{"type":"variables","outcomeFormId":2003,"outcomeFormName":"Manager Approval Form","operator":"==","rightOutcomeFormId":2003,"rightOutcomeFormName":"Manager Approval Form","rightOutcomeName":"Manager Approve"}},"executionlisteners":"","defaultflow":"false"},"stencil":{"id":"SequenceFlow"},"childShapes":[],"outgoing":[{"resourceId":"sid-022AAA61-A8BA-4AB7-8ADF-2F54ACBA955D"}],"bounds":{"lowerRight":{"x":869.2539179186795,"y":178.40141913849604},"upperLeft":{"x":800.9062383313205,"y":178.07123711150396}},"dockers":[{"x":20.5,"y":20.5},{"x":14,"y":14}],"target":{"resourceId":"sid-022AAA61-A8BA-4AB7-8ADF-2F54ACBA955D"}},{"resourceId":"sid-8A6B200C-B66F-4E0A-B101-9AA0B9E7F18A","properties":{"overrideid":"","name":"Rejected","documentation":"","conditionsequenceflow":{"expression":{"type":"variables","outcomeFormId":2003,"outcomeFormName":"Manager Approval Form","operator":"==","rightOutcomeFormId":2003,"rightOutcomeFormName":"Manager Approval Form","rightOutcomeName":"Manager Reject"}},"executionlisteners":"","defaultflow":"false"},"stencil":{"id":"SequenceFlow"},"childShapes":[],"outgoing":[{"resourceId":"sid-2FBA7FDF-C243-40B5-B807-52F8F57D0E59"}],"bounds":{"lowerRight":{"x":780.4177256581268,"y":284.8203211085561},"upperLeft":{"x":780.0588368418732,"y":198.32811639144396}},"dockers":[{"x":20.5,"y":20.5},{"x":14,"y":14}],"target":{"resourceId":"sid-2FBA7FDF-C243-40B5-B807-52F8F57D0E59"}},{"resourceId":"sid-3144BB6E-5AB4-4788-A2B8-4287B15150AB","properties":{"overrideid":"","name":"Save Face Trigger","documentation":"","signalref":"saveFaceSignal","cancelactivity":true,"messageref":"saveFaceMessage","type":"http://b3mn.org/stencilset/bpmn2.0#BoundarySignalEvent"},"stencil":{"id":"BoundarySignalEvent"},"childShapes":[],"outgoing":[{"resourceId":"sid-216A29D9-4985-4A1E-9008-B0B5365FE229"}],"bounds":{"lowerRight":{"x":684.2445960326229,"y":233.88481131807282},"upperLeft":{"x":654.2445960326229,"y":203.88481131807282}},"dockers":[{"x":54,"y":79}]}],"bounds":{"lowerRight":{"x":1200,"y":1050},"upperLeft":{"x":0,"y":0}},"stencilset":{"url":"stencilsets/bpmn2.0/bpmn2.0.json","namespace":"http://b3mn.org/stencilset/bpmn2.0#"},"ssextensions":[]}