{"resourceId":51,"properties":{"process_id":"FirstProcess","name":"First Process","documentation":"","process_author":"","process_version":"","process_namespace":"http://www.activiti.org/processdef","executionlisteners":"","eventlisteners":"","signaldefinitions":"","messagedefinitions":"","executionvariables":"[{\"variableName\":\"myfolder\",\"variableType\":\"string\",\"$$hashKey\":\"uiGrid-000D\"},{\"variableName\":\"mywords\",\"variableType\":\"string\",\"$$hashKey\":\"uiGrid-000F\"}]","metadata":""},"stencil":{"id":"BPMNDiagram"},"childShapes":[{"resourceId":"startEvent1","properties":{"overrideid":"","name":"Start","documentation":"","executionlisteners":"","initiator":"","formkeydefinition":"","formreference":{"id":54,"name":"Start Form","referenceId":51},"fieldstovariables":"","formproperties":""},"stencil":{"id":"StartNoneEvent"},"childShapes":[],"outgoing":[{"resourceId":"sid-F92DE77C-81E4-4192-96F5-195EEE281ECD"}],"bounds":{"lowerRight":{"x":120,"y":180},"upperLeft":{"x":90,"y":150}},"dockers":[]},{"resourceId":"sid-F92DE77C-81E4-4192-96F5-195EEE281ECD","properties":{"overrideid":"","name":"","documentation":"","conditionsequenceflow":"","executionlisteners":"","defaultflow":"false"},"stencil":{"id":"SequenceFlow"},"childShapes":[],"outgoing":[{"resourceId":"sid-F9EA0578-75C5-4AD7-A437-02A19B0F0AD3"}],"bounds":{"lowerRight":{"x":209.3515625,"y":165},"upperLeft":{"x":120.53125,"y":165}},"dockers":[{"x":15,"y":15},{"x":50,"y":40}],"target":{"resourceId":"sid-F9EA0578-75C5-4AD7-A437-02A19B0F0AD3"}},{"resourceId":"sid-66565D08-9157-4225-A495-FA0E79EB5C38","properties":{"overrideid":"","name":"End","documentation":"","executionlisteners":""},"stencil":{"id":"EndNoneEvent"},"childShapes":[],"outgoing":[],"bounds":{"lowerRight":{"x":598,"y":179},"upperLeft":{"x":570,"y":151}},"dockers":[]},{"resourceId":"sid-F9EA0578-75C5-4AD7-A437-02A19B0F0AD3","properties":{"scriptformat":"groovy","scripttext":"import org.apache.http.client.methods.HttpGet;\nimport org.apache.http.client.methods.HttpPost;\nimport org.apache.http.impl.client.DefaultHttpClient;\nimport org.apache.http.HttpResponse;\n\nimport com.activiti.service.api.UserService;\nimport com.activiti.domain.idm.User;\nimport com.activiti.domain.runtime.RelatedContent;\nimport com.activiti.service.runtime.RelatedContentStreamProvider;\nimport com.activiti.service.runtime.RelatedContentService;\n\nimport java.io.InputStream;\nimport java.io.OutputStream;\n\nimport org.apache.commons.io.IOUtils;\nimport java.nio.charset.StandardCharsets;\n\npid = execution.getProcessInstanceId();\nexecution.setVariable('processID',pid);\n\nmimeType = \"application/pdf\";\nfileName = \"myfile.pdf\";\naps_docVariableName = \"docContents\";\nUser demouser = userService.findActiveUserByEmail(\"demo@example.com\");\n\ndocid = \"a0e2c807-0701-40d1-b1e3-72e3f7157706\"\napiGetFile = \"http://54.88.3.85/alfresco/api/-default-/public/alfresco/versions/1/nodes/\" + docid + \"/content?attachment=true\"\n\nHttpGet reqGet = new HttpGet(apiGetFile);\nreqGet.setHeader(\"Authorization\", \"Basic ZGVtbzpkZW1v\"); \nDefaultHttpClient clientGet = new DefaultHttpClient();\nHttpResponse responseGet = clientGet.execute(reqGet);\n\nInputStream inputStreamGet = responseGet.getEntity().getContent();\n\nRelatedContent newRelatedContentObject = relatedContentService.createRelatedContent(\n\t\tdemouser, fileName, null, null,\n\t\tnull, pid, aps_docVariableName, mimeType, inputStreamGet, 0L);\n\n// out.println(\"ACV Response from Get: \" + responseGet);\n// inputStreamGet.close();\n// relid = Long.toString(newRelatedContentObject.getId());\n// out.println(\"newid: \" + relid);","executionvariables":"","overrideid":"","name":"Get Content from  \nRepo","documentation":"","asynchronousdefinition":"false","exclusivedefinition":"false","executionlisteners":"","multiinstance_type":"None","multiinstance_cardinality":"","multiinstance_collection":"","multiinstance_variable":"","multiinstance_condition":"","isforcompensation":"false","type":"http://b3mn.org/stencilset/bpmn2.0#UserTask","usertasksendemail":true,"usertaskassignment":"","formkeydefinition":"","formreference":"","fieldstovariables":"","duedatedefinition":"","prioritydefinition":"","categorydefinition":"","formproperties":"","tasklisteners":"","emailtemplate":""},"stencil":{"id":"ScriptTask"},"childShapes":[],"outgoing":[{"resourceId":"sid-101945AF-11E1-4EE6-9CF7-31282C3B7EF5"}],"bounds":{"lowerRight":{"x":310,"y":205},"upperLeft":{"x":210,"y":125}},"dockers":[]},{"resourceId":"sid-837FF1EC-26C4-4527-81A4-8139D4975231","properties":{"overrideid":"","name":"Display Content","documentation":"","asynchronousdefinition":"false","exclusivedefinition":"false","executionlisteners":"","multiinstance_type":"None","multiinstance_cardinality":"","multiinstance_collection":"","multiinstance_variable":"","multiinstance_condition":"","isforcompensation":"false","usertasksendemail":true,"usertaskassignment":"","formkeydefinition":"","formreference":{"id":53,"name":"Display Document","referenceId":51},"fieldstovariables":"","duedatedefinition":"","prioritydefinition":"","categorydefinition":"","formproperties":"","tasklisteners":"","emailtemplate":""},"stencil":{"id":"UserTask"},"childShapes":[],"outgoing":[{"resourceId":"sid-3B69ECA0-668D-4CBB-829C-35D364EE5CF8"}],"bounds":{"lowerRight":{"x":475,"y":205},"upperLeft":{"x":375,"y":125}},"dockers":[]},{"resourceId":"sid-101945AF-11E1-4EE6-9CF7-31282C3B7EF5","properties":{"overrideid":"","name":"","documentation":"","conditionsequenceflow":"","executionlisteners":"","defaultflow":"false"},"stencil":{"id":"SequenceFlow"},"childShapes":[],"outgoing":[{"resourceId":"sid-837FF1EC-26C4-4527-81A4-8139D4975231"}],"bounds":{"lowerRight":{"x":374.37109375,"y":165},"upperLeft":{"x":310.62890625,"y":165}},"dockers":[{"x":50,"y":40},{"x":50,"y":40}],"target":{"resourceId":"sid-837FF1EC-26C4-4527-81A4-8139D4975231"}},{"resourceId":"sid-3B69ECA0-668D-4CBB-829C-35D364EE5CF8","properties":{"overrideid":"","name":"","documentation":"","conditionsequenceflow":"","executionlisteners":"","defaultflow":"false"},"stencil":{"id":"SequenceFlow"},"childShapes":[],"outgoing":[{"resourceId":"sid-66565D08-9157-4225-A495-FA0E79EB5C38"}],"bounds":{"lowerRight":{"x":569.3359375,"y":165},"upperLeft":{"x":475.6875,"y":165}},"dockers":[{"x":50,"y":40},{"x":14,"y":14}],"target":{"resourceId":"sid-66565D08-9157-4225-A495-FA0E79EB5C38"}}],"bounds":{"lowerRight":{"x":1200,"y":1050},"upperLeft":{"x":0,"y":0}},"stencilset":{"url":"stencilsets/bpmn2.0/bpmn2.0.json","namespace":"http://b3mn.org/stencilset/bpmn2.0#"},"ssextensions":[]}