<?xml version='1.0' encoding='UTF-8'?>
<bpmn2:definitions xmlns="http://www.omg.org/spec/BPMN/20100524/MODEL" xmlns:bpmn2="http://www.omg.org/spec/BPMN/20100524/MODEL" xmlns:xsi="http://www.w3.org/2001/XMLSchema-instance" xmlns:xsd="http://www.w3.org/2001/XMLSchema" xmlns:activiti="http://activiti.org/bpmn" xmlns:bpmndi="http://www.omg.org/spec/BPMN/20100524/DI" xmlns:omgdc="http://www.omg.org/spec/DD/20100524/DC" xmlns:omgdi="http://www.omg.org/spec/DD/20100524/DI" typeLanguage="http://www.w3.org/2001/XMLSchema" expressionLanguage="http://www.w3.org/1999/XPath" targetNamespace="http://www.activiti.org/processdef" xmlns:modeler="http://activiti.com/modeler" modeler:version="1.0en" modeler:exportDateTime="20220314092030424" modeler:modelId="51" modeler:modelVersion="17" modeler:modelLastUpdated="1647249584920">
  <bpmn2:process id="FirstProcess" name="First Process" isExecutable="true">
    <extensionElements>
      <modeler:executionvariables xmlns:modeler="http://activiti.com/modeler" modeler:variableName="myfolder" modeler:variableType="string"/>
      <modeler:executionvariables xmlns:modeler="http://activiti.com/modeler" modeler:variableName="mywords" modeler:variableType="string"/>
    </extensionElements>
    <bpmn2:startEvent id="startEvent1" name="Start" activiti:formKey="54">
      <extensionElements>
        <modeler:form-reference-id><![CDATA[54]]></modeler:form-reference-id>
        <modeler:form-reference-name><![CDATA[Start Form]]></modeler:form-reference-name>
        <modeler:editor-resource-id><![CDATA[startEvent1]]></modeler:editor-resource-id>
      </extensionElements>
      <bpmn2:outgoing>sid-F92DE77C-81E4-4192-96F5-195EEE281ECD</bpmn2:outgoing>
    </bpmn2:startEvent>
    <bpmn2:sequenceFlow id="sid-F92DE77C-81E4-4192-96F5-195EEE281ECD" sourceRef="startEvent1" targetRef="sid-F9EA0578-75C5-4AD7-A437-02A19B0F0AD3">
      <extensionElements>
        <modeler:editor-resource-id><![CDATA[sid-F92DE77C-81E4-4192-96F5-195EEE281ECD]]></modeler:editor-resource-id>
      </extensionElements>
    </bpmn2:sequenceFlow>
    <bpmn2:endEvent id="sid-66565D08-9157-4225-A495-FA0E79EB5C38" name="End">
      <extensionElements>
        <modeler:editor-resource-id><![CDATA[sid-66565D08-9157-4225-A495-FA0E79EB5C38]]></modeler:editor-resource-id>
      </extensionElements>
      <bpmn2:incoming>sid-3B69ECA0-668D-4CBB-829C-35D364EE5CF8</bpmn2:incoming>
    </bpmn2:endEvent>
    <bpmn2:scriptTask id="sid-F9EA0578-75C5-4AD7-A437-02A19B0F0AD3" name="Get Content from  &#xa;Repo" activiti:async="true" activiti:exclusive="false" scriptFormat="groovy" activiti:autoStoreVariables="false">
      <extensionElements>
        <activiti:executionListener event="start" class="com.activiti.runtime.activiti.ContentProcessorExecutionListener">
          <activiti:field name="externalContentHandler">
            <activiti:expression><![CDATA[${externalContentHandler}]]></activiti:expression>
          </activiti:field>
        </activiti:executionListener>
        <modeler:editor-resource-id><![CDATA[sid-F9EA0578-75C5-4AD7-A437-02A19B0F0AD3]]></modeler:editor-resource-id>
        <modeler:ignore-listener-on-import><![CDATA[com.activiti.runtime.activiti.ContentProcessorExecutionListener]]></modeler:ignore-listener-on-import>
      </extensionElements>
      <bpmn2:incoming>sid-F92DE77C-81E4-4192-96F5-195EEE281ECD</bpmn2:incoming>
      <bpmn2:outgoing>sid-101945AF-11E1-4EE6-9CF7-31282C3B7EF5</bpmn2:outgoing>
      <script><![CDATA[import org.apache.http.client.methods.HttpGet;
import org.apache.http.client.methods.HttpPost;
import org.apache.http.impl.client.DefaultHttpClient;
import org.apache.http.HttpResponse;

import com.activiti.service.api.UserService;
import com.activiti.domain.idm.User;
import com.activiti.domain.runtime.RelatedContent;
import com.activiti.service.runtime.RelatedContentStreamProvider;
import com.activiti.service.runtime.RelatedContentService;

import java.io.InputStream;
import java.io.OutputStream;

import org.apache.commons.io.IOUtils;
import java.nio.charset.StandardCharsets;

pid = execution.getProcessInstanceId();
execution.setVariable('processID',pid);

mimeType = "application/pdf";
fileName = "myfile.pdf";
aps_docVariableName = "docContents";
User demouser = userService.findActiveUserByEmail("demo@example.com");

docid = "a0e2c807-0701-40d1-b1e3-72e3f7157706"
apiGetFile = "http://54.88.3.85/alfresco/api/-default-/public/alfresco/versions/1/nodes/" + docid + "/content?attachment=true"

HttpGet reqGet = new HttpGet(apiGetFile);
reqGet.setHeader("Authorization", "Basic ZGVtbzpkZW1v"); 
DefaultHttpClient clientGet = new DefaultHttpClient();
HttpResponse responseGet = clientGet.execute(reqGet);

InputStream inputStreamGet = responseGet.getEntity().getContent();

RelatedContent newRelatedContentObject = relatedContentService.createRelatedContent(
		demouser, fileName, null, null,
		null, pid, aps_docVariableName, mimeType, inputStreamGet, 0L);

// out.println("ACV Response from Get: " + responseGet);
// inputStreamGet.close();
// relid = Long.toString(newRelatedContentObject.getId());
// out.println("newid: " + relid);]]></script>
    </bpmn2:scriptTask>
    <bpmn2:userTask id="sid-837FF1EC-26C4-4527-81A4-8139D4975231" name="Display Content" activiti:assignee="$INITIATOR" activiti:formKey="53">
      <extensionElements>
        <modeler:allow-send-email><![CDATA[true]]></modeler:allow-send-email>
        <modeler:form-reference-id><![CDATA[53]]></modeler:form-reference-id>
        <modeler:form-reference-name><![CDATA[Display Document]]></modeler:form-reference-name>
        <modeler:activiti-idm-initiator><![CDATA[true]]></modeler:activiti-idm-initiator>
        <modeler:editor-resource-id><![CDATA[sid-837FF1EC-26C4-4527-81A4-8139D4975231]]></modeler:editor-resource-id>
      </extensionElements>
      <bpmn2:incoming>sid-101945AF-11E1-4EE6-9CF7-31282C3B7EF5</bpmn2:incoming>
      <bpmn2:outgoing>sid-3B69ECA0-668D-4CBB-829C-35D364EE5CF8</bpmn2:outgoing>
    </bpmn2:userTask>
    <bpmn2:sequenceFlow id="sid-101945AF-11E1-4EE6-9CF7-31282C3B7EF5" sourceRef="sid-F9EA0578-75C5-4AD7-A437-02A19B0F0AD3" targetRef="sid-837FF1EC-26C4-4527-81A4-8139D4975231">
      <extensionElements>
        <modeler:editor-resource-id><![CDATA[sid-101945AF-11E1-4EE6-9CF7-31282C3B7EF5]]></modeler:editor-resource-id>
      </extensionElements>
    </bpmn2:sequenceFlow>
    <bpmn2:sequenceFlow id="sid-3B69ECA0-668D-4CBB-829C-35D364EE5CF8" sourceRef="sid-837FF1EC-26C4-4527-81A4-8139D4975231" targetRef="sid-66565D08-9157-4225-A495-FA0E79EB5C38">
      <extensionElements>
        <modeler:editor-resource-id><![CDATA[sid-3B69ECA0-668D-4CBB-829C-35D364EE5CF8]]></modeler:editor-resource-id>
      </extensionElements>
    </bpmn2:sequenceFlow>
  </bpmn2:process>
  <bpmndi:BPMNDiagram id="BPMNDiagram_FirstProcess">
    <bpmndi:BPMNPlane bpmnElement="FirstProcess" id="BPMNPlane_FirstProcess">
      <bpmndi:BPMNShape bpmnElement="startEvent1" id="BPMNShape_startEvent1">
        <omgdc:Bounds height="30.0" width="30.0" x="90.0" y="150.0"/>
      </bpmndi:BPMNShape>
      <bpmndi:BPMNShape bpmnElement="sid-66565D08-9157-4225-A495-FA0E79EB5C38" id="BPMNShape_sid-66565D08-9157-4225-A495-FA0E79EB5C38">
        <omgdc:Bounds height="28.0" width="28.0" x="570.0" y="151.0"/>
      </bpmndi:BPMNShape>
      <bpmndi:BPMNShape bpmnElement="sid-F9EA0578-75C5-4AD7-A437-02A19B0F0AD3" id="BPMNShape_sid-F9EA0578-75C5-4AD7-A437-02A19B0F0AD3">
        <omgdc:Bounds height="80.0" width="100.0" x="210.0" y="125.0"/>
      </bpmndi:BPMNShape>
      <bpmndi:BPMNShape bpmnElement="sid-837FF1EC-26C4-4527-81A4-8139D4975231" id="BPMNShape_sid-837FF1EC-26C4-4527-81A4-8139D4975231">
        <omgdc:Bounds height="80.0" width="100.0" x="375.0" y="125.0"/>
      </bpmndi:BPMNShape>
      <bpmndi:BPMNEdge bpmnElement="sid-101945AF-11E1-4EE6-9CF7-31282C3B7EF5" id="BPMNEdge_sid-101945AF-11E1-4EE6-9CF7-31282C3B7EF5">
        <omgdi:waypoint x="310.0" y="165.0"/>
        <omgdi:waypoint x="375.0" y="165.0"/>
      </bpmndi:BPMNEdge>
      <bpmndi:BPMNEdge bpmnElement="sid-F92DE77C-81E4-4192-96F5-195EEE281ECD" id="BPMNEdge_sid-F92DE77C-81E4-4192-96F5-195EEE281ECD">
        <omgdi:waypoint x="120.0" y="165.0"/>
        <omgdi:waypoint x="210.0" y="165.0"/>
      </bpmndi:BPMNEdge>
      <bpmndi:BPMNEdge bpmnElement="sid-3B69ECA0-668D-4CBB-829C-35D364EE5CF8" id="BPMNEdge_sid-3B69ECA0-668D-4CBB-829C-35D364EE5CF8">
        <omgdi:waypoint x="475.0" y="165.0"/>
        <omgdi:waypoint x="570.0" y="165.0"/>
      </bpmndi:BPMNEdge>
    </bpmndi:BPMNPlane>
  </bpmndi:BPMNDiagram>
</bpmn2:definitions>