{"stepTypes":[{"id":"human-step","name":"PROCESS-BUILDER.HUMAN-STEP.TITLE","icon":"icon icon-user","template":"views/process-builder/human-step-template.html","alwaysExpanded":true,"tabs":[{"id":"details","name":"PROCESS-BUILDER.GENERAL-STEP.TAB.DETAILS","properties":[{"id":"name","name":"PROCESS-BUILDER.GENERAL-STEP.LABELS.NAME","type":"text","placeholder":"PROCESS-BUILDER.GENERAL-STEP.PLACEHOLDERS.NAME"},{"id":"description","name":"PROCESS-BUILDER.GENERAL-STEP.LABELS.DESCRIPTION","type":"multiline text","placeholder":"PROCESS-BUILDER.GENERAL-STEP.PLACEHOLDERS.DESCRIPTION"},{"id":"assignment","name":"PROCESS-BUILDER.HUMAN-STEP.LABELS.ASSIGNEE","type":"assignment","hideLabel":true},{"id":"allowSendEmail","name":"PROCESS-BUILDER.HUMAN-STEP.ALLOW-SEND-EMAIL","type":"boolean"}]},{"id":"form","name":"PROCESS-BUILDER.HUMAN-STEP.TAB.FORM","properties":[{"id":"form","name":"Select form","type":"form","hideLabel":true}]},{"id":"duedate","name":"PROCESS-BUILDER.HUMAN-STEP.TAB.DUEDATE","properties":[{"id":"duedate","name":"Due date","type":"duedate","hideLabel":true}]},{"id":"timer","name":"PROCESS-BUILDER.HUMAN-STEP.TAB.TIMER","properties":[{"id":"timer","name":"Timer","type":"timer","hideLabel":true}]}]},{"id":"email-step","name":"PROCESS-BUILDER.EMAIL-STEP.TITLE","icon":"icon icon-mail","template":"views/process-builder/email-step-template.html","tabs":[{"id":"details","name":"PROCESS-BUILDER.GENERAL-STEP.TAB.DETAILS","properties":[{"id":"name","name":"PROCESS-BUILDER.GENERAL-STEP.LABELS.NAME","type":"text","placeholder":"PROCESS-BUILDER.GENERAL-STEP.PLACEHOLDERS.NAME"},{"id":"description","name":"PROCESS-BUILDER.GENERAL-STEP.LABELS.DESCRIPTION","type":"multiline text","placeholder":"PROCESS-BUILDER.GENERAL-STEP.PLACEHOLDERS.DESCRIPTION"}]},{"id":"email","name":"PROCESS-BUILDER.EMAIL-STEP.TAB.EMAIL","properties":[{"id":"to","name":"To","type":"recipient","hideLabel":true},{"id":"subject","name":"PROCESS-BUILDER.EMAIL-STEP.LABELS.SUBJECT","type":"free-text","placeholder":"PROCESS-BUILDER.EMAIL-STEP.PLACEHOLDERS.SUBJECT"},{"id":"emailText","name":"PROCESS-BUILDER.EMAIL-STEP.LABELS.EMAILTEXT","type":"multiline text","placeholder":"PROCESS-BUILDER.EMAIL-STEP.PLACEHOLDERS.EMAILTEXT"}]}]},{"id":"choice-step","name":"PROCESS-BUILDER.CHOICE-STEP.TITLE","icon":"icon icon-choice","template":"views/process-builder/choice-step-template.html","isContainer":true,"alwaysExpanded":true,"tabs":[{"id":"details","name":"PROCESS-BUILDER.GENERAL-STEP.TAB.DETAILS","properties":[{"id":"name","name":"PROCESS-BUILDER.GENERAL-STEP.LABELS.NAME","type":"text","placeholder":"PROCESS-BUILDER.GENERAL-STEP.PLACEHOLDERS.NAME"},{"id":"description","name":"PROCESS-BUILDER.GENERAL-STEP.LABELS.DESCRIPTION","type":"multiline text","placeholder":"PROCESS-BUILDER.GENERAL-STEP.PLACEHOLDERS.DESCRIPTION"}]},{"id":"choices","name":"PROCESS-BUILDER.CHOICE-STEP.TAB.CHOICES"}]},{"id":"subprocess-step","name":"PROCESS-BUILDER.SUBPROCESS-STEP.TITLE","icon":"glyphicon-inline glyphicon glyphicon-new-window","template":"views/process-builder/subprocess-step-template.html","tabs":[{"id":"details","name":"PROCESS-BUILDER.GENERAL-STEP.TAB.DETAILS","properties":[{"id":"name","name":"PROCESS-BUILDER.GENERAL-STEP.LABELS.NAME","type":"text","placeholder":"PROCESS-BUILDER.GENERAL-STEP.PLACEHOLDERS.NAME"},{"id":"description","name":"PROCESS-BUILDER.GENERAL-STEP.LABELS.DESCRIPTION","type":"multiline text","placeholder":"PROCESS-BUILDER.GENERAL-STEP.PLACEHOLDERS.NAME"},{"id":"subprocess","name":"PROCESS-BUILDER.SUBPROCESS-STEP.LABELS.SELECT-SUBPROCESS","type":"subprocess","hideLabel":true}]}]},{"id":"rest-call-step","name":"PROCESS-BUILDER.REST-CALL-STEP.TITLE","icon":"fa fa-rocket","template":"views/process-builder/rest-call-step-template.html","tabs":[{"id":"details","name":"PROCESS-BUILDER.GENERAL-STEP.TAB.DETAILS","properties":[{"id":"name","name":"PROCESS-BUILDER.GENERAL-STEP.LABELS.NAME","type":"text","placeholder":"PROCESS-BUILDER.GENERAL-STEP.PLACEHOLDERS.NAME"},{"id":"description","name":"PROCESS-BUILDER.GENERAL-STEP.LABELS.DESCRIPTION","type":"multiline text","placeholder":"PROCESS-BUILDER.GENERAL-STEP.PLACEHOLDERS.NAME"}]},{"id":"endpoint","name":"PROCESS-BUILDER.REST-CALL-STEP.TAB.ENDPOINT","properties":[{"id":"endpoint","name":"PROCESS-BUILDER.REST-CALL-STEP.LABELS.ENDPOINT","type":"rest-endpoint","hideLabel":true}]},{"id":"request-message","name":"PROCESS-BUILDER.REST-CALL-STEP.TAB.REQUEST-MESSAGE","properties":[{"id":"request-message","name":"PROCESS-BUILDER.REST-CALL-STEP.LABELS.REQUEST-MESSAGE","type":"rest-request-message","hideLabel":true}]},{"id":"response-message","name":"PROCESS-BUILDER.REST-CALL-STEP.TAB.RESPONSE-MESSAGE","properties":[{"id":"response-message","name":"PROCESS-BUILDER.REST-CALL-STEP.LABELS.RESPONSE-MESSAGE","type":"rest-response-message","hideLabel":true}]}]},{"id":"alfresco-cloud-publish-step","name":"PROCESS-BUILDER.PUBLISH-STEP.TITLE","icon":"icon icon-content","template":"views/process-builder/alfresco-cloud-publish-step-template.html","tabs":[{"id":"details","name":"PROCESS-BUILDER.GENERAL-STEP.TAB.DETAILS","properties":[{"id":"name","name":"PROCESS-BUILDER.GENERAL-STEP.LABELS.NAME","type":"text","placeholder":"PROCESS-BUILDER.GENERAL-STEP.PLACEHOLDERS.NAME"},{"id":"description","name":"PROCESS-BUILDER.GENERAL-STEP.LABELS.DESCRIPTION","type":"multiline text","placeholder":"PROCESS-BUILDER.GENERAL-STEP.PLACEHOLDERS.NAME"}]},{"id":"content","name":"PROCESS-BUILDER.PUBLISH-STEP.TAB.CONTENT","properties":[{"id":"source","name":"PROCESS-BUILDER.PUBLISH-STEP.LABELS.SOURCE","type":"alfresco-cloud-source","hideLabel":true}]},{"id":"destination","name":"PROCESS-BUILDER.PUBLISH-STEP.TAB.DESTINATION","properties":[{"id":"destination","name":"Select form","type":"alfresco-cloud-destination","hideLabel":true}]}]},{"id":"box-cloud-publish-step","name":"PROCESS-BUILDER.BOX-PUBLISH-STEP.TITLE","icon":"fa fa-cloud-upload","template":"views/process-builder/box-cloud-publish-step-template.html","tabs":[{"id":"details","name":"PROCESS-BUILDER.GENERAL-STEP.TAB.DETAILS","properties":[{"id":"name","name":"PROCESS-BUILDER.GENERAL-STEP.LABELS.NAME","type":"text","placeholder":"PROCESS-BUILDER.GENERAL-STEP.PLACEHOLDERS.NAME"},{"id":"description","name":"PROCESS-BUILDER.GENERAL-STEP.LABELS.DESCRIPTION","type":"multiline text","placeholder":"PROCESS-BUILDER.GENERAL-STEP.PLACEHOLDERS.NAME"}]},{"id":"content","name":"PROCESS-BUILDER.PUBLISH-STEP.TAB.CONTENT","properties":[{"id":"source","name":"PROCESS-BUILDER.PUBLISH-STEP.LABELS.SOURCE","type":"box-cloud-source","hideLabel":true}]},{"id":"destination","name":"PROCESS-BUILDER.PUBLISH-STEP.TAB.DESTINATION","properties":[{"id":"destination","name":"Select form","type":"box-cloud-destination","hideLabel":true}]}]},{"id":"google-drive-publish-step","name":"PROCESS-BUILDER.GOOGLE-DRIVE-PUBLISH-STEP.TITLE","icon":"fa fa-cloud-upload","template":"views/process-builder/google-drive-publish-step-template.html","tabs":[{"id":"details","name":"PROCESS-BUILDER.GENERAL-STEP.TAB.DETAILS","properties":[{"id":"name","name":"PROCESS-BUILDER.GENERAL-STEP.LABELS.NAME","type":"text","placeholder":"PROCESS-BUILDER.GENERAL-STEP.PLACEHOLDERS.NAME"},{"id":"description","name":"PROCESS-BUILDER.GENERAL-STEP.LABELS.DESCRIPTION","type":"multiline text","placeholder":"PROCESS-BUILDER.GENERAL-STEP.PLACEHOLDERS.NAME"}]},{"id":"content","name":"PROCESS-BUILDER.PUBLISH-STEP.TAB.CONTENT","properties":[{"id":"source","name":"PROCESS-BUILDER.PUBLISH-STEP.LABELS.SOURCE","type":"google-drive-source","hideLabel":true}]},{"id":"destination","name":"PROCESS-BUILDER.PUBLISH-STEP.TAB.DESTINATION","properties":[{"id":"destination","name":"Select form","type":"google-drive-destination","hideLabel":true}]}]},{"id":"generate-doc-step","name":"PROCESS-BUILDER.GENERATE-DOC-STEP.TITLE","icon":"glyphicon glyphicon-file","template":"views/process-builder/generate-doc-step-template.html","tabs":[{"id":"details","name":"PROCESS-BUILDER.GENERAL-STEP.TAB.DETAILS","properties":[{"id":"name","name":"PROCESS-BUILDER.GENERAL-STEP.LABELS.NAME","type":"text","placeholder":"PROCESS-BUILDER.GENERAL-STEP.PLACEHOLDERS.NAME"},{"id":"description","name":"PROCESS-BUILDER.GENERAL-STEP.LABELS.DESCRIPTION","type":"multiline text","placeholder":"PROCESS-BUILDER.GENERAL-STEP.PLACEHOLDERS.DESCRIPTION"},{"id":"output","name":"PROCESS-BUILDER.GENERATE-DOC-STEP.LABELS.OUTPUT-FORMAT","type":"output-format","hideLabel":true}]},{"id":"template","name":"PROCESS-BUILDER.GENERATE-DOC-STEP.TAB.TEMPLATE","properties":[{"id":"templateSrc","name":"PROCESS-BUILDER.GENERATE-DOC-STEP.LABELS.TEMPLATE-SOURCE","type":"template-source","hideLabel":true}]},{"id":"variable","name":"PROCESS-BUILDER.GENERATE-DOC-STEP.TAB.VARIABLE","properties":[{"id":"variable","name":"PROCESS-BUILDER.GENERATE-DOC-STEP.LABELS.VARIABLE","type":"text","placeholder":"PROCESS-BUILDER.GENERATE-DOC-STEP.PLACEHOLDERS.VARIABLE"}]}]},{"id":"goto-step","name":"PROCESS-BUILDER.GOTO-STEP.TITLE","icon":"fa fa-share","template":"views/process-builder/goto-step-template.html","tabs":[{"id":"details","name":"PROCESS-BUILDER.GENERAL-STEP.TAB.DETAILS","properties":[{"id":"name","name":"PROCESS-BUILDER.GENERAL-STEP.LABELS.NAME","type":"text","placeholder":"PROCESS-BUILDER.GENERAL-STEP.PLACEHOLDERS.NAME"},{"id":"description","name":"PROCESS-BUILDER.GENERAL-STEP.LABELS.DESCRIPTION","type":"multiline text","placeholder":"PROCESS-BUILDER.GENERAL-STEP.PLACEHOLDERS.NAME"},{"id":"goto","name":"Select step","type":"goto","hideLabel":true}]}]},{"id":"end-process-step","name":"PROCESS-BUILDER.END-PROCESS-STEP.TITLE","icon":"glyphicon-inline glyphicon glyphicon-remove-circle","template":"views/process-builder/endprocess-step-template.html","tabs":[{"id":"details","name":"PROCESS-BUILDER.GENERAL-STEP.TAB.DETAILS","properties":[{"id":"name","name":"PROCESS-BUILDER.GENERAL-STEP.LABELS.NAME","type":"text","placeholder":"PROCESS-BUILDER.GENERAL-STEP.PLACEHOLDERS.NAME"},{"id":"description","name":"PROCESS-BUILDER.GENERAL-STEP.LABELS.DESCRIPTION","type":"multiline text","placeholder":"PROCESS-BUILDER.GENERAL-STEP.PLACEHOLDERS.NAME"}]}]},{"id":"decision-step","name":"PROCESS-BUILDER.DECISION-STEP.TITLE","icon":"fa fa-table","template":"views/process-builder/decision-step-template.html","tabs":[{"id":"details","name":"PROCESS-BUILDER.GENERAL-STEP.TAB.DETAILS","properties":[{"id":"name","name":"PROCESS-BUILDER.GENERAL-STEP.LABELS.NAME","type":"text","placeholder":"PROCESS-BUILDER.GENERAL-STEP.PLACEHOLDERS.NAME"},{"id":"description","name":"PROCESS-BUILDER.GENERAL-STEP.LABELS.DESCRIPTION","type":"multiline text","placeholder":"PROCESS-BUILDER.GENERAL-STEP.PLACEHOLDERS.DESCRIPTION"}]},{"id":"decision-table","name":"PROCESS-BUILDER.DECISION-STEP.TAB.DECISION-TABLE","properties":[{"id":"decision-table","name":"Select decision table","type":"decisionTable","hideLabel":true}]}]}],"stencilInfoAttributes":{"name":"RM Stencil","description":null,"stencilType":2,"contentType":"step"}}