{"bounds":{"lowerRight":{"x":1717.0,"y":700.0},"upperLeft":{"x":0.0,"y":0.0}},"resourceId":"canvas","stencil":{"id":"BPMNDiagram"},"stencilset":{"namespace":"http://b3mn.org/stencilset/bpmn2.0#","url":"../editor/stencilsets/bpmn2.0/bpmn2.0.json"},"properties":{"process_id":"fbi_model","name":"FBI Awards Nomination Process","executionlisteners":{"executionListeners":[]},"eventlisteners":{"eventListeners":[]},"signaldefinitions":[],"messagedefinitions":[],"executionvariables":[{"variableName":"sign","variableType":"string"},{"variableName":"loggedinuser","variableType":"string"},{"variableName":"userrole","variableType":"string"},{"variableName":"thedate","variableType":"string"}],"process_namespace":"http://www.activiti.org/processdef"},"childShapes":[{"bounds":{"lowerRight":{"x":45.0,"y":375.0},"upperLeft":{"x":15.0,"y":345.0}},"resourceId":"startEvent1","childShapes":[],"stencil":{"id":"StartNoneEvent"},"properties":{"overrideid":"startEvent1","name":"Supervisor Kickoff","formreference":{"id":4032,"name":"fbi_kickoff"},"fieldstovariables":[{"formField":{"id":"employee","name":"Employee"},"mappedDataModel":4033,"mappedEntity":"employees","mappedColumn":"empfullname","mappedVariableName":"empfullname"}],"executionlisteners":{"executionListeners":[]},"asynchronousdefinition":false,"exclusivedefinition":false},"outgoing":[{"resourceId":"sid-7018B513-5BA6-48D0-B85C-2B9F09EF8269"}]},{"bounds":{"lowerRight":{"x":355.0,"y":395.0},"upperLeft":{"x":255.0,"y":315.0}},"resourceId":"sid-FE97637F-0BA7-49C0-B263-23CB478B6F5E","childShapes":[],"stencil":{"id":"UserTask"},"properties":{"overrideid":"sid-FE97637F-0BA7-49C0-B263-23CB478B6F5E","name":"Component Head Approval","usertasksendemail":true,"usertaskassignment":{"assignment":{"type":"idm","idm":{"assignee":{"id":2003,"externalId":"doug","email":"doug@example.com","firstName":"Doug","lastName":"Williams"},"type":"user"},"initiatorCanCompleteTask":false}},"formreference":{"id":4027,"name":"FBI Approval Form"},"executionlisteners":{"executionListeners":[]},"isforcompensation":false,"asynchronousdefinition":false,"exclusivedefinition":false,"tasklisteners":{"taskListeners":[]}},"outgoing":[{"resourceId":"sid-104764AD-88C2-4065-B48B-F392F82E1240"}]},{"bounds":{"lowerRight":{"x":1667.0,"y":517.240740032135},"upperLeft":{"x":1639.0,"y":489.240740032135}},"resourceId":"sid-FCA78BD3-2B46-4519-B005-69CBB1A48CEA","childShapes":[],"stencil":{"id":"EndNoneEvent"},"properties":{"overrideid":"sid-FCA78BD3-2B46-4519-B005-69CBB1A48CEA","name":"End FBI Award Process","executionlisteners":{"executionListeners":[]},"asynchronousdefinition":false,"exclusivedefinition":false},"outgoing":[]},{"bounds":{"lowerRight":{"x":602.5,"y":539.0},"upperLeft":{"x":502.5,"y":459.0}},"resourceId":"sid-746BC883-C6EC-43FC-A303-524441A9DF3F","childShapes":[],"stencil":{"id":"MailTask"},"properties":{"overrideid":"sid-746BC883-C6EC-43FC-A303-524441A9DF3F","name":"Email Rejection from CH","mailtaskto":{"mailTo":{"type":"initiator"}},"mailtaskfrom":"demo@example.com","mailtasktext":"Your request was rejected","executionlisteners":{"executionListeners":[]},"isforcompensation":false,"asynchronousdefinition":false,"exclusivedefinition":false},"outgoing":[{"resourceId":"sid-4141E0BA-BD10-4295-A481-0D5979D50432"}]},{"bounds":{"lowerRight":{"x":1577.1816451610002,"y":543.3244819676352},"upperLeft":{"x":1476.939451613,"y":463.156998096635}},"resourceId":"sid-5FE7AA60-0967-4CFA-949B-B5FBE7606E01","childShapes":[],"stencil":{"id":"PublishToAlfrescoCloudTask"},"properties":{"overrideid":"sid-5FE7AA60-0967-4CFA-949B-B5FBE7606E01","name":"Publish to ACS","alfresco_cloud_destination":{"account":"alfresco-1-alfresco-1","site":"dbp1","user":"2005","publish_as_type":"user","path":"0a3dbbd7-553d-441e-90c0-6a650ba08ad5","folder":"employeeinfo","path_title":"documentLibrary > Human Resources > Awards","site_title":"Federal Bureau of Investigation","username":"Dennis Greene","publish-task-type":"alfresco","email":"dennis@example.com","externalId":"dennis"},"alfresco_cloud_content":{"source":"process","metaDataColumnDefinitions":[{"fileProperty":"cm:description","propertyType":"string","propertyValueType":"field","formField":{"id":"supcomments","name":"Comments","type":"text"}}],"documentType":"cmis:document","documentAspects":[{"aspectName":"cm:titled"}]},"executionlisteners":{"executionListeners":[]},"isforcompensation":false,"asynchronousdefinition":true,"exclusivedefinition":true},"outgoing":[{"resourceId":"sid-0E4BE56B-14C6-422E-A74F-59F9F41FBA37"}]},{"bounds":{"lowerRight":{"x":955.0,"y":541.5652219997702},"upperLeft":{"x":855.0,"y":461.5652219997701}},"resourceId":"sid-CC3C96C3-070A-49EE-8B6F-63EB534C5506","childShapes":[],"stencil":{"id":"GenerateDocumentTask"},"properties":{"overrideid":"sid-CC3C96C3-070A-49EE-8B6F-63EB534C5506","name":"Generate Awards Form","generatedocumenttaskoutputformat":"word","generatedocumentfilename":"${employee_LABEL}_Awards_Form_${thedate}","executionvariable_document":{"variableName":"award_approval","variableType":"document"},"generatedocumenttemplate":{"id":3009,"name":"FBI_Template.docx"},"executionlisteners":{"executionListeners":[]},"isforcompensation":false,"asynchronousdefinition":true,"exclusivedefinition":true},"outgoing":[{"resourceId":"sid-82E68041-B6ED-43C1-894E-A6B9E3AAB14F"}]},{"bounds":{"lowerRight":{"x":172.0,"y":212.0},"upperLeft":{"x":128.0,"y":212.0}},"resourceId":"sid-0E4BE56B-14C6-422E-A74F-59F9F41FBA37","childShapes":[],"stencil":{"id":"SequenceFlow"},"dockers":[{"x":50.12109677400008,"y":40.083741935500086},{"x":14.0,"y":14.0}],"outgoing":[{"resourceId":"sid-FCA78BD3-2B46-4519-B005-69CBB1A48CEA"}],"target":{"resourceId":"sid-FCA78BD3-2B46-4519-B005-69CBB1A48CEA"},"properties":{"overrideid":"sid-0E4BE56B-14C6-422E-A74F-59F9F41FBA37","executionlisteners":{"executionListeners":[]}}},{"bounds":{"lowerRight":{"x":790.0,"y":381.0},"upperLeft":{"x":750.0,"y":341.0}},"resourceId":"sid-E70CE697-C1E6-4C90-92FB-C3422F25FC0F","childShapes":[],"stencil":{"id":"ExclusiveGateway"},"properties":{"overrideid":"sid-E70CE697-C1E6-4C90-92FB-C3422F25FC0F","name":"Is < $7500 or NOT Schedule C Employee?","executionlisteners":{"executionListeners":[]},"asynchronousdefinition":false,"exclusivedefinition":true},"outgoing":[{"resourceId":"sid-6BDAA388-978C-42D4-B8B3-F36B08B6A4FC"},{"resourceId":"sid-ECAD9230-1DD7-47D4-AC9A-87A25C0591C4"}]},{"bounds":{"lowerRight":{"x":975.0,"y":401.0},"upperLeft":{"x":875.0,"y":321.0}},"resourceId":"sid-795DD676-5389-498F-8777-C2DBE3748030","childShapes":[],"stencil":{"id":"UserTask"},"properties":{"overrideid":"sid-795DD676-5389-498F-8777-C2DBE3748030","name":"Attorney General Approval","usertasksendemail":true,"usertaskassignment":{"assignment":{"type":"idm","idm":{"assignee":{"id":2002,"externalId":"bruce","email":"bruce@example.com","firstName":"Bruce","lastName":"Allen"},"type":"user"},"initiatorCanCompleteTask":false}},"formreference":{"id":4030,"name":"Attorney General Approval Form"},"executionlisteners":{"executionListeners":[]},"isforcompensation":false,"asynchronousdefinition":false,"exclusivedefinition":false,"tasklisteners":{"taskListeners":[]}},"outgoing":[{"resourceId":"sid-2232AF08-55AA-44C8-9226-D3E8BFF2FD0A"}]},{"bounds":{"lowerRight":{"x":603.75,"y":170.0},"upperLeft":{"x":503.75,"y":90.0}},"resourceId":"sid-82848B28-892B-4728-87C2-0576546A68AB","childShapes":[],"stencil":{"id":"UserTask"},"properties":{"overrideid":"sid-82848B28-892B-4728-87C2-0576546A68AB","name":"Supervisor Changes","usertasksendemail":true,"usertaskassignment":{"assignment":{"type":"idm","idm":{"type":"initiator"},"initiatorCanCompleteTask":false}},"formreference":{"id":4028,"name":"Supervisor Changes"},"executionlisteners":{"executionListeners":[]},"isforcompensation":false,"asynchronousdefinition":false,"exclusivedefinition":false,"tasklisteners":{"taskListeners":[]}},"outgoing":[{"resourceId":"sid-36D74E81-CF40-4CD2-8050-90FDC492C504"}]},{"bounds":{"lowerRight":{"x":572.5,"y":380.0},"upperLeft":{"x":532.5,"y":340.0}},"resourceId":"sid-0F7C0892-F421-4C75-A3FD-A6D6B5D58267","childShapes":[],"stencil":{"id":"ExclusiveGateway"},"properties":{"overrideid":"sid-0F7C0892-F421-4C75-A3FD-A6D6B5D58267","name":"Approve?","executionlisteners":{"executionListeners":[]},"asynchronousdefinition":false,"exclusivedefinition":false},"outgoing":[{"resourceId":"sid-BFD47765-68B1-41B6-92BB-2498CB2FED40"},{"resourceId":"sid-CD94F4F9-011A-4DD3-AC19-5975DFDC1DDC"},{"resourceId":"sid-FA969DB9-216F-409A-AE00-53E62705110D"}]},{"bounds":{"lowerRight":{"x":1086.0,"y":381.0},"upperLeft":{"x":1046.0,"y":341.0}},"resourceId":"sid-8A264A43-34F8-4854-B189-A835D718B872","childShapes":[],"stencil":{"id":"ExclusiveGateway"},"properties":{"overrideid":"sid-8A264A43-34F8-4854-B189-A835D718B872","name":"AG Approve?","executionlisteners":{"executionListeners":[]},"asynchronousdefinition":false,"exclusivedefinition":false},"outgoing":[{"resourceId":"sid-4DA5E70D-F6E0-45C3-AA44-FE5603FA7171"},{"resourceId":"sid-D7EC30E5-6BD5-477E-B681-C2A87907827F"},{"resourceId":"sid-68F79F17-EC27-408A-A2A0-16C7A48F3914"}]},{"bounds":{"lowerRight":{"x":172.0,"y":212.0},"upperLeft":{"x":128.0,"y":212.0}},"resourceId":"sid-2232AF08-55AA-44C8-9226-D3E8BFF2FD0A","childShapes":[],"stencil":{"id":"SequenceFlow"},"dockers":[{"x":50.0,"y":40.0},{"x":20.0,"y":20.0}],"outgoing":[{"resourceId":"sid-8A264A43-34F8-4854-B189-A835D718B872"}],"target":{"resourceId":"sid-8A264A43-34F8-4854-B189-A835D718B872"},"properties":{"overrideid":"sid-2232AF08-55AA-44C8-9226-D3E8BFF2FD0A","executionlisteners":{"executionListeners":[]}}},{"bounds":{"lowerRight":{"x":1116.0,"y":170.0},"upperLeft":{"x":1016.0,"y":90.0}},"resourceId":"sid-FFE98A27-2442-452F-8341-A5BDF13C04E5","childShapes":[],"stencil":{"id":"UserTask"},"properties":{"overrideid":"sid-FFE98A27-2442-452F-8341-A5BDF13C04E5","name":"Component Head Adjustment","usertasksendemail":true,"usertaskassignment":{"assignment":{"type":"idm","idm":{"assignee":{"id":2003,"externalId":"doug","email":"doug@example.com","firstName":"Doug","lastName":"Williams"},"type":"user"},"initiatorCanCompleteTask":false}},"formreference":{"id":4031,"name":"Component Head Changes Form"},"executionlisteners":{"executionListeners":[]},"isforcompensation":false,"asynchronousdefinition":false,"exclusivedefinition":false,"tasklisteners":{"taskListeners":[]}},"outgoing":[{"resourceId":"sid-9CC81041-10F7-4E17-B690-5F30590D183F"},{"resourceId":"sid-2A70D481-3820-454B-8E9D-D0A4588A6B78"}]},{"bounds":{"lowerRight":{"x":945.0,"y":150.0},"upperLeft":{"x":905.0,"y":110.0}},"resourceId":"sid-CBA50C10-523D-4645-B91A-AFCFF6588D98","childShapes":[],"stencil":{"id":"ExclusiveGateway"},"properties":{"overrideid":"sid-CBA50C10-523D-4645-B91A-AFCFF6588D98","name":"Back to AG?","executionlisteners":{"executionListeners":[]},"asynchronousdefinition":false,"exclusivedefinition":false},"outgoing":[{"resourceId":"sid-95C6BCF1-D948-47FE-908E-4AE5589D7D04"},{"resourceId":"sid-707492CF-985F-4900-BA57-DF129FF83A1A"}]},{"bounds":{"lowerRight":{"x":568.0,"y":598.0},"upperLeft":{"x":540.0,"y":570.0}},"resourceId":"sid-29D2BC04-7072-4397-AFC2-A6D53E6E2CD3","childShapes":[],"stencil":{"id":"EndNoneEvent"},"properties":{"overrideid":"sid-29D2BC04-7072-4397-AFC2-A6D53E6E2CD3","executionlisteners":{"executionListeners":[]},"asynchronousdefinition":false,"exclusivedefinition":false},"outgoing":[]},{"bounds":{"lowerRight":{"x":172.0,"y":212.0},"upperLeft":{"x":128.0,"y":212.0}},"resourceId":"sid-4141E0BA-BD10-4295-A481-0D5979D50432","childShapes":[],"stencil":{"id":"SequenceFlow"},"dockers":[{"x":50.0,"y":40.0},{"x":14.0,"y":14.0}],"outgoing":[{"resourceId":"sid-29D2BC04-7072-4397-AFC2-A6D53E6E2CD3"}],"target":{"resourceId":"sid-29D2BC04-7072-4397-AFC2-A6D53E6E2CD3"},"properties":{"overrideid":"sid-4141E0BA-BD10-4295-A481-0D5979D50432","executionlisteners":{"executionListeners":[]}}},{"bounds":{"lowerRight":{"x":356.25,"y":150.0},"upperLeft":{"x":316.25,"y":110.0}},"resourceId":"sid-2595FA10-DA79-4725-8D5D-6A55980A247B","childShapes":[],"stencil":{"id":"ExclusiveGateway"},"properties":{"overrideid":"sid-2595FA10-DA79-4725-8D5D-6A55980A247B","name":"Back to CH","executionlisteners":{"executionListeners":[]},"asynchronousdefinition":false,"exclusivedefinition":false},"outgoing":[{"resourceId":"sid-6C8A8746-459C-426E-BD51-55A9265EE85B"},{"resourceId":"sid-CE60F560-339A-4F73-B42D-BBFD4E9B2B2E"}]},{"bounds":{"lowerRight":{"x":1269.0,"y":401.0},"upperLeft":{"x":1169.0,"y":321.0}},"resourceId":"sid-D5C037C6-B271-4EDA-BE6D-865E4119F303","childShapes":[],"stencil":{"id":"MailTask"},"properties":{"overrideid":"sid-D5C037C6-B271-4EDA-BE6D-865E4119F303","name":"Email Rejection from AG","mailtaskto":{"mailTo":{"type":"initiator"}},"mailtaskfrom":"demo@example.com","mailtasktext":"Your request was rejected","executionlisteners":{"executionListeners":[]},"isforcompensation":false,"asynchronousdefinition":false,"exclusivedefinition":false},"outgoing":[{"resourceId":"sid-AED73ECF-344B-4D10-B639-1A06135900BD"}]},{"bounds":{"lowerRight":{"x":1335.5605483870002,"y":375.0},"upperLeft":{"x":1307.5605483870002,"y":347.0}},"resourceId":"sid-8D7ED6DD-EADD-458D-A491-012C38E4397D","childShapes":[],"stencil":{"id":"EndNoneEvent"},"properties":{"overrideid":"sid-8D7ED6DD-EADD-458D-A491-012C38E4397D","executionlisteners":{"executionListeners":[]},"asynchronousdefinition":false,"exclusivedefinition":false},"outgoing":[]},{"bounds":{"lowerRight":{"x":172.0,"y":212.0},"upperLeft":{"x":128.0,"y":212.0}},"resourceId":"sid-AED73ECF-344B-4D10-B639-1A06135900BD","childShapes":[],"stencil":{"id":"SequenceFlow"},"dockers":[{"x":50.0,"y":40.0},{"x":14.0,"y":14.0}],"outgoing":[{"resourceId":"sid-8D7ED6DD-EADD-458D-A491-012C38E4397D"}],"target":{"resourceId":"sid-8D7ED6DD-EADD-458D-A491-012C38E4397D"},"properties":{"overrideid":"sid-AED73ECF-344B-4D10-B639-1A06135900BD","executionlisteners":{"executionListeners":[]}}},{"bounds":{"lowerRight":{"x":518.0,"y":54.0},"upperLeft":{"x":490.0,"y":26.0}},"resourceId":"sid-2485861F-22F6-4BC1-AFEE-0C51A2B2AAB2","childShapes":[],"stencil":{"id":"EndNoneEvent"},"properties":{"overrideid":"sid-2485861F-22F6-4BC1-AFEE-0C51A2B2AAB2","executionlisteners":{"executionListeners":[]},"asynchronousdefinition":false,"exclusivedefinition":false},"outgoing":[]},{"bounds":{"lowerRight":{"x":172.0,"y":212.0},"upperLeft":{"x":128.0,"y":212.0}},"resourceId":"sid-7DA82DE4-5299-46C6-AC8D-BF33B38EB711","childShapes":[],"stencil":{"id":"SequenceFlow"},"dockers":[{"x":50.0,"y":40.0},{"x":14.0,"y":14.0}],"outgoing":[{"resourceId":"sid-2485861F-22F6-4BC1-AFEE-0C51A2B2AAB2"}],"target":{"resourceId":"sid-2485861F-22F6-4BC1-AFEE-0C51A2B2AAB2"},"properties":{"overrideid":"sid-7DA82DE4-5299-46C6-AC8D-BF33B38EB711","executionlisteners":{"executionListeners":[]}}},{"bounds":{"lowerRight":{"x":355.0,"y":80.0},"upperLeft":{"x":255.0,"y":0.0}},"resourceId":"sid-494600A5-3A7C-4D38-8133-2157DD15CE5B","childShapes":[],"stencil":{"id":"MailTask"},"properties":{"overrideid":"sid-494600A5-3A7C-4D38-8133-2157DD15CE5B","name":"Email Rejection to Supervisor","mailtaskto":{"mailTo":{"type":"initiator"}},"mailtaskfrom":"demo@example.com","mailtasktext":"Your request was rejected","executionlisteners":{"executionListeners":[]},"isforcompensation":false,"asynchronousdefinition":false,"exclusivedefinition":false},"outgoing":[{"resourceId":"sid-7DA82DE4-5299-46C6-AC8D-BF33B38EB711"}]},{"bounds":{"lowerRight":{"x":172.0,"y":212.0},"upperLeft":{"x":128.0,"y":212.0}},"resourceId":"sid-BFD47765-68B1-41B6-92BB-2498CB2FED40","childShapes":[],"stencil":{"id":"SequenceFlow"},"dockers":[{"x":20.0,"y":20.0},{"x":50.0,"y":40.0}],"outgoing":[{"resourceId":"sid-746BC883-C6EC-43FC-A303-524441A9DF3F"}],"target":{"resourceId":"sid-746BC883-C6EC-43FC-A303-524441A9DF3F"},"properties":{"overrideid":"sid-BFD47765-68B1-41B6-92BB-2498CB2FED40","name":"Cancel","executionlisteners":{"executionListeners":[]},"conditionsequenceflow":{"expression":{"index":"0","outcomeFormId":"4027","outcomeFormName":"FBI Approval Form","rightOutcomeName":"Cancel Award","operator":"==","type":"variables"}}}},{"bounds":{"lowerRight":{"x":172.0,"y":212.0},"upperLeft":{"x":128.0,"y":212.0}},"resourceId":"sid-6C8A8746-459C-426E-BD51-55A9265EE85B","childShapes":[],"stencil":{"id":"SequenceFlow"},"dockers":[{"x":20.0,"y":20.0},{"x":305.0,"y":130.5},{"x":50.0,"y":40.0}],"outgoing":[{"resourceId":"sid-494600A5-3A7C-4D38-8133-2157DD15CE5B"}],"target":{"resourceId":"sid-494600A5-3A7C-4D38-8133-2157DD15CE5B"},"properties":{"overrideid":"sid-6C8A8746-459C-426E-BD51-55A9265EE85B","executionlisteners":{"executionListeners":[]},"conditionsequenceflow":{"expression":{"index":"0","outcomeFormId":"4028","outcomeFormName":"Supervisor Changes","rightOutcomeName":"Cancel Award","operator":"==","type":"variables"}}}},{"bounds":{"lowerRight":{"x":172.0,"y":212.0},"upperLeft":{"x":128.0,"y":212.0}},"resourceId":"sid-4DA5E70D-F6E0-45C3-AA44-FE5603FA7171","childShapes":[],"stencil":{"id":"SequenceFlow"},"dockers":[{"x":20.0,"y":20.0},{"x":50.0,"y":40.0}],"outgoing":[{"resourceId":"sid-D5C037C6-B271-4EDA-BE6D-865E4119F303"}],"target":{"resourceId":"sid-D5C037C6-B271-4EDA-BE6D-865E4119F303"},"properties":{"overrideid":"sid-4DA5E70D-F6E0-45C3-AA44-FE5603FA7171","executionlisteners":{"executionListeners":[]},"conditionsequenceflow":{"expression":{"index":"0","outcomeFormId":"4030","outcomeFormName":"Attorney General Approval Form","rightOutcomeName":"Cancel Award","operator":"==","type":"variables"}}}},{"bounds":{"lowerRight":{"x":1264.0,"y":170.0},"upperLeft":{"x":1164.0,"y":90.0}},"resourceId":"sid-56AEDB88-E7D8-4DE4-9FA4-327CE69FBAEF","childShapes":[],"stencil":{"id":"MailTask"},"properties":{"overrideid":"sid-56AEDB88-E7D8-4DE4-9FA4-327CE69FBAEF","name":"Email Rejection from CH after AG","mailtaskto":{"mailTo":{"type":"initiator"}},"mailtaskfrom":"demo@example.com","mailtasktext":"Your request was rejected","executionlisteners":{"executionListeners":[]},"isforcompensation":false,"asynchronousdefinition":false,"exclusivedefinition":false},"outgoing":[{"resourceId":"sid-CDADACED-A931-4BD9-AA9A-2EBB77330F1B"}]},{"bounds":{"lowerRight":{"x":172.0,"y":212.0},"upperLeft":{"x":128.0,"y":212.0}},"resourceId":"sid-9CC81041-10F7-4E17-B690-5F30590D183F","childShapes":[],"stencil":{"id":"SequenceFlow"},"dockers":[{"x":50.0,"y":40.0},{"x":50.0,"y":40.0}],"outgoing":[{"resourceId":"sid-56AEDB88-E7D8-4DE4-9FA4-327CE69FBAEF"}],"target":{"resourceId":"sid-56AEDB88-E7D8-4DE4-9FA4-327CE69FBAEF"},"properties":{"overrideid":"sid-9CC81041-10F7-4E17-B690-5F30590D183F","executionlisteners":{"executionListeners":[]}}},{"bounds":{"lowerRight":{"x":1330.5605483870002,"y":144.0},"upperLeft":{"x":1302.5605483870002,"y":116.0}},"resourceId":"sid-1977A3DF-6269-4BD3-8723-0457DD7AD4D4","childShapes":[],"stencil":{"id":"EndNoneEvent"},"properties":{"overrideid":"sid-1977A3DF-6269-4BD3-8723-0457DD7AD4D4","executionlisteners":{"executionListeners":[]},"asynchronousdefinition":false,"exclusivedefinition":false},"outgoing":[]},{"bounds":{"lowerRight":{"x":172.0,"y":212.0},"upperLeft":{"x":128.0,"y":212.0}},"resourceId":"sid-CDADACED-A931-4BD9-AA9A-2EBB77330F1B","childShapes":[],"stencil":{"id":"SequenceFlow"},"dockers":[{"x":50.0,"y":40.0},{"x":14.0,"y":14.0}],"outgoing":[{"resourceId":"sid-1977A3DF-6269-4BD3-8723-0457DD7AD4D4"}],"target":{"resourceId":"sid-1977A3DF-6269-4BD3-8723-0457DD7AD4D4"},"properties":{"overrideid":"sid-CDADACED-A931-4BD9-AA9A-2EBB77330F1B","executionlisteners":{"executionListeners":[]}}},{"bounds":{"lowerRight":{"x":200.0,"y":380.0},"upperLeft":{"x":150.0,"y":340.0}},"resourceId":"sid-0784C898-2B62-40FB-A9F8-2B1DFE8064B1","childShapes":[],"stencil":{"id":"ScriptTask"},"properties":{"overrideid":"S1","name":"S1","scriptformat":"groovy","scripttext":"import groovy.json.JsonOutput;\nimport groovy.json.JsonSlurper;\nimport groovy.json.JsonParserType;\n\ndef liu = execution.getVariable('loggedinuser')\nprintln \"i am: \" + liu + \".\"\n\n//get current date\n//String mydate = new Date().format( 'MM/dd/yyyy' )\n\ndef mydate = new Date()\nmydate.setHours(mydate.getHours() - 4);\nString mytextdate = new Date().format( 'yyyy-MM-dd HHmmssS' )\nprintln \"The Date Is \" + mytextdate + \".\"\ndef r = execution.setVariable('thedate',mytextdate)\n\ndef s = execution.setVariable('employeeinfo',execution.getVariable('employee'))\n\n\ndef newEntry = [:]\nnewEntry['auditdate']=mydate\nnewEntry['auditname']=liu\nnewEntry['auditform']=\"Supervisor Nomination\"\nnewEntry['auditcomments']=execution.getVariable('supcomments')\n\ndef jsonObj;\nprintln newEntry\nif (execution.getVariable('tblhistory')){\n    def jsonText = execution.getVariable('tblhistory');\n    def parser = new JsonSlurper().setType(JsonParserType.LAX);\n    jsonObj = parser.parseText(jsonText);\n    println jsonObj\n}else{\n    jsonObj = []\n}\n    jsonObj.add(newEntry)\n    def newTable = JsonOutput.toJson(jsonObj);\n\n    execution.setVariable('tblhistory', newTable);\n","executionlisteners":{"executionListeners":[]},"isforcompensation":false,"asynchronousdefinition":false,"exclusivedefinition":false},"outgoing":[{"resourceId":"sid-889FCEEF-0E49-45A0-810F-232CA817E2D6"}]},{"bounds":{"lowerRight":{"x":172.0,"y":212.0},"upperLeft":{"x":128.0,"y":212.0}},"resourceId":"sid-889FCEEF-0E49-45A0-810F-232CA817E2D6","childShapes":[],"stencil":{"id":"SequenceFlow"},"dockers":[{"x":25.0,"y":20.0},{"x":227.5,"y":360.0},{"x":227.5,"y":355.0},{"x":50.0,"y":40.0}],"outgoing":[{"resourceId":"sid-FE97637F-0BA7-49C0-B263-23CB478B6F5E"}],"target":{"resourceId":"sid-FE97637F-0BA7-49C0-B263-23CB478B6F5E"},"properties":{"overrideid":"sid-889FCEEF-0E49-45A0-810F-232CA817E2D6","executionlisteners":{"executionListeners":[]}}},{"bounds":{"lowerRight":{"x":577.5,"y":235.0},"upperLeft":{"x":527.5,"y":195.0}},"resourceId":"sid-12203393-40AA-4D79-B9D4-ECC84329559B","childShapes":[],"stencil":{"id":"ScriptTask"},"properties":{"overrideid":"S2","name":"S2","scriptformat":"groovy","scripttext":"import groovy.json.JsonOutput;\nimport groovy.json.JsonSlurper;\nimport groovy.json.JsonParserType;\n\ndef liu = execution.getVariable('loggedinuser')\nprintln \"i am: \" + liu + \".\"\n\n//get current date\n//String mydate = new Date().format( 'MM/dd/yyyy' )\ndef mydate = new Date()\nmydate.setHours(mydate.getHours() - 4);\n\ndef newEntry = [:]\nnewEntry['auditdate']=mydate\nnewEntry['auditname']=liu\nnewEntry['auditform']=\"Component Head Approval\"\nnewEntry['auditcomments']=execution.getVariable('chcomments')\n\ndef jsonObj;\nprintln \"new json\"\nprintln newEntry\n\nif (execution.getVariable('tblhistory')){\n    def jsonText = execution.getVariable('tblhistory');\n    def parser = new JsonSlurper().setType(JsonParserType.LAX);\n    jsonObj = parser.parseText(jsonText);\n    println \"existing json\"\n    println jsonObj\n}else{\n    jsonObj = []\n}\n\njsonObj.add(newEntry)\ndef newTable = JsonOutput.toJson(jsonObj);\n\nexecution.setVariable('tblhistory2', newTable);\n","executionlisteners":{"executionListeners":[]},"isforcompensation":false,"asynchronousdefinition":false,"exclusivedefinition":false},"outgoing":[{"resourceId":"sid-F368391E-D61B-437A-9FBD-528F5CBDA1CE"}]},{"bounds":{"lowerRight":{"x":172.0,"y":212.0},"upperLeft":{"x":128.0,"y":212.0}},"resourceId":"sid-F368391E-D61B-437A-9FBD-528F5CBDA1CE","childShapes":[],"stencil":{"id":"SequenceFlow"},"dockers":[{"x":25.0,"y":20.0},{"x":50.0,"y":40.0}],"outgoing":[{"resourceId":"sid-82848B28-892B-4728-87C2-0576546A68AB"}],"target":{"resourceId":"sid-82848B28-892B-4728-87C2-0576546A68AB"},"properties":{"overrideid":"sid-F368391E-D61B-437A-9FBD-528F5CBDA1CE","executionlisteners":{"executionListeners":[]}}},{"bounds":{"lowerRight":{"x":172.0,"y":212.0},"upperLeft":{"x":128.0,"y":212.0}},"resourceId":"sid-104764AD-88C2-4065-B48B-F392F82E1240","childShapes":[],"stencil":{"id":"SequenceFlow"},"dockers":[{"x":50.0,"y":40.0},{"x":443.75,"y":355.0},{"x":443.75,"y":360.0},{"x":20.0,"y":20.0}],"outgoing":[{"resourceId":"sid-0F7C0892-F421-4C75-A3FD-A6D6B5D58267"}],"target":{"resourceId":"sid-0F7C0892-F421-4C75-A3FD-A6D6B5D58267"},"properties":{"overrideid":"sid-104764AD-88C2-4065-B48B-F392F82E1240","executionlisteners":{"executionListeners":[]}}},{"bounds":{"lowerRight":{"x":426.25,"y":150.0},"upperLeft":{"x":376.25,"y":110.0}},"resourceId":"sid-D3A9BAD3-707B-4908-A277-038525D4C0EB","childShapes":[],"stencil":{"id":"ScriptTask"},"properties":{"overrideid":"S3","name":"S3","scriptformat":"groovy","scripttext":"import groovy.json.JsonOutput;\nimport groovy.json.JsonSlurper;\nimport groovy.json.JsonParserType;\n\ndef liu = execution.getVariable('loggedinuser')\nprintln \"i am: \" + liu + \".\"\n\n//get current date\n//String mydate = new Date().format( 'MM/dd/yyyy' )\ndef mydate = new Date()\nmydate.setHours(mydate.getHours() - 4);\n\ndef newEntry = [:]\nnewEntry['auditdate']=mydate\nnewEntry['auditname']=liu\nnewEntry['auditform']=\"Supervisor Changes\"\nnewEntry['auditcomments']=execution.getVariable('supchangescomments')\n\ndef jsonObj;\nprintln \"new json\"\nprintln newEntry\n\nif (execution.getVariable('tblhistory2')){\n    def jsonText = execution.getVariable('tblhistory2');\n    def parser = new JsonSlurper().setType(JsonParserType.LAX);\n    jsonObj = parser.parseText(jsonText);\n    println \"existing json\"\n    println jsonObj\n}else{\n    jsonObj = []\n}\n\njsonObj.add(newEntry)\ndef newTable = JsonOutput.toJson(jsonObj);\n\nexecution.setVariable('tblhistory', newTable);\n","executionlisteners":{"executionListeners":[]},"isforcompensation":false,"asynchronousdefinition":false,"exclusivedefinition":false},"outgoing":[{"resourceId":"sid-50505126-CCC8-4D34-94A8-7DBDD7E6F0E0"}]},{"bounds":{"lowerRight":{"x":172.0,"y":212.0},"upperLeft":{"x":128.0,"y":212.0}},"resourceId":"sid-50505126-CCC8-4D34-94A8-7DBDD7E6F0E0","childShapes":[],"stencil":{"id":"SequenceFlow"},"dockers":[{"x":25.0,"y":20.0},{"x":20.0,"y":20.0}],"outgoing":[{"resourceId":"sid-2595FA10-DA79-4725-8D5D-6A55980A247B"}],"target":{"resourceId":"sid-2595FA10-DA79-4725-8D5D-6A55980A247B"},"properties":{"overrideid":"sid-50505126-CCC8-4D34-94A8-7DBDD7E6F0E0","executionlisteners":{"executionListeners":[]}}},{"bounds":{"lowerRight":{"x":725.0,"y":370.0},"upperLeft":{"x":675.0,"y":330.0}},"resourceId":"sid-9B043149-E994-49CF-8590-3F256D913902","childShapes":[],"stencil":{"id":"ScriptTask"},"properties":{"overrideid":"S4","name":"S4","scriptformat":"groovy","scripttext":"import groovy.json.JsonOutput;\nimport groovy.json.JsonSlurper;\nimport groovy.json.JsonParserType;\n\ndef liu = execution.getVariable('loggedinuser')\nprintln \"i am: \" + liu + \".\"\n\n//get current date\n//String mydate = new Date().format( 'MM/dd/yyyy' )\ndef mydate = new Date()\nmydate.setHours(mydate.getHours() - 4);\n\ndef newEntry = [:]\nnewEntry['auditdate']=mydate\nnewEntry['auditname']=liu\nnewEntry['auditform']=\"Component Head Approval\"\nnewEntry['auditcomments']=execution.getVariable('chcomments')\n\ndef jsonObj;\nprintln \"new json\"\nprintln newEntry\n\nif (execution.getVariable('tblhistory')){\n    def jsonText = execution.getVariable('tblhistory');\n    def parser = new JsonSlurper().setType(JsonParserType.LAX);\n    jsonObj = parser.parseText(jsonText);\n    println \"existing json\"\n    println jsonObj\n}else{\n    jsonObj = []\n}\n\njsonObj.add(newEntry)\ndef newTable = JsonOutput.toJson(jsonObj);\n\nexecution.setVariable('tblhistory3', newTable);\n","executionlisteners":{"executionListeners":[]},"isforcompensation":false,"asynchronousdefinition":false,"exclusivedefinition":false},"outgoing":[{"resourceId":"sid-E11EE911-83C4-44CE-A0E9-74128F4E7F29"}]},{"bounds":{"lowerRight":{"x":1091.0,"y":250.0},"upperLeft":{"x":1041.0,"y":210.0}},"resourceId":"sid-DA74CE68-ABDF-40F1-B51F-A1F1F4FD06A9","childShapes":[],"stencil":{"id":"ScriptTask"},"properties":{"overrideid":"S5","name":"S5","scriptformat":"groovy","scripttext":"import groovy.json.JsonOutput;\nimport groovy.json.JsonSlurper;\nimport groovy.json.JsonParserType;\n\ndef liu = execution.getVariable('loggedinuser')\nprintln \"i am: \" + liu + \".\"\n\n//get current date\n//String mydate = new Date().format( 'MM/dd/yyyy' )\ndef mydate = new Date()\nmydate.setHours(mydate.getHours() - 4);\n\ndef newEntry = [:]\nnewEntry['auditdate']=mydate\nnewEntry['auditname']=liu\nnewEntry['auditform']=\"Attorney General Approval\"\nnewEntry['auditcomments']=execution.getVariable('agcomments')\n\ndef jsonObj;\nprintln \"new json\"\nprintln newEntry\n\nif (execution.getVariable('tblhistory3')){\n    def jsonText = execution.getVariable('tblhistory3');\n    def parser = new JsonSlurper().setType(JsonParserType.LAX);\n    jsonObj = parser.parseText(jsonText);\n    println \"existing json\"\n    println jsonObj\n}else{\n    jsonObj = []\n}\n\njsonObj.add(newEntry)\ndef newTable = JsonOutput.toJson(jsonObj);\n\nexecution.setVariable('tblhistory4', newTable);\n","executionlisteners":{"executionListeners":[]},"isforcompensation":false,"asynchronousdefinition":false,"exclusivedefinition":false},"outgoing":[{"resourceId":"sid-24E0A39B-B2E1-402F-81A4-863375604968"}]},{"bounds":{"lowerRight":{"x":172.0,"y":212.0},"upperLeft":{"x":128.0,"y":212.0}},"resourceId":"sid-24E0A39B-B2E1-402F-81A4-863375604968","childShapes":[],"stencil":{"id":"SequenceFlow"},"dockers":[{"x":25.0,"y":20.0},{"x":50.0,"y":40.0}],"outgoing":[{"resourceId":"sid-FFE98A27-2442-452F-8341-A5BDF13C04E5"}],"target":{"resourceId":"sid-FFE98A27-2442-452F-8341-A5BDF13C04E5"},"properties":{"overrideid":"sid-24E0A39B-B2E1-402F-81A4-863375604968","executionlisteners":{"executionListeners":[]}}},{"bounds":{"lowerRight":{"x":950.0,"y":295.0},"upperLeft":{"x":900.0,"y":255.0}},"resourceId":"sid-2CC96512-262D-429F-B92A-9F66C71C045B","childShapes":[],"stencil":{"id":"ScriptTask"},"properties":{"overrideid":"S6","name":"S6","scriptformat":"groovy","scripttext":"import groovy.json.JsonOutput;\nimport groovy.json.JsonSlurper;\nimport groovy.json.JsonParserType;\n\ndef liu = execution.getVariable('loggedinuser')\nprintln \"i am: \" + liu + \".\"\n\n//get current date\n//String mydate = new Date().format( 'MM/dd/yyyy' )\ndef mydate = new Date()\nmydate.setHours(mydate.getHours() - 4);\n\ndef newEntry = [:]\nnewEntry['auditdate']=mydate\nnewEntry['auditname']=liu\nnewEntry['auditform']=\"Component Head Changes\"\nnewEntry['auditcomments']=execution.getVariable('chchangescomments')\n\ndef jsonObj;\nprintln \"new json\"\nprintln newEntry\n\nif (execution.getVariable('tblhistory4')){\n    def jsonText = execution.getVariable('tblhistory4');\n    def parser = new JsonSlurper().setType(JsonParserType.LAX);\n    jsonObj = parser.parseText(jsonText);\n    println \"existing json\"\n    println jsonObj\n}else{\n    jsonObj = []\n}\n\njsonObj.add(newEntry)\ndef newTable = JsonOutput.toJson(jsonObj);\n\nexecution.setVariable('tblhistory3', newTable);\n","executionlisteners":{"executionListeners":[]},"isforcompensation":false,"asynchronousdefinition":false,"exclusivedefinition":false},"outgoing":[{"resourceId":"sid-F6CBC8E1-CF8F-4FE0-A053-D7C3B92DB1CD"}]},{"bounds":{"lowerRight":{"x":172.0,"y":212.0},"upperLeft":{"x":128.0,"y":212.0}},"resourceId":"sid-F6CBC8E1-CF8F-4FE0-A053-D7C3B92DB1CD","childShapes":[],"stencil":{"id":"SequenceFlow"},"dockers":[{"x":25.0,"y":20.0},{"x":50.0,"y":40.0}],"outgoing":[{"resourceId":"sid-795DD676-5389-498F-8777-C2DBE3748030"}],"target":{"resourceId":"sid-795DD676-5389-498F-8777-C2DBE3748030"},"properties":{"overrideid":"sid-F6CBC8E1-CF8F-4FE0-A053-D7C3B92DB1CD","executionlisteners":{"executionListeners":[]}}},{"bounds":{"lowerRight":{"x":730.0,"y":150.0},"upperLeft":{"x":680.0,"y":110.0}},"resourceId":"sid-DC66F332-C045-4C8F-BEC4-348B3580B2E5","childShapes":[],"stencil":{"id":"ScriptTask"},"properties":{"overrideid":"S7","name":"S7","scriptformat":"groovy","scripttext":"import groovy.json.JsonOutput;\nimport groovy.json.JsonSlurper;\nimport groovy.json.JsonParserType;\n\ndef liu = execution.getVariable('loggedinuser')\nprintln \"i am: \" + liu + \".\"\n\n//get current date\n//String mydate = new Date().format( 'MM/dd/yyyy' )\ndef mydate = new Date()\nmydate.setHours(mydate.getHours() - 4);\n\ndef newEntry = [:]\nnewEntry['auditdate']=mydate\nnewEntry['auditname']=liu\nnewEntry['auditform']=\"Component Head Changes\"\nnewEntry['auditcomments']=execution.getVariable('chchangescomments')\n\ndef jsonObj;\nprintln \"new json\"\nprintln newEntry\n\nif (execution.getVariable('tblhistory4')){\n    def jsonText = execution.getVariable('tblhistory4');\n    def parser = new JsonSlurper().setType(JsonParserType.LAX);\n    jsonObj = parser.parseText(jsonText);\n    println \"existing json\"\n    println jsonObj\n}else{\n    jsonObj = []\n}\n\njsonObj.add(newEntry)\ndef newTable = JsonOutput.toJson(jsonObj);\n\nexecution.setVariable('tblhistory2', newTable);\n","executionlisteners":{"executionListeners":[]},"isforcompensation":false,"asynchronousdefinition":false,"exclusivedefinition":false},"outgoing":[{"resourceId":"sid-7BADD13E-AD56-4D5A-B9BB-509B7D2E0C3C"}]},{"bounds":{"lowerRight":{"x":172.0,"y":212.0},"upperLeft":{"x":128.0,"y":212.0}},"resourceId":"sid-7BADD13E-AD56-4D5A-B9BB-509B7D2E0C3C","childShapes":[],"stencil":{"id":"SequenceFlow"},"dockers":[{"x":25.0,"y":20.0},{"x":50.0,"y":40.0}],"outgoing":[{"resourceId":"sid-82848B28-892B-4728-87C2-0576546A68AB"}],"target":{"resourceId":"sid-82848B28-892B-4728-87C2-0576546A68AB"},"properties":{"overrideid":"sid-7BADD13E-AD56-4D5A-B9BB-509B7D2E0C3C","executionlisteners":{"executionListeners":[]}}},{"bounds":{"lowerRight":{"x":172.0,"y":212.0},"upperLeft":{"x":128.0,"y":212.0}},"resourceId":"sid-2A70D481-3820-454B-8E9D-D0A4588A6B78","childShapes":[],"stencil":{"id":"SequenceFlow"},"dockers":[{"x":50.0,"y":40.0},{"x":20.0,"y":20.0}],"outgoing":[{"resourceId":"sid-CBA50C10-523D-4645-B91A-AFCFF6588D98"}],"target":{"resourceId":"sid-CBA50C10-523D-4645-B91A-AFCFF6588D98"},"properties":{"overrideid":"sid-2A70D481-3820-454B-8E9D-D0A4588A6B78","executionlisteners":{"executionListeners":[]}}},{"bounds":{"lowerRight":{"x":125.0,"y":380.0},"upperLeft":{"x":75.0,"y":340.0}},"resourceId":"sid-6D65912B-2460-4AC1-BE1C-BBBE6062ED4F","childShapes":[],"stencil":{"id":"ScriptTask"},"properties":{"overrideid":"S0a","name":"S0a","scriptformat":"javascript","scripttext":"\nvar currentUserId = userInfoBean.getCurrentUser().getId();\nvar currentUser = userInfoBean.getFullName(currentUserId);\nexecution.setVariable('loggedinuser', currentUser);\njava.lang.System.out.println(\"curUser: \" + currentUser);\n\nvar currentGroup = userInfoBean.getPrimaryGroupName(currentUserId);\njava.lang.System.out.println(\"curGroup: \" + currentGroup);\nexecution.setVariable('userrole', currentGroup);\n","executionlisteners":{"executionListeners":[]},"isforcompensation":false,"asynchronousdefinition":false,"exclusivedefinition":false},"outgoing":[{"resourceId":"sid-DDCBB582-09FF-4F50-B233-152C184AF9E9"}]},{"bounds":{"lowerRight":{"x":172.0,"y":212.0},"upperLeft":{"x":128.0,"y":212.0}},"resourceId":"sid-7018B513-5BA6-48D0-B85C-2B9F09EF8269","childShapes":[],"stencil":{"id":"SequenceFlow"},"dockers":[{"x":15.0,"y":15.0},{"x":25.0,"y":20.0}],"outgoing":[{"resourceId":"sid-6D65912B-2460-4AC1-BE1C-BBBE6062ED4F"}],"target":{"resourceId":"sid-6D65912B-2460-4AC1-BE1C-BBBE6062ED4F"},"properties":{"overrideid":"sid-7018B513-5BA6-48D0-B85C-2B9F09EF8269","executionlisteners":{"executionListeners":[]}}},{"bounds":{"lowerRight":{"x":172.0,"y":212.0},"upperLeft":{"x":128.0,"y":212.0}},"resourceId":"sid-DDCBB582-09FF-4F50-B233-152C184AF9E9","childShapes":[],"stencil":{"id":"SequenceFlow"},"dockers":[{"x":25.0,"y":20.0},{"x":25.0,"y":20.0}],"outgoing":[{"resourceId":"sid-0784C898-2B62-40FB-A9F8-2B1DFE8064B1"}],"target":{"resourceId":"sid-0784C898-2B62-40FB-A9F8-2B1DFE8064B1"},"properties":{"overrideid":"sid-DDCBB582-09FF-4F50-B233-152C184AF9E9","executionlisteners":{"executionListeners":[]}}},{"bounds":{"lowerRight":{"x":1240.0,"y":530.0},"upperLeft":{"x":1140.0,"y":450.0}},"resourceId":"sid-A0FB8CE6-101C-4C8A-881A-E26FACD1A72A","childShapes":[],"stencil":{"id":"UserTask"},"properties":{"overrideid":"sid-A0FB8CE6-101C-4C8A-881A-E26FACD1A72A","name":"Servicing AO Processing","usertasksendemail":true,"usertaskassignment":{"assignment":{"type":"idm","idm":{"assignee":{"id":2005,"externalId":"dennis","email":"dennis@example.com","firstName":"Dennis","lastName":"Greene"},"type":"user"},"initiatorCanCompleteTask":true}},"formreference":{"id":4029,"name":"Servicing AO Processing"},"executionlisteners":{"executionListeners":[]},"isforcompensation":false,"asynchronousdefinition":false,"exclusivedefinition":false,"tasklisteners":{"taskListeners":[]}},"outgoing":[{"resourceId":"sid-6610E24F-533C-406C-ACCF-72F42AF24C43"}]},{"bounds":{"lowerRight":{"x":1334.0,"y":646.48148006427},"upperLeft":{"x":1234.0,"y":566.48148006427}},"resourceId":"sid-790CCD31-D182-4B0C-A3BB-2AB74832154D","childShapes":[],"stencil":{"id":"MailTask"},"properties":{"overrideid":"sid-790CCD31-D182-4B0C-A3BB-2AB74832154D","name":"Email Rejection from Servicing AO","mailtaskto":{"mailTo":{"type":"initiator"}},"mailtaskfrom":"demo@example.com","mailtasktext":"Your request was rejected","executionlisteners":{"executionListeners":[]},"isforcompensation":false,"asynchronousdefinition":false,"exclusivedefinition":false},"outgoing":[{"resourceId":"sid-68BB6D6B-5069-4BD2-AA95-EE5E45F6FA79"}]},{"bounds":{"lowerRight":{"x":1452.0,"y":620.48148006427},"upperLeft":{"x":1424.0,"y":592.48148006427}},"resourceId":"sid-42BF545F-B722-4D68-8F74-83E7D59ACD60","childShapes":[],"stencil":{"id":"EndNoneEvent"},"properties":{"overrideid":"sid-42BF545F-B722-4D68-8F74-83E7D59ACD60","executionlisteners":{"executionListeners":[]},"asynchronousdefinition":false,"exclusivedefinition":false},"outgoing":[]},{"bounds":{"lowerRight":{"x":172.0,"y":212.0},"upperLeft":{"x":128.0,"y":212.0}},"resourceId":"sid-68BB6D6B-5069-4BD2-AA95-EE5E45F6FA79","childShapes":[],"stencil":{"id":"SequenceFlow"},"dockers":[{"x":50.0,"y":40.0},{"x":14.0,"y":14.0}],"outgoing":[{"resourceId":"sid-42BF545F-B722-4D68-8F74-83E7D59ACD60"}],"target":{"resourceId":"sid-42BF545F-B722-4D68-8F74-83E7D59ACD60"},"properties":{"overrideid":"sid-68BB6D6B-5069-4BD2-AA95-EE5E45F6FA79","executionlisteners":{"executionListeners":[]}}},{"bounds":{"lowerRight":{"x":172.0,"y":212.0},"upperLeft":{"x":128.0,"y":212.0}},"resourceId":"sid-CE60F560-339A-4F73-B42D-BBFD4E9B2B2E","childShapes":[],"stencil":{"id":"SequenceFlow"},"dockers":[{"x":20.0,"y":20.0},{"x":305.0,"y":130.5},{"x":50.0,"y":40.0}],"outgoing":[{"resourceId":"sid-FE97637F-0BA7-49C0-B263-23CB478B6F5E"}],"target":{"resourceId":"sid-FE97637F-0BA7-49C0-B263-23CB478B6F5E"},"properties":{"overrideid":"sid-CE60F560-339A-4F73-B42D-BBFD4E9B2B2E","executionlisteners":{"executionListeners":[]},"conditionsequenceflow":{"expression":{"index":"0","outcomeFormId":"4028","outcomeFormName":"Supervisor Changes","rightOutcomeName":"Send back to Component Head","operator":"==","type":"variables"}}}},{"bounds":{"lowerRight":{"x":1439.0,"y":543.2407400321351},"upperLeft":{"x":1339.0,"y":463.240740032135}},"resourceId":"sid-66158485-6CCC-4FEC-907B-762297BBA68A","childShapes":[],"stencil":{"id":"GenerateDocumentTask"},"properties":{"overrideid":"sid-66158485-6CCC-4FEC-907B-762297BBA68A","name":"Generate Awards Certificate","generatedocumenttaskoutputformat":"word","generatedocumentfilename":"${employee_LABEL}_Certificate_${thedate}","executionvariable_document":{"variableName":"award_approval","variableType":"document"},"generatedocumenttemplate":{"id":3008,"name":"Certificate.docx"},"executionlisteners":{"executionListeners":[]},"isforcompensation":false,"asynchronousdefinition":true,"exclusivedefinition":true},"outgoing":[{"resourceId":"sid-A7F68DD0-1F6F-4CA9-BEC1-F9EE86202A18"}]},{"bounds":{"lowerRight":{"x":172.0,"y":212.0},"upperLeft":{"x":128.0,"y":212.0}},"resourceId":"sid-A7F68DD0-1F6F-4CA9-BEC1-F9EE86202A18","childShapes":[],"stencil":{"id":"SequenceFlow"},"dockers":[{"x":50.0,"y":40.00000000000006},{"x":50.12109677400008,"y":40.083741935500086}],"outgoing":[{"resourceId":"sid-5FE7AA60-0967-4CFA-949B-B5FBE7606E01"}],"target":{"resourceId":"sid-5FE7AA60-0967-4CFA-949B-B5FBE7606E01"},"properties":{"overrideid":"sid-A7F68DD0-1F6F-4CA9-BEC1-F9EE86202A18","executionlisteners":{"executionListeners":[]}}},{"bounds":{"lowerRight":{"x":1304.0,"y":523.240740032135},"upperLeft":{"x":1264.0,"y":483.240740032135}},"resourceId":"sid-F614EE93-6DCD-4306-9BB5-C6EF1D212D2D","childShapes":[],"stencil":{"id":"ExclusiveGateway"},"properties":{"overrideid":"sid-F614EE93-6DCD-4306-9BB5-C6EF1D212D2D","executionlisteners":{"executionListeners":[]},"asynchronousdefinition":false,"exclusivedefinition":false},"outgoing":[{"resourceId":"sid-EED8A3CE-0E01-41E7-987B-92CAD9278C67"},{"resourceId":"sid-BE76F42A-6791-45E1-8005-B6E19D83C223"}]},{"bounds":{"lowerRight":{"x":172.0,"y":212.0},"upperLeft":{"x":128.0,"y":212.0}},"resourceId":"sid-6610E24F-533C-406C-ACCF-72F42AF24C43","childShapes":[],"stencil":{"id":"SequenceFlow"},"dockers":[{"x":50.0,"y":40.0},{"x":20.0,"y":20.0}],"outgoing":[{"resourceId":"sid-F614EE93-6DCD-4306-9BB5-C6EF1D212D2D"}],"target":{"resourceId":"sid-F614EE93-6DCD-4306-9BB5-C6EF1D212D2D"},"properties":{"overrideid":"sid-6610E24F-533C-406C-ACCF-72F42AF24C43","executionlisteners":{"executionListeners":[]}}},{"bounds":{"lowerRight":{"x":172.0,"y":212.0},"upperLeft":{"x":128.0,"y":212.0}},"resourceId":"sid-EED8A3CE-0E01-41E7-987B-92CAD9278C67","childShapes":[],"stencil":{"id":"SequenceFlow"},"dockers":[{"x":20.0,"y":20.0},{"x":50.0,"y":40.0}],"outgoing":[{"resourceId":"sid-790CCD31-D182-4B0C-A3BB-2AB74832154D"}],"target":{"resourceId":"sid-790CCD31-D182-4B0C-A3BB-2AB74832154D"},"properties":{"overrideid":"sid-EED8A3CE-0E01-41E7-987B-92CAD9278C67","executionlisteners":{"executionListeners":[]},"conditionsequenceflow":{"expression":{"index":"0","outcomeFormId":"4029","outcomeFormName":"Servicing AO Processing","rightOutcomeName":"Cancel Award","operator":"==","type":"variables"}}}},{"bounds":{"lowerRight":{"x":172.0,"y":212.0},"upperLeft":{"x":128.0,"y":212.0}},"resourceId":"sid-BE76F42A-6791-45E1-8005-B6E19D83C223","childShapes":[],"stencil":{"id":"SequenceFlow"},"dockers":[{"x":20.0,"y":20.0},{"x":50.0,"y":40.00000000000006}],"outgoing":[{"resourceId":"sid-66158485-6CCC-4FEC-907B-762297BBA68A"}],"target":{"resourceId":"sid-66158485-6CCC-4FEC-907B-762297BBA68A"},"properties":{"overrideid":"sid-BE76F42A-6791-45E1-8005-B6E19D83C223","executionlisteners":{"executionListeners":[]},"conditionsequenceflow":{"expression":{"index":"0","outcomeFormId":"4029","outcomeFormName":"Servicing AO Processing","rightOutcomeName":"Process Award","operator":"==","type":"variables"}}}},{"bounds":{"lowerRight":{"x":1105.0,"y":543.240740032135},"upperLeft":{"x":1005.0,"y":463.240740032135}},"resourceId":"sid-576D53F1-70C8-471D-8880-5315C1BA2609","childShapes":[],"stencil":{"id":"MailTask"},"properties":{"overrideid":"sid-576D53F1-70C8-471D-8880-5315C1BA2609","name":"Notify Supervisor about Stage","mailtaskto":{"mailTo":{"type":"initiator"}},"mailtaskfrom":"demo@example.com","mailtasksubject":"Award has reached the Servicing AO","mailtasktext":"Award has received the Servicing AO","executionlisteners":{"executionListeners":[]},"isforcompensation":false,"asynchronousdefinition":false,"exclusivedefinition":false},"outgoing":[{"resourceId":"sid-FD7438F1-B26A-4DA3-8C3F-02DFE732538F"}]},{"bounds":{"lowerRight":{"x":172.0,"y":212.0},"upperLeft":{"x":128.0,"y":212.0}},"resourceId":"sid-82E68041-B6ED-43C1-894E-A6B9E3AAB14F","childShapes":[],"stencil":{"id":"SequenceFlow"},"dockers":[{"x":50.0,"y":40.00000000000006},{"x":980.0,"y":501.56522199977013},{"x":50.0,"y":40.0}],"outgoing":[{"resourceId":"sid-576D53F1-70C8-471D-8880-5315C1BA2609"}],"target":{"resourceId":"sid-576D53F1-70C8-471D-8880-5315C1BA2609"},"properties":{"overrideid":"sid-82E68041-B6ED-43C1-894E-A6B9E3AAB14F","executionlisteners":{"executionListeners":[]}}},{"bounds":{"lowerRight":{"x":577.5,"y":310.0},"upperLeft":{"x":527.5,"y":270.0}},"resourceId":"sid-6BFC1EFA-E2D4-4512-9B49-57D6B021DB78","childShapes":[],"stencil":{"id":"ScriptTask"},"properties":{"overrideid":"S0b","name":"S0b","scriptformat":"javascript","scripttext":"\nvar currentUserId = userInfoBean.getCurrentUser().getId();\nvar currentUser = userInfoBean.getFullName(currentUserId);\nexecution.setVariable('loggedinuser', currentUser);\njava.lang.System.out.println(\"curUser: \" + currentUser);\n\nvar currentGroup = userInfoBean.getPrimaryGroupName(currentUserId);\njava.lang.System.out.println(\"curGroup: \" + currentGroup);\nexecution.setVariable('userrole', currentGroup);\n","executionlisteners":{"executionListeners":[]},"isforcompensation":false,"asynchronousdefinition":false,"exclusivedefinition":false},"outgoing":[{"resourceId":"sid-739887FC-2803-42BA-B272-711A5623C2F8"}]},{"bounds":{"lowerRight":{"x":172.0,"y":212.0},"upperLeft":{"x":128.0,"y":212.0}},"resourceId":"sid-CD94F4F9-011A-4DD3-AC19-5975DFDC1DDC","childShapes":[],"stencil":{"id":"SequenceFlow"},"dockers":[{"x":20.0,"y":20.0},{"x":25.0,"y":20.0}],"outgoing":[{"resourceId":"sid-6BFC1EFA-E2D4-4512-9B49-57D6B021DB78"}],"target":{"resourceId":"sid-6BFC1EFA-E2D4-4512-9B49-57D6B021DB78"},"properties":{"overrideid":"sid-CD94F4F9-011A-4DD3-AC19-5975DFDC1DDC","name":"No","executionlisteners":{"executionListeners":[]},"conditionsequenceflow":{"expression":{"index":"0","outcomeFormId":"4027","outcomeFormName":"FBI Approval Form","rightOutcomeName":"Send Back to Supervisor","operator":"==","type":"variables"}}}},{"bounds":{"lowerRight":{"x":172.0,"y":212.0},"upperLeft":{"x":128.0,"y":212.0}},"resourceId":"sid-739887FC-2803-42BA-B272-711A5623C2F8","childShapes":[],"stencil":{"id":"SequenceFlow"},"dockers":[{"x":25.0,"y":20.0},{"x":25.0,"y":20.0}],"outgoing":[{"resourceId":"sid-12203393-40AA-4D79-B9D4-ECC84329559B"}],"target":{"resourceId":"sid-12203393-40AA-4D79-B9D4-ECC84329559B"},"properties":{"overrideid":"sid-739887FC-2803-42BA-B272-711A5623C2F8","executionlisteners":{"executionListeners":[]}}},{"bounds":{"lowerRight":{"x":486.25,"y":150.0},"upperLeft":{"x":436.25,"y":110.0}},"resourceId":"sid-BC5AECD0-1FC7-4497-8886-0B82330FDDC7","childShapes":[],"stencil":{"id":"ScriptTask"},"properties":{"overrideid":"S0c","name":"S0c","scriptformat":"javascript","scripttext":"\nvar currentUserId = userInfoBean.getCurrentUser().getId();\nvar currentUser = userInfoBean.getFullName(currentUserId);\nexecution.setVariable('loggedinuser', currentUser);\njava.lang.System.out.println(\"curUser: \" + currentUser);\n\nvar currentGroup = userInfoBean.getPrimaryGroupName(currentUserId);\njava.lang.System.out.println(\"curGroup: \" + currentGroup);\nexecution.setVariable('userrole', currentGroup);\n","executionlisteners":{"executionListeners":[]},"isforcompensation":false,"asynchronousdefinition":false,"exclusivedefinition":false},"outgoing":[{"resourceId":"sid-2D02CEE2-A8A8-4E1F-A94D-43A5D05CDA4C"}]},{"bounds":{"lowerRight":{"x":172.0,"y":212.0},"upperLeft":{"x":128.0,"y":212.0}},"resourceId":"sid-36D74E81-CF40-4CD2-8050-90FDC492C504","childShapes":[],"stencil":{"id":"SequenceFlow"},"dockers":[{"x":50.0,"y":40.0},{"x":25.0,"y":20.0}],"outgoing":[{"resourceId":"sid-BC5AECD0-1FC7-4497-8886-0B82330FDDC7"}],"target":{"resourceId":"sid-BC5AECD0-1FC7-4497-8886-0B82330FDDC7"},"properties":{"overrideid":"sid-36D74E81-CF40-4CD2-8050-90FDC492C504","executionlisteners":{"executionListeners":[]}}},{"bounds":{"lowerRight":{"x":172.0,"y":212.0},"upperLeft":{"x":128.0,"y":212.0}},"resourceId":"sid-2D02CEE2-A8A8-4E1F-A94D-43A5D05CDA4C","childShapes":[],"stencil":{"id":"SequenceFlow"},"dockers":[{"x":25.0,"y":20.0},{"x":25.0,"y":20.0}],"outgoing":[{"resourceId":"sid-D3A9BAD3-707B-4908-A277-038525D4C0EB"}],"target":{"resourceId":"sid-D3A9BAD3-707B-4908-A277-038525D4C0EB"},"properties":{"overrideid":"sid-2D02CEE2-A8A8-4E1F-A94D-43A5D05CDA4C","executionlisteners":{"executionListeners":[]}}},{"bounds":{"lowerRight":{"x":830.0,"y":150.0},"upperLeft":{"x":780.0,"y":110.0}},"resourceId":"sid-D8CFB269-929B-465B-95FA-83C35706BEC9","childShapes":[],"stencil":{"id":"ScriptTask"},"properties":{"overrideid":"S0d","name":"S0d","scriptformat":"javascript","scripttext":"\nvar currentUserId = userInfoBean.getCurrentUser().getId();\nvar currentUser = userInfoBean.getFullName(currentUserId);\nexecution.setVariable('loggedinuser', currentUser);\njava.lang.System.out.println(\"curUser: \" + currentUser);\n\nvar currentGroup = userInfoBean.getPrimaryGroupName(currentUserId);\njava.lang.System.out.println(\"curGroup: \" + currentGroup);\nexecution.setVariable('userrole', currentGroup);\n","executionlisteners":{"executionListeners":[]},"isforcompensation":false,"asynchronousdefinition":false,"exclusivedefinition":false},"outgoing":[{"resourceId":"sid-682B1BB4-0509-49F9-AFBC-9EBD3B02BC71"}]},{"bounds":{"lowerRight":{"x":172.0,"y":212.0},"upperLeft":{"x":128.0,"y":212.0}},"resourceId":"sid-95C6BCF1-D948-47FE-908E-4AE5589D7D04","childShapes":[],"stencil":{"id":"SequenceFlow"},"dockers":[{"x":20.0,"y":20.0},{"x":25.0,"y":20.0}],"outgoing":[{"resourceId":"sid-D8CFB269-929B-465B-95FA-83C35706BEC9"}],"target":{"resourceId":"sid-D8CFB269-929B-465B-95FA-83C35706BEC9"},"properties":{"overrideid":"sid-95C6BCF1-D948-47FE-908E-4AE5589D7D04","name":"No","executionlisteners":{"executionListeners":[]},"conditionsequenceflow":{"expression":{"index":"0","outcomeFormId":"4031","outcomeFormName":"Component Head Changes Form","rightOutcomeName":"Send back to Supervisor for changes","operator":"==","type":"variables"}}}},{"bounds":{"lowerRight":{"x":172.0,"y":212.0},"upperLeft":{"x":128.0,"y":212.0}},"resourceId":"sid-682B1BB4-0509-49F9-AFBC-9EBD3B02BC71","childShapes":[],"stencil":{"id":"SequenceFlow"},"dockers":[{"x":25.0,"y":20.0},{"x":25.0,"y":20.0}],"outgoing":[{"resourceId":"sid-DC66F332-C045-4C8F-BEC4-348B3580B2E5"}],"target":{"resourceId":"sid-DC66F332-C045-4C8F-BEC4-348B3580B2E5"},"properties":{"overrideid":"sid-682B1BB4-0509-49F9-AFBC-9EBD3B02BC71","executionlisteners":{"executionListeners":[]}}},{"bounds":{"lowerRight":{"x":650.0,"y":380.0},"upperLeft":{"x":600.0,"y":340.0}},"resourceId":"sid-455C1620-F856-4236-841D-CC64839F436C","childShapes":[],"stencil":{"id":"ScriptTask"},"properties":{"overrideid":"S0e","name":"S0e","scriptformat":"javascript","scripttext":"\nvar currentUserId = userInfoBean.getCurrentUser().getId();\nvar currentUser = userInfoBean.getFullName(currentUserId);\nexecution.setVariable('loggedinuser', currentUser);\njava.lang.System.out.println(\"curUser: \" + currentUser);\n\nvar currentGroup = userInfoBean.getPrimaryGroupName(currentUserId);\njava.lang.System.out.println(\"curGroup: \" + currentGroup);\nexecution.setVariable('userrole', currentGroup);\n\nexecution.setVariable('userrole', \"Finance\");\n","executionlisteners":{"executionListeners":[]},"isforcompensation":false,"asynchronousdefinition":false,"exclusivedefinition":false},"outgoing":[{"resourceId":"sid-A053CC10-26AB-4FCC-B82C-F7A7A6335BA6"}]},{"bounds":{"lowerRight":{"x":950.0,"y":235.0},"upperLeft":{"x":900.0,"y":195.0}},"resourceId":"sid-B44BF943-8644-48A3-958E-C2D502E274A4","childShapes":[],"stencil":{"id":"ScriptTask"},"properties":{"overrideid":"S0f","name":"S0f","scriptformat":"javascript","scripttext":"\nvar currentUserId = userInfoBean.getCurrentUser().getId();\nvar currentUser = userInfoBean.getFullName(currentUserId);\nexecution.setVariable('loggedinuser', currentUser);\njava.lang.System.out.println(\"curUser: \" + currentUser);\n\nvar currentGroup = userInfoBean.getPrimaryGroupName(currentUserId);\njava.lang.System.out.println(\"curGroup: \" + currentGroup);\nexecution.setVariable('userrole', currentGroup);\n\nexecution.setVariable('userrole', \"Finance\");\n","executionlisteners":{"executionListeners":[]},"isforcompensation":false,"asynchronousdefinition":false,"exclusivedefinition":false},"outgoing":[{"resourceId":"sid-025D4D9A-2D1D-4D08-B972-1E31A8873C81"}]},{"bounds":{"lowerRight":{"x":172.0,"y":212.0},"upperLeft":{"x":128.0,"y":212.0}},"resourceId":"sid-707492CF-985F-4900-BA57-DF129FF83A1A","childShapes":[],"stencil":{"id":"SequenceFlow"},"dockers":[{"x":20.0,"y":20.0},{"x":25.0,"y":20.0}],"outgoing":[{"resourceId":"sid-B44BF943-8644-48A3-958E-C2D502E274A4"}],"target":{"resourceId":"sid-B44BF943-8644-48A3-958E-C2D502E274A4"},"properties":{"overrideid":"sid-707492CF-985F-4900-BA57-DF129FF83A1A","executionlisteners":{"executionListeners":[]},"conditionsequenceflow":{"expression":{"index":"0","outcomeFormId":"4031","outcomeFormName":"Component Head Changes Form","rightOutcomeName":"Send back to AG for Approval","operator":"==","type":"variables"}}}},{"bounds":{"lowerRight":{"x":172.0,"y":212.0},"upperLeft":{"x":128.0,"y":212.0}},"resourceId":"sid-025D4D9A-2D1D-4D08-B972-1E31A8873C81","childShapes":[],"stencil":{"id":"SequenceFlow"},"dockers":[{"x":25.0,"y":20.0},{"x":25.0,"y":20.0}],"outgoing":[{"resourceId":"sid-2CC96512-262D-429F-B92A-9F66C71C045B"}],"target":{"resourceId":"sid-2CC96512-262D-429F-B92A-9F66C71C045B"},"properties":{"overrideid":"sid-025D4D9A-2D1D-4D08-B972-1E31A8873C81","executionlisteners":{"executionListeners":[]}}},{"bounds":{"lowerRight":{"x":1091.0,"y":310.0},"upperLeft":{"x":1041.0,"y":270.0}},"resourceId":"sid-48158960-8186-442A-9468-3BB08C7CAEB6","childShapes":[],"stencil":{"id":"ScriptTask"},"properties":{"overrideid":"S0g","name":"S0g","scriptformat":"javascript","scripttext":"\nvar currentUserId = userInfoBean.getCurrentUser().getId();\nvar currentUser = userInfoBean.getFullName(currentUserId);\nexecution.setVariable('loggedinuser', currentUser);\njava.lang.System.out.println(\"curUser: \" + currentUser);\n\nvar currentGroup = userInfoBean.getPrimaryGroupName(currentUserId);\njava.lang.System.out.println(\"curGroup: \" + currentGroup);\nexecution.setVariable('userrole', currentGroup);\n","executionlisteners":{"executionListeners":[]},"isforcompensation":false,"asynchronousdefinition":false,"exclusivedefinition":false},"outgoing":[{"resourceId":"sid-30BBD24E-7417-4D16-AFBA-B3CB1134F332"}]},{"bounds":{"lowerRight":{"x":172.0,"y":212.0},"upperLeft":{"x":128.0,"y":212.0}},"resourceId":"sid-D7EC30E5-6BD5-477E-B681-C2A87907827F","childShapes":[],"stencil":{"id":"SequenceFlow"},"dockers":[{"x":20.0,"y":20.0},{"x":25.0,"y":20.0}],"outgoing":[{"resourceId":"sid-48158960-8186-442A-9468-3BB08C7CAEB6"}],"target":{"resourceId":"sid-48158960-8186-442A-9468-3BB08C7CAEB6"},"properties":{"overrideid":"sid-D7EC30E5-6BD5-477E-B681-C2A87907827F","name":"No","executionlisteners":{"executionListeners":[]},"conditionsequenceflow":{"expression":{"index":"0","outcomeFormId":"4030","outcomeFormName":"Attorney General Approval Form","rightOutcomeName":"Send back to Component Head","operator":"==","type":"variables"}}}},{"bounds":{"lowerRight":{"x":172.0,"y":212.0},"upperLeft":{"x":128.0,"y":212.0}},"resourceId":"sid-30BBD24E-7417-4D16-AFBA-B3CB1134F332","childShapes":[],"stencil":{"id":"SequenceFlow"},"dockers":[{"x":25.0,"y":20.0},{"x":25.0,"y":20.0}],"outgoing":[{"resourceId":"sid-DA74CE68-ABDF-40F1-B51F-A1F1F4FD06A9"}],"target":{"resourceId":"sid-DA74CE68-ABDF-40F1-B51F-A1F1F4FD06A9"},"properties":{"overrideid":"sid-30BBD24E-7417-4D16-AFBA-B3CB1134F332","executionlisteners":{"executionListeners":[]}}},{"bounds":{"lowerRight":{"x":172.0,"y":212.0},"upperLeft":{"x":128.0,"y":212.0}},"resourceId":"sid-FD7438F1-B26A-4DA3-8C3F-02DFE732538F","childShapes":[],"stencil":{"id":"SequenceFlow"},"dockers":[{"x":50.0,"y":40.0},{"x":50.0,"y":40.0}],"outgoing":[{"resourceId":"sid-A0FB8CE6-101C-4C8A-881A-E26FACD1A72A"}],"target":{"resourceId":"sid-A0FB8CE6-101C-4C8A-881A-E26FACD1A72A"},"properties":{"overrideid":"sid-FD7438F1-B26A-4DA3-8C3F-02DFE732538F","executionlisteners":{"executionListeners":[]}}},{"bounds":{"lowerRight":{"x":172.0,"y":212.0},"upperLeft":{"x":128.0,"y":212.0}},"resourceId":"sid-6BDAA388-978C-42D4-B8B3-F36B08B6A4FC","childShapes":[],"stencil":{"id":"SequenceFlow"},"dockers":[{"x":20.0,"y":20.0},{"x":770.5,"y":501.56522199977013},{"x":50.0,"y":40.00000000000006}],"outgoing":[{"resourceId":"sid-CC3C96C3-070A-49EE-8B6F-63EB534C5506"}],"target":{"resourceId":"sid-CC3C96C3-070A-49EE-8B6F-63EB534C5506"},"properties":{"overrideid":"sid-6BDAA388-978C-42D4-B8B3-F36B08B6A4FC","executionlisteners":{"executionListeners":[]},"conditionsequenceflow":{"expression":{"index":"0","leftFormFieldId":"amount","rightValue":"7500","operator":"<=","nextConditionOperator":"or","nextCondition":{"index":"1","leftFormFieldId":"amount","operator":"empty"},"type":"variables"}}}},{"bounds":{"lowerRight":{"x":172.0,"y":212.0},"upperLeft":{"x":128.0,"y":212.0}},"resourceId":"sid-A053CC10-26AB-4FCC-B82C-F7A7A6335BA6","childShapes":[],"stencil":{"id":"SequenceFlow"},"dockers":[{"x":25.0,"y":20.0},{"x":25.0,"y":20.0}],"outgoing":[{"resourceId":"sid-9B043149-E994-49CF-8590-3F256D913902"}],"target":{"resourceId":"sid-9B043149-E994-49CF-8590-3F256D913902"},"properties":{"overrideid":"sid-A053CC10-26AB-4FCC-B82C-F7A7A6335BA6","executionlisteners":{"executionListeners":[]}}},{"bounds":{"lowerRight":{"x":172.0,"y":212.0},"upperLeft":{"x":128.0,"y":212.0}},"resourceId":"sid-E11EE911-83C4-44CE-A0E9-74128F4E7F29","childShapes":[],"stencil":{"id":"SequenceFlow"},"dockers":[{"x":25.0,"y":20.0},{"x":20.0,"y":20.0}],"outgoing":[{"resourceId":"sid-E70CE697-C1E6-4C90-92FB-C3422F25FC0F"}],"target":{"resourceId":"sid-E70CE697-C1E6-4C90-92FB-C3422F25FC0F"},"properties":{"overrideid":"sid-E11EE911-83C4-44CE-A0E9-74128F4E7F29","executionlisteners":{"executionListeners":[]}}},{"bounds":{"lowerRight":{"x":172.0,"y":212.0},"upperLeft":{"x":128.0,"y":212.0}},"resourceId":"sid-ECAD9230-1DD7-47D4-AC9A-87A25C0591C4","childShapes":[],"stencil":{"id":"SequenceFlow"},"dockers":[{"x":20.0,"y":20.0},{"x":50.0,"y":40.0}],"outgoing":[{"resourceId":"sid-795DD676-5389-498F-8777-C2DBE3748030"}],"target":{"resourceId":"sid-795DD676-5389-498F-8777-C2DBE3748030"},"properties":{"overrideid":"sid-ECAD9230-1DD7-47D4-AC9A-87A25C0591C4","name":"Yes","executionlisteners":{"executionListeners":[]},"conditionsequenceflow":{"expression":{"index":"0","leftFormFieldId":"amount","rightValue":"7500","operator":">","type":"variables"}}}},{"bounds":{"lowerRight":{"x":172.0,"y":212.0},"upperLeft":{"x":128.0,"y":212.0}},"resourceId":"sid-68F79F17-EC27-408A-A2A0-16C7A48F3914","childShapes":[],"stencil":{"id":"SequenceFlow"},"dockers":[{"x":20.0,"y":20.0},{"x":1066.5,"y":425.0},{"x":50.0,"y":40.00000000000006}],"outgoing":[{"resourceId":"sid-CC3C96C3-070A-49EE-8B6F-63EB534C5506"}],"target":{"resourceId":"sid-CC3C96C3-070A-49EE-8B6F-63EB534C5506"},"properties":{"overrideid":"sid-68F79F17-EC27-408A-A2A0-16C7A48F3914","name":"Yes","executionlisteners":{"executionListeners":[]},"conditionsequenceflow":{"expression":{"index":"0","outcomeFormId":"4030","outcomeFormName":"Attorney General Approval Form","rightOutcomeName":"Approve","operator":"==","type":"variables"}}}},{"bounds":{"lowerRight":{"x":172.0,"y":212.0},"upperLeft":{"x":128.0,"y":212.0}},"resourceId":"sid-FA969DB9-216F-409A-AE00-53E62705110D","childShapes":[],"stencil":{"id":"SequenceFlow"},"dockers":[{"x":20.0,"y":20.0},{"x":25.0,"y":20.0}],"outgoing":[{"resourceId":"sid-455C1620-F856-4236-841D-CC64839F436C"}],"target":{"resourceId":"sid-455C1620-F856-4236-841D-CC64839F436C"},"properties":{"overrideid":"sid-FA969DB9-216F-409A-AE00-53E62705110D","name":"Yes","executionlisteners":{"executionListeners":[]},"conditionsequenceflow":{"expression":{"index":"0","outcomeFormId":"4027","outcomeFormName":"FBI Approval Form","rightOutcomeName":"Approve","operator":"==","type":"variables"}}}}]}