<?xml version='1.0' encoding='UTF-8'?>
<definitions xmlns="http://www.omg.org/spec/BPMN/20100524/MODEL" xmlns:xsi="http://www.w3.org/2001/XMLSchema-instance" xmlns:xsd="http://www.w3.org/2001/XMLSchema" xmlns:activiti="http://activiti.org/bpmn" xmlns:bpmndi="http://www.omg.org/spec/BPMN/20100524/DI" xmlns:omgdc="http://www.omg.org/spec/DD/20100524/DC" xmlns:omgdi="http://www.omg.org/spec/DD/20100524/DI" typeLanguage="http://www.w3.org/2001/XMLSchema" expressionLanguage="http://www.w3.org/1999/XPath" targetNamespace="http://www.activiti.org/processdef" xmlns:modeler="http://activiti.com/modeler" modeler:version="1.0en" modeler:exportDateTime="20210819154123272" modeler:modelId="4034" modeler:modelVersion="1" modeler:modelLastUpdated="1554223122135">
  <process id="fbi_model" name="FBI Awards Nomination Process" isExecutable="true">
    <extensionElements>
      <modeler:executionvariables xmlns:modeler="http://activiti.com/modeler" modeler:variableName="sign" modeler:variableType="string"/>
      <modeler:executionvariables xmlns:modeler="http://activiti.com/modeler" modeler:variableName="loggedinuser" modeler:variableType="string"/>
      <modeler:executionvariables xmlns:modeler="http://activiti.com/modeler" modeler:variableName="userrole" modeler:variableType="string"/>
      <modeler:executionvariables xmlns:modeler="http://activiti.com/modeler" modeler:variableName="thedate" modeler:variableType="string"/>
    </extensionElements>
    <startEvent id="startEvent1" name="Supervisor Kickoff" activiti:formKey="4032">
      <extensionElements>
        <modeler:form-reference-id><![CDATA[4032]]></modeler:form-reference-id>
        <modeler:form-reference-name><![CDATA[fbi_kickoff]]></modeler:form-reference-name>
        <modeler:field-to-variable-mapping modeler:mappedDataModel="4033" modeler:mappedEntity="employees" modeler:formFieldId="employee" modeler:formFieldName="Employee" modeler:mappedColumn="empfullname" modeler:mappedVariableName="empfullname"/>
        <modeler:editor-resource-id><![CDATA[startEvent1]]></modeler:editor-resource-id>
      </extensionElements>
    </startEvent>
    <userTask id="sid-FE97637F-0BA7-49C0-B263-23CB478B6F5E" name="Component Head Approval" activiti:assignee="2003" activiti:formKey="4027">
      <extensionElements>
        <modeler:allow-send-email><![CDATA[true]]></modeler:allow-send-email>
        <modeler:form-reference-id><![CDATA[4027]]></modeler:form-reference-id>
        <modeler:form-reference-name><![CDATA[FBI Approval Form]]></modeler:form-reference-name>
        <modeler:activiti-idm-assignee><![CDATA[true]]></modeler:activiti-idm-assignee>
        <modeler:assignee-info-email><![CDATA[cpuser@example.com]]></modeler:assignee-info-email>
        <modeler:assignee-info-firstname><![CDATA[Doug]]></modeler:assignee-info-firstname>
        <modeler:assignee-info-lastname><![CDATA[Williams]]></modeler:assignee-info-lastname>
        <modeler:assignee-info-externalid><![CDATA[cpuser]]></modeler:assignee-info-externalid>
        <modeler:initiator-can-complete><![CDATA[false]]></modeler:initiator-can-complete>
        <modeler:editor-resource-id><![CDATA[sid-FE97637F-0BA7-49C0-B263-23CB478B6F5E]]></modeler:editor-resource-id>
      </extensionElements>
    </userTask>
    <endEvent id="sid-FCA78BD3-2B46-4519-B005-69CBB1A48CEA" name="End FBI Award Process">
      <extensionElements>
        <modeler:editor-resource-id><![CDATA[sid-FCA78BD3-2B46-4519-B005-69CBB1A48CEA]]></modeler:editor-resource-id>
      </extensionElements>
    </endEvent>
    <serviceTask id="sid-746BC883-C6EC-43FC-A303-524441A9DF3F" name="Email Rejection from CH" activiti:type="mail">
      <extensionElements>
        <activiti:field name="to">
          <activiti:expression><![CDATA[${emailBean.getProcessInitiator(execution)}]]></activiti:expression>
        </activiti:field>
        <activiti:field name="from">
          <activiti:string><![CDATA[demo@example.com]]></activiti:string>
        </activiti:field>
        <activiti:field name="text">
          <activiti:string><![CDATA[Your request was rejected]]></activiti:string>
        </activiti:field>
        <modeler:mail-to-initiator><![CDATA[true]]></modeler:mail-to-initiator>
        <modeler:editor-resource-id><![CDATA[sid-746BC883-C6EC-43FC-A303-524441A9DF3F]]></modeler:editor-resource-id>
      </extensionElements>
    </serviceTask>
    <serviceTask id="sid-5FE7AA60-0967-4CFA-949B-B5FBE7606E01" name="Publish to ACS" activiti:async="true" activiti:delegateExpression="${activiti_publishAlfrescoDelegate}">
      <extensionElements>
        <activiti:field name="contentSource">
          <activiti:string><![CDATA[process]]></activiti:string>
        </activiti:field>
        <activiti:field name="metaDataMapping">
          <activiti:string><![CDATA[[{"fileProperty":"cm:description","propertyType":"string","propertyValueType":"field","formField":{"id":"supcomments","name":"Comments","type":"text"}}]]]></activiti:string>
        </activiti:field>
        <activiti:field name="documentType">
          <activiti:string><![CDATA[cmis:document]]></activiti:string>
        </activiti:field>
        <activiti:field name="documentAspects">
          <activiti:string><![CDATA[[{"aspectName":"cm:titled"}]]]></activiti:string>
        </activiti:field>
        <activiti:field name="account">
          <activiti:string><![CDATA[alfresco-1-alfresco-1]]></activiti:string>
        </activiti:field>
        <activiti:field name="site">
          <activiti:string><![CDATA[dbp1]]></activiti:string>
        </activiti:field>
        <activiti:field name="accountUserId">
          <activiti:string><![CDATA[2005]]></activiti:string>
        </activiti:field>
        <activiti:field name="publishAsType">
          <activiti:string><![CDATA[user]]></activiti:string>
        </activiti:field>
        <activiti:field name="path">
          <activiti:string><![CDATA[0a3dbbd7-553d-441e-90c0-6a650ba08ad5]]></activiti:string>
        </activiti:field>
        <activiti:field name="createFolder">
          <activiti:expression><![CDATA[${employeeinfo}]]></activiti:expression>
        </activiti:field>
        <modeler:publish-task-type><![CDATA[alfresco]]></modeler:publish-task-type>
        <modeler:user-email><![CDATA[dennis@example.com]]></modeler:user-email>
        <modeler:user-external-id><![CDATA[dennis]]></modeler:user-external-id>
        <modeler:username><![CDATA[Dennis Greene]]></modeler:username>
        <modeler:site_title><![CDATA[Federal Bureau of Investigation]]></modeler:site_title>
        <modeler:path_title><![CDATA[documentLibrary > Human Resources > Awards]]></modeler:path_title>
        <modeler:editor-resource-id><![CDATA[sid-5FE7AA60-0967-4CFA-949B-B5FBE7606E01]]></modeler:editor-resource-id>
      </extensionElements>
    </serviceTask>
    <serviceTask id="sid-CC3C96C3-070A-49EE-8B6F-63EB534C5506" name="Generate Awards Form" activiti:async="true" activiti:delegateExpression="${activiti_generateDocumentDelegate}">
      <extensionElements>
        <activiti:field name="outputFormat">
          <activiti:string><![CDATA[word]]></activiti:string>
        </activiti:field>
        <activiti:field name="templateId">
          <activiti:string><![CDATA[3009]]></activiti:string>
        </activiti:field>
        <activiti:field name="templateName">
          <activiti:string><![CDATA[FBI_Template.docx]]></activiti:string>
        </activiti:field>
        <activiti:field name="fileName">
          <activiti:expression><![CDATA[${employee_LABEL}_Awards_Form_${thedate}]]></activiti:expression>
        </activiti:field>
        <activiti:field name="variableName">
          <activiti:string><![CDATA[award_approval]]></activiti:string>
        </activiti:field>
        <modeler:executionvariables modeler:variableName="award_approval" modeler:variableType="document"/>
        <modeler:editor-resource-id><![CDATA[sid-CC3C96C3-070A-49EE-8B6F-63EB534C5506]]></modeler:editor-resource-id>
      </extensionElements>
    </serviceTask>
    <sequenceFlow id="sid-0E4BE56B-14C6-422E-A74F-59F9F41FBA37" sourceRef="sid-5FE7AA60-0967-4CFA-949B-B5FBE7606E01" targetRef="sid-FCA78BD3-2B46-4519-B005-69CBB1A48CEA">
      <extensionElements>
        <modeler:editor-resource-id><![CDATA[sid-0E4BE56B-14C6-422E-A74F-59F9F41FBA37]]></modeler:editor-resource-id>
      </extensionElements>
    </sequenceFlow>
    <exclusiveGateway id="sid-E70CE697-C1E6-4C90-92FB-C3422F25FC0F" name="Is &lt; $7500 or NOT Schedule C Employee?">
      <extensionElements>
        <modeler:editor-resource-id><![CDATA[sid-E70CE697-C1E6-4C90-92FB-C3422F25FC0F]]></modeler:editor-resource-id>
      </extensionElements>
    </exclusiveGateway>
    <userTask id="sid-795DD676-5389-498F-8777-C2DBE3748030" name="Attorney General Approval" activiti:assignee="2002" activiti:formKey="4030">
      <extensionElements>
        <modeler:allow-send-email><![CDATA[true]]></modeler:allow-send-email>
        <modeler:form-reference-id><![CDATA[4030]]></modeler:form-reference-id>
        <modeler:form-reference-name><![CDATA[Attorney General Approval Form]]></modeler:form-reference-name>
        <modeler:activiti-idm-assignee><![CDATA[true]]></modeler:activiti-idm-assignee>
        <modeler:assignee-info-email><![CDATA[csuser@example.com]]></modeler:assignee-info-email>
        <modeler:assignee-info-firstname><![CDATA[Bruce]]></modeler:assignee-info-firstname>
        <modeler:assignee-info-lastname><![CDATA[Allen]]></modeler:assignee-info-lastname>
        <modeler:assignee-info-externalid><![CDATA[csuser]]></modeler:assignee-info-externalid>
        <modeler:initiator-can-complete><![CDATA[false]]></modeler:initiator-can-complete>
        <modeler:editor-resource-id><![CDATA[sid-795DD676-5389-498F-8777-C2DBE3748030]]></modeler:editor-resource-id>
      </extensionElements>
    </userTask>
    <userTask id="sid-82848B28-892B-4728-87C2-0576546A68AB" name="Supervisor Changes" activiti:assignee="$INITIATOR" activiti:formKey="4028">
      <extensionElements>
        <modeler:allow-send-email><![CDATA[true]]></modeler:allow-send-email>
        <modeler:form-reference-id><![CDATA[4028]]></modeler:form-reference-id>
        <modeler:form-reference-name><![CDATA[Supervisor Changes]]></modeler:form-reference-name>
        <modeler:activiti-idm-initiator><![CDATA[true]]></modeler:activiti-idm-initiator>
        <modeler:initiator-can-complete><![CDATA[false]]></modeler:initiator-can-complete>
        <modeler:editor-resource-id><![CDATA[sid-82848B28-892B-4728-87C2-0576546A68AB]]></modeler:editor-resource-id>
      </extensionElements>
    </userTask>
    <exclusiveGateway id="sid-0F7C0892-F421-4C75-A3FD-A6D6B5D58267" name="Approve?">
      <extensionElements>
        <modeler:editor-resource-id><![CDATA[sid-0F7C0892-F421-4C75-A3FD-A6D6B5D58267]]></modeler:editor-resource-id>
      </extensionElements>
    </exclusiveGateway>
    <exclusiveGateway id="sid-8A264A43-34F8-4854-B189-A835D718B872" name="AG Approve?">
      <extensionElements>
        <modeler:editor-resource-id><![CDATA[sid-8A264A43-34F8-4854-B189-A835D718B872]]></modeler:editor-resource-id>
      </extensionElements>
    </exclusiveGateway>
    <sequenceFlow id="sid-2232AF08-55AA-44C8-9226-D3E8BFF2FD0A" sourceRef="sid-795DD676-5389-498F-8777-C2DBE3748030" targetRef="sid-8A264A43-34F8-4854-B189-A835D718B872">
      <extensionElements>
        <modeler:editor-resource-id><![CDATA[sid-2232AF08-55AA-44C8-9226-D3E8BFF2FD0A]]></modeler:editor-resource-id>
      </extensionElements>
    </sequenceFlow>
    <userTask id="sid-FFE98A27-2442-452F-8341-A5BDF13C04E5" name="Component Head Adjustment" activiti:assignee="2003" activiti:formKey="4031">
      <extensionElements>
        <modeler:allow-send-email><![CDATA[true]]></modeler:allow-send-email>
        <modeler:form-reference-id><![CDATA[4031]]></modeler:form-reference-id>
        <modeler:form-reference-name><![CDATA[Component Head Changes Form]]></modeler:form-reference-name>
        <modeler:activiti-idm-assignee><![CDATA[true]]></modeler:activiti-idm-assignee>
        <modeler:assignee-info-email><![CDATA[cpuser@example.com]]></modeler:assignee-info-email>
        <modeler:assignee-info-firstname><![CDATA[Doug]]></modeler:assignee-info-firstname>
        <modeler:assignee-info-lastname><![CDATA[Williams]]></modeler:assignee-info-lastname>
        <modeler:assignee-info-externalid><![CDATA[cpuser]]></modeler:assignee-info-externalid>
        <modeler:initiator-can-complete><![CDATA[false]]></modeler:initiator-can-complete>
        <modeler:editor-resource-id><![CDATA[sid-FFE98A27-2442-452F-8341-A5BDF13C04E5]]></modeler:editor-resource-id>
      </extensionElements>
    </userTask>
    <exclusiveGateway id="sid-CBA50C10-523D-4645-B91A-AFCFF6588D98" name="Back to AG?">
      <extensionElements>
        <modeler:editor-resource-id><![CDATA[sid-CBA50C10-523D-4645-B91A-AFCFF6588D98]]></modeler:editor-resource-id>
      </extensionElements>
    </exclusiveGateway>
    <endEvent id="sid-29D2BC04-7072-4397-AFC2-A6D53E6E2CD3">
      <extensionElements>
        <modeler:editor-resource-id><![CDATA[sid-29D2BC04-7072-4397-AFC2-A6D53E6E2CD3]]></modeler:editor-resource-id>
      </extensionElements>
    </endEvent>
    <sequenceFlow id="sid-4141E0BA-BD10-4295-A481-0D5979D50432" sourceRef="sid-746BC883-C6EC-43FC-A303-524441A9DF3F" targetRef="sid-29D2BC04-7072-4397-AFC2-A6D53E6E2CD3">
      <extensionElements>
        <modeler:editor-resource-id><![CDATA[sid-4141E0BA-BD10-4295-A481-0D5979D50432]]></modeler:editor-resource-id>
      </extensionElements>
    </sequenceFlow>
    <exclusiveGateway id="sid-2595FA10-DA79-4725-8D5D-6A55980A247B" name="Back to CH">
      <extensionElements>
        <modeler:editor-resource-id><![CDATA[sid-2595FA10-DA79-4725-8D5D-6A55980A247B]]></modeler:editor-resource-id>
      </extensionElements>
    </exclusiveGateway>
    <serviceTask id="sid-D5C037C6-B271-4EDA-BE6D-865E4119F303" name="Email Rejection from AG" activiti:type="mail">
      <extensionElements>
        <activiti:field name="to">
          <activiti:expression><![CDATA[${emailBean.getProcessInitiator(execution)}]]></activiti:expression>
        </activiti:field>
        <activiti:field name="from">
          <activiti:string><![CDATA[demo@example.com]]></activiti:string>
        </activiti:field>
        <activiti:field name="text">
          <activiti:string><![CDATA[Your request was rejected]]></activiti:string>
        </activiti:field>
        <modeler:mail-to-initiator><![CDATA[true]]></modeler:mail-to-initiator>
        <modeler:editor-resource-id><![CDATA[sid-D5C037C6-B271-4EDA-BE6D-865E4119F303]]></modeler:editor-resource-id>
      </extensionElements>
    </serviceTask>
    <endEvent id="sid-8D7ED6DD-EADD-458D-A491-012C38E4397D">
      <extensionElements>
        <modeler:editor-resource-id><![CDATA[sid-8D7ED6DD-EADD-458D-A491-012C38E4397D]]></modeler:editor-resource-id>
      </extensionElements>
    </endEvent>
    <sequenceFlow id="sid-AED73ECF-344B-4D10-B639-1A06135900BD" sourceRef="sid-D5C037C6-B271-4EDA-BE6D-865E4119F303" targetRef="sid-8D7ED6DD-EADD-458D-A491-012C38E4397D">
      <extensionElements>
        <modeler:editor-resource-id><![CDATA[sid-AED73ECF-344B-4D10-B639-1A06135900BD]]></modeler:editor-resource-id>
      </extensionElements>
    </sequenceFlow>
    <endEvent id="sid-2485861F-22F6-4BC1-AFEE-0C51A2B2AAB2">
      <extensionElements>
        <modeler:editor-resource-id><![CDATA[sid-2485861F-22F6-4BC1-AFEE-0C51A2B2AAB2]]></modeler:editor-resource-id>
      </extensionElements>
    </endEvent>
    <sequenceFlow id="sid-7DA82DE4-5299-46C6-AC8D-BF33B38EB711" sourceRef="sid-494600A5-3A7C-4D38-8133-2157DD15CE5B" targetRef="sid-2485861F-22F6-4BC1-AFEE-0C51A2B2AAB2">
      <extensionElements>
        <modeler:editor-resource-id><![CDATA[sid-7DA82DE4-5299-46C6-AC8D-BF33B38EB711]]></modeler:editor-resource-id>
      </extensionElements>
    </sequenceFlow>
    <serviceTask id="sid-494600A5-3A7C-4D38-8133-2157DD15CE5B" name="Email Rejection to Supervisor" activiti:type="mail">
      <extensionElements>
        <activiti:field name="to">
          <activiti:expression><![CDATA[${emailBean.getProcessInitiator(execution)}]]></activiti:expression>
        </activiti:field>
        <activiti:field name="from">
          <activiti:string><![CDATA[demo@example.com]]></activiti:string>
        </activiti:field>
        <activiti:field name="text">
          <activiti:string><![CDATA[Your request was rejected]]></activiti:string>
        </activiti:field>
        <modeler:mail-to-initiator><![CDATA[true]]></modeler:mail-to-initiator>
        <modeler:editor-resource-id><![CDATA[sid-494600A5-3A7C-4D38-8133-2157DD15CE5B]]></modeler:editor-resource-id>
      </extensionElements>
    </serviceTask>
    <sequenceFlow id="sid-BFD47765-68B1-41B6-92BB-2498CB2FED40" name="Cancel" sourceRef="sid-0F7C0892-F421-4C75-A3FD-A6D6B5D58267" targetRef="sid-746BC883-C6EC-43FC-A303-524441A9DF3F">
      <extensionElements>
        <modeler:conditionDefinition modeler:index="0" modeler:outcomeFormId="4027" modeler:outcomeFormName="FBI Approval Form" modeler:rightOutcomeName="Cancel Award" modeler:operator="=="/>
        <modeler:editor-resource-id><![CDATA[sid-BFD47765-68B1-41B6-92BB-2498CB2FED40]]></modeler:editor-resource-id>
      </extensionElements>
      <conditionExpression xsi:type="tFormalExpression"><![CDATA[${(activiti_flowConditionsBean.exists(execution, 'form4027outcome') && form4027outcome == 'Cancel Award')}]]></conditionExpression>
    </sequenceFlow>
    <sequenceFlow id="sid-6C8A8746-459C-426E-BD51-55A9265EE85B" sourceRef="sid-2595FA10-DA79-4725-8D5D-6A55980A247B" targetRef="sid-494600A5-3A7C-4D38-8133-2157DD15CE5B">
      <extensionElements>
        <modeler:conditionDefinition modeler:index="0" modeler:outcomeFormId="4028" modeler:outcomeFormName="Supervisor Changes" modeler:rightOutcomeName="Cancel Award" modeler:operator="=="/>
        <modeler:editor-resource-id><![CDATA[sid-6C8A8746-459C-426E-BD51-55A9265EE85B]]></modeler:editor-resource-id>
      </extensionElements>
      <conditionExpression xsi:type="tFormalExpression"><![CDATA[${(activiti_flowConditionsBean.exists(execution, 'form4028outcome') && form4028outcome == 'Cancel Award')}]]></conditionExpression>
    </sequenceFlow>
    <sequenceFlow id="sid-4DA5E70D-F6E0-45C3-AA44-FE5603FA7171" sourceRef="sid-8A264A43-34F8-4854-B189-A835D718B872" targetRef="sid-D5C037C6-B271-4EDA-BE6D-865E4119F303">
      <extensionElements>
        <modeler:conditionDefinition modeler:index="0" modeler:outcomeFormId="4030" modeler:outcomeFormName="Attorney General Approval Form" modeler:rightOutcomeName="Cancel Award" modeler:operator="=="/>
        <modeler:editor-resource-id><![CDATA[sid-4DA5E70D-F6E0-45C3-AA44-FE5603FA7171]]></modeler:editor-resource-id>
      </extensionElements>
      <conditionExpression xsi:type="tFormalExpression"><![CDATA[${(activiti_flowConditionsBean.exists(execution, 'form4030outcome') && form4030outcome == 'Cancel Award')}]]></conditionExpression>
    </sequenceFlow>
    <serviceTask id="sid-56AEDB88-E7D8-4DE4-9FA4-327CE69FBAEF" name="Email Rejection from CH after AG" activiti:type="mail">
      <extensionElements>
        <activiti:field name="to">
          <activiti:expression><![CDATA[${emailBean.getProcessInitiator(execution)}]]></activiti:expression>
        </activiti:field>
        <activiti:field name="from">
          <activiti:string><![CDATA[demo@example.com]]></activiti:string>
        </activiti:field>
        <activiti:field name="text">
          <activiti:string><![CDATA[Your request was rejected]]></activiti:string>
        </activiti:field>
        <modeler:mail-to-initiator><![CDATA[true]]></modeler:mail-to-initiator>
        <modeler:editor-resource-id><![CDATA[sid-56AEDB88-E7D8-4DE4-9FA4-327CE69FBAEF]]></modeler:editor-resource-id>
      </extensionElements>
    </serviceTask>
    <sequenceFlow id="sid-9CC81041-10F7-4E17-B690-5F30590D183F" sourceRef="sid-FFE98A27-2442-452F-8341-A5BDF13C04E5" targetRef="sid-56AEDB88-E7D8-4DE4-9FA4-327CE69FBAEF">
      <extensionElements>
        <modeler:editor-resource-id><![CDATA[sid-9CC81041-10F7-4E17-B690-5F30590D183F]]></modeler:editor-resource-id>
      </extensionElements>
    </sequenceFlow>
    <endEvent id="sid-1977A3DF-6269-4BD3-8723-0457DD7AD4D4">
      <extensionElements>
        <modeler:editor-resource-id><![CDATA[sid-1977A3DF-6269-4BD3-8723-0457DD7AD4D4]]></modeler:editor-resource-id>
      </extensionElements>
    </endEvent>
    <sequenceFlow id="sid-CDADACED-A931-4BD9-AA9A-2EBB77330F1B" sourceRef="sid-56AEDB88-E7D8-4DE4-9FA4-327CE69FBAEF" targetRef="sid-1977A3DF-6269-4BD3-8723-0457DD7AD4D4">
      <extensionElements>
        <modeler:editor-resource-id><![CDATA[sid-CDADACED-A931-4BD9-AA9A-2EBB77330F1B]]></modeler:editor-resource-id>
      </extensionElements>
    </sequenceFlow>
    <scriptTask id="S1" name="S1" scriptFormat="groovy" activiti:autoStoreVariables="false">
      <extensionElements>
        <modeler:editor-resource-id><![CDATA[sid-0784C898-2B62-40FB-A9F8-2B1DFE8064B1]]></modeler:editor-resource-id>
      </extensionElements>
      <script><![CDATA[import groovy.json.JsonOutput;
import groovy.json.JsonSlurper;
import groovy.json.JsonParserType;

def liu = execution.getVariable('loggedinuser')
println "i am: " + liu + "."

//get current date
//String mydate = new Date().format( 'MM/dd/yyyy' )

def mydate = new Date()
mydate.setHours(mydate.getHours() - 4);
String mytextdate = new Date().format( 'yyyy-MM-dd HHmmssS' )
println "The Date Is " + mytextdate + "."
def r = execution.setVariable('thedate',mytextdate)

def s = execution.setVariable('employeeinfo',execution.getVariable('employee'))


def newEntry = [:]
newEntry['auditdate']=mydate
newEntry['auditname']=liu
newEntry['auditform']="Supervisor Nomination"
newEntry['auditcomments']=execution.getVariable('supcomments')

def jsonObj;
println newEntry
if (execution.getVariable('tblhistory')){
    def jsonText = execution.getVariable('tblhistory');
    def parser = new JsonSlurper().setType(JsonParserType.LAX);
    jsonObj = parser.parseText(jsonText);
    println jsonObj
}else{
    jsonObj = []
}
    jsonObj.add(newEntry)
    def newTable = JsonOutput.toJson(jsonObj);

    execution.setVariable('tblhistory', newTable);
]]></script>
    </scriptTask>
    <sequenceFlow id="sid-889FCEEF-0E49-45A0-810F-232CA817E2D6" sourceRef="S1" targetRef="sid-FE97637F-0BA7-49C0-B263-23CB478B6F5E">
      <extensionElements>
        <modeler:editor-resource-id><![CDATA[sid-889FCEEF-0E49-45A0-810F-232CA817E2D6]]></modeler:editor-resource-id>
      </extensionElements>
    </sequenceFlow>
    <scriptTask id="S2" name="S2" scriptFormat="groovy" activiti:autoStoreVariables="false">
      <extensionElements>
        <modeler:editor-resource-id><![CDATA[sid-12203393-40AA-4D79-B9D4-ECC84329559B]]></modeler:editor-resource-id>
      </extensionElements>
      <script><![CDATA[import groovy.json.JsonOutput;
import groovy.json.JsonSlurper;
import groovy.json.JsonParserType;

def liu = execution.getVariable('loggedinuser')
println "i am: " + liu + "."

//get current date
//String mydate = new Date().format( 'MM/dd/yyyy' )
def mydate = new Date()
mydate.setHours(mydate.getHours() - 4);

def newEntry = [:]
newEntry['auditdate']=mydate
newEntry['auditname']=liu
newEntry['auditform']="Component Head Approval"
newEntry['auditcomments']=execution.getVariable('chcomments')

def jsonObj;
println "new json"
println newEntry

if (execution.getVariable('tblhistory')){
    def jsonText = execution.getVariable('tblhistory');
    def parser = new JsonSlurper().setType(JsonParserType.LAX);
    jsonObj = parser.parseText(jsonText);
    println "existing json"
    println jsonObj
}else{
    jsonObj = []
}

jsonObj.add(newEntry)
def newTable = JsonOutput.toJson(jsonObj);

execution.setVariable('tblhistory2', newTable);
]]></script>
    </scriptTask>
    <sequenceFlow id="sid-F368391E-D61B-437A-9FBD-528F5CBDA1CE" sourceRef="S2" targetRef="sid-82848B28-892B-4728-87C2-0576546A68AB">
      <extensionElements>
        <modeler:editor-resource-id><![CDATA[sid-F368391E-D61B-437A-9FBD-528F5CBDA1CE]]></modeler:editor-resource-id>
      </extensionElements>
    </sequenceFlow>
    <sequenceFlow id="sid-104764AD-88C2-4065-B48B-F392F82E1240" sourceRef="sid-FE97637F-0BA7-49C0-B263-23CB478B6F5E" targetRef="sid-0F7C0892-F421-4C75-A3FD-A6D6B5D58267">
      <extensionElements>
        <modeler:editor-resource-id><![CDATA[sid-104764AD-88C2-4065-B48B-F392F82E1240]]></modeler:editor-resource-id>
      </extensionElements>
    </sequenceFlow>
    <scriptTask id="S3" name="S3" scriptFormat="groovy" activiti:autoStoreVariables="false">
      <extensionElements>
        <modeler:editor-resource-id><![CDATA[sid-D3A9BAD3-707B-4908-A277-038525D4C0EB]]></modeler:editor-resource-id>
      </extensionElements>
      <script><![CDATA[import groovy.json.JsonOutput;
import groovy.json.JsonSlurper;
import groovy.json.JsonParserType;

def liu = execution.getVariable('loggedinuser')
println "i am: " + liu + "."

//get current date
//String mydate = new Date().format( 'MM/dd/yyyy' )
def mydate = new Date()
mydate.setHours(mydate.getHours() - 4);

def newEntry = [:]
newEntry['auditdate']=mydate
newEntry['auditname']=liu
newEntry['auditform']="Supervisor Changes"
newEntry['auditcomments']=execution.getVariable('supchangescomments')

def jsonObj;
println "new json"
println newEntry

if (execution.getVariable('tblhistory2')){
    def jsonText = execution.getVariable('tblhistory2');
    def parser = new JsonSlurper().setType(JsonParserType.LAX);
    jsonObj = parser.parseText(jsonText);
    println "existing json"
    println jsonObj
}else{
    jsonObj = []
}

jsonObj.add(newEntry)
def newTable = JsonOutput.toJson(jsonObj);

execution.setVariable('tblhistory', newTable);
]]></script>
    </scriptTask>
    <sequenceFlow id="sid-50505126-CCC8-4D34-94A8-7DBDD7E6F0E0" sourceRef="S3" targetRef="sid-2595FA10-DA79-4725-8D5D-6A55980A247B">
      <extensionElements>
        <modeler:editor-resource-id><![CDATA[sid-50505126-CCC8-4D34-94A8-7DBDD7E6F0E0]]></modeler:editor-resource-id>
      </extensionElements>
    </sequenceFlow>
    <scriptTask id="S4" name="S4" scriptFormat="groovy" activiti:autoStoreVariables="false">
      <extensionElements>
        <modeler:editor-resource-id><![CDATA[sid-9B043149-E994-49CF-8590-3F256D913902]]></modeler:editor-resource-id>
      </extensionElements>
      <script><![CDATA[import groovy.json.JsonOutput;
import groovy.json.JsonSlurper;
import groovy.json.JsonParserType;

def liu = execution.getVariable('loggedinuser')
println "i am: " + liu + "."

//get current date
//String mydate = new Date().format( 'MM/dd/yyyy' )
def mydate = new Date()
mydate.setHours(mydate.getHours() - 4);

def newEntry = [:]
newEntry['auditdate']=mydate
newEntry['auditname']=liu
newEntry['auditform']="Component Head Approval"
newEntry['auditcomments']=execution.getVariable('chcomments')

def jsonObj;
println "new json"
println newEntry

if (execution.getVariable('tblhistory')){
    def jsonText = execution.getVariable('tblhistory');
    def parser = new JsonSlurper().setType(JsonParserType.LAX);
    jsonObj = parser.parseText(jsonText);
    println "existing json"
    println jsonObj
}else{
    jsonObj = []
}

jsonObj.add(newEntry)
def newTable = JsonOutput.toJson(jsonObj);

execution.setVariable('tblhistory3', newTable);
]]></script>
    </scriptTask>
    <scriptTask id="S5" name="S5" scriptFormat="groovy" activiti:autoStoreVariables="false">
      <extensionElements>
        <modeler:editor-resource-id><![CDATA[sid-DA74CE68-ABDF-40F1-B51F-A1F1F4FD06A9]]></modeler:editor-resource-id>
      </extensionElements>
      <script><![CDATA[import groovy.json.JsonOutput;
import groovy.json.JsonSlurper;
import groovy.json.JsonParserType;

def liu = execution.getVariable('loggedinuser')
println "i am: " + liu + "."

//get current date
//String mydate = new Date().format( 'MM/dd/yyyy' )
def mydate = new Date()
mydate.setHours(mydate.getHours() - 4);

def newEntry = [:]
newEntry['auditdate']=mydate
newEntry['auditname']=liu
newEntry['auditform']="Attorney General Approval"
newEntry['auditcomments']=execution.getVariable('agcomments')

def jsonObj;
println "new json"
println newEntry

if (execution.getVariable('tblhistory3')){
    def jsonText = execution.getVariable('tblhistory3');
    def parser = new JsonSlurper().setType(JsonParserType.LAX);
    jsonObj = parser.parseText(jsonText);
    println "existing json"
    println jsonObj
}else{
    jsonObj = []
}

jsonObj.add(newEntry)
def newTable = JsonOutput.toJson(jsonObj);

execution.setVariable('tblhistory4', newTable);
]]></script>
    </scriptTask>
    <sequenceFlow id="sid-24E0A39B-B2E1-402F-81A4-863375604968" sourceRef="S5" targetRef="sid-FFE98A27-2442-452F-8341-A5BDF13C04E5">
      <extensionElements>
        <modeler:editor-resource-id><![CDATA[sid-24E0A39B-B2E1-402F-81A4-863375604968]]></modeler:editor-resource-id>
      </extensionElements>
    </sequenceFlow>
    <scriptTask id="S6" name="S6" scriptFormat="groovy" activiti:autoStoreVariables="false">
      <extensionElements>
        <modeler:editor-resource-id><![CDATA[sid-2CC96512-262D-429F-B92A-9F66C71C045B]]></modeler:editor-resource-id>
      </extensionElements>
      <script><![CDATA[import groovy.json.JsonOutput;
import groovy.json.JsonSlurper;
import groovy.json.JsonParserType;

def liu = execution.getVariable('loggedinuser')
println "i am: " + liu + "."

//get current date
//String mydate = new Date().format( 'MM/dd/yyyy' )
def mydate = new Date()
mydate.setHours(mydate.getHours() - 4);

def newEntry = [:]
newEntry['auditdate']=mydate
newEntry['auditname']=liu
newEntry['auditform']="Component Head Changes"
newEntry['auditcomments']=execution.getVariable('chchangescomments')

def jsonObj;
println "new json"
println newEntry

if (execution.getVariable('tblhistory4')){
    def jsonText = execution.getVariable('tblhistory4');
    def parser = new JsonSlurper().setType(JsonParserType.LAX);
    jsonObj = parser.parseText(jsonText);
    println "existing json"
    println jsonObj
}else{
    jsonObj = []
}

jsonObj.add(newEntry)
def newTable = JsonOutput.toJson(jsonObj);

execution.setVariable('tblhistory3', newTable);
]]></script>
    </scriptTask>
    <sequenceFlow id="sid-F6CBC8E1-CF8F-4FE0-A053-D7C3B92DB1CD" sourceRef="S6" targetRef="sid-795DD676-5389-498F-8777-C2DBE3748030">
      <extensionElements>
        <modeler:editor-resource-id><![CDATA[sid-F6CBC8E1-CF8F-4FE0-A053-D7C3B92DB1CD]]></modeler:editor-resource-id>
      </extensionElements>
    </sequenceFlow>
    <scriptTask id="S7" name="S7" scriptFormat="groovy" activiti:autoStoreVariables="false">
      <extensionElements>
        <modeler:editor-resource-id><![CDATA[sid-DC66F332-C045-4C8F-BEC4-348B3580B2E5]]></modeler:editor-resource-id>
      </extensionElements>
      <script><![CDATA[import groovy.json.JsonOutput;
import groovy.json.JsonSlurper;
import groovy.json.JsonParserType;

def liu = execution.getVariable('loggedinuser')
println "i am: " + liu + "."

//get current date
//String mydate = new Date().format( 'MM/dd/yyyy' )
def mydate = new Date()
mydate.setHours(mydate.getHours() - 4);

def newEntry = [:]
newEntry['auditdate']=mydate
newEntry['auditname']=liu
newEntry['auditform']="Component Head Changes"
newEntry['auditcomments']=execution.getVariable('chchangescomments')

def jsonObj;
println "new json"
println newEntry

if (execution.getVariable('tblhistory4')){
    def jsonText = execution.getVariable('tblhistory4');
    def parser = new JsonSlurper().setType(JsonParserType.LAX);
    jsonObj = parser.parseText(jsonText);
    println "existing json"
    println jsonObj
}else{
    jsonObj = []
}

jsonObj.add(newEntry)
def newTable = JsonOutput.toJson(jsonObj);

execution.setVariable('tblhistory2', newTable);
]]></script>
    </scriptTask>
    <sequenceFlow id="sid-7BADD13E-AD56-4D5A-B9BB-509B7D2E0C3C" sourceRef="S7" targetRef="sid-82848B28-892B-4728-87C2-0576546A68AB">
      <extensionElements>
        <modeler:editor-resource-id><![CDATA[sid-7BADD13E-AD56-4D5A-B9BB-509B7D2E0C3C]]></modeler:editor-resource-id>
      </extensionElements>
    </sequenceFlow>
    <sequenceFlow id="sid-2A70D481-3820-454B-8E9D-D0A4588A6B78" sourceRef="sid-FFE98A27-2442-452F-8341-A5BDF13C04E5" targetRef="sid-CBA50C10-523D-4645-B91A-AFCFF6588D98">
      <extensionElements>
        <modeler:editor-resource-id><![CDATA[sid-2A70D481-3820-454B-8E9D-D0A4588A6B78]]></modeler:editor-resource-id>
      </extensionElements>
    </sequenceFlow>
    <scriptTask id="S0a" name="S0a" scriptFormat="javascript" activiti:autoStoreVariables="false">
      <extensionElements>
        <modeler:editor-resource-id><![CDATA[sid-6D65912B-2460-4AC1-BE1C-BBBE6062ED4F]]></modeler:editor-resource-id>
      </extensionElements>
      <script><![CDATA[
var currentUserId = userInfoBean.getCurrentUser().getId();
var currentUser = userInfoBean.getFullName(currentUserId);
execution.setVariable('loggedinuser', currentUser);
java.lang.System.out.println("curUser: " + currentUser);

var currentGroup = userInfoBean.getPrimaryGroupName(currentUserId);
java.lang.System.out.println("curGroup: " + currentGroup);
execution.setVariable('userrole', currentGroup);
]]></script>
    </scriptTask>
    <sequenceFlow id="sid-7018B513-5BA6-48D0-B85C-2B9F09EF8269" sourceRef="startEvent1" targetRef="S0a">
      <extensionElements>
        <modeler:editor-resource-id><![CDATA[sid-7018B513-5BA6-48D0-B85C-2B9F09EF8269]]></modeler:editor-resource-id>
      </extensionElements>
    </sequenceFlow>
    <sequenceFlow id="sid-DDCBB582-09FF-4F50-B233-152C184AF9E9" sourceRef="S0a" targetRef="S1">
      <extensionElements>
        <modeler:editor-resource-id><![CDATA[sid-DDCBB582-09FF-4F50-B233-152C184AF9E9]]></modeler:editor-resource-id>
      </extensionElements>
    </sequenceFlow>
    <userTask id="sid-A0FB8CE6-101C-4C8A-881A-E26FACD1A72A" name="Servicing AO Processing" activiti:assignee="2005" activiti:formKey="4029">
      <extensionElements>
        <modeler:allow-send-email><![CDATA[true]]></modeler:allow-send-email>
        <modeler:form-reference-id><![CDATA[4029]]></modeler:form-reference-id>
        <modeler:form-reference-name><![CDATA[Servicing AO Processing]]></modeler:form-reference-name>
        <modeler:activiti-idm-assignee><![CDATA[true]]></modeler:activiti-idm-assignee>
        <modeler:assignee-info-email><![CDATA[lcuser@example.com]]></modeler:assignee-info-email>
        <modeler:assignee-info-firstname><![CDATA[Dennis]]></modeler:assignee-info-firstname>
        <modeler:assignee-info-lastname><![CDATA[Greene]]></modeler:assignee-info-lastname>
        <modeler:assignee-info-externalid><![CDATA[lcuser]]></modeler:assignee-info-externalid>
        <modeler:initiator-can-complete><![CDATA[true]]></modeler:initiator-can-complete>
        <modeler:editor-resource-id><![CDATA[sid-A0FB8CE6-101C-4C8A-881A-E26FACD1A72A]]></modeler:editor-resource-id>
      </extensionElements>
    </userTask>
    <serviceTask id="sid-790CCD31-D182-4B0C-A3BB-2AB74832154D" name="Email Rejection from Servicing AO" activiti:type="mail">
      <extensionElements>
        <activiti:field name="to">
          <activiti:expression><![CDATA[${emailBean.getProcessInitiator(execution)}]]></activiti:expression>
        </activiti:field>
        <activiti:field name="from">
          <activiti:string><![CDATA[demo@example.com]]></activiti:string>
        </activiti:field>
        <activiti:field name="text">
          <activiti:string><![CDATA[Your request was rejected]]></activiti:string>
        </activiti:field>
        <modeler:mail-to-initiator><![CDATA[true]]></modeler:mail-to-initiator>
        <modeler:editor-resource-id><![CDATA[sid-790CCD31-D182-4B0C-A3BB-2AB74832154D]]></modeler:editor-resource-id>
      </extensionElements>
    </serviceTask>
    <endEvent id="sid-42BF545F-B722-4D68-8F74-83E7D59ACD60">
      <extensionElements>
        <modeler:editor-resource-id><![CDATA[sid-42BF545F-B722-4D68-8F74-83E7D59ACD60]]></modeler:editor-resource-id>
      </extensionElements>
    </endEvent>
    <sequenceFlow id="sid-68BB6D6B-5069-4BD2-AA95-EE5E45F6FA79" sourceRef="sid-790CCD31-D182-4B0C-A3BB-2AB74832154D" targetRef="sid-42BF545F-B722-4D68-8F74-83E7D59ACD60">
      <extensionElements>
        <modeler:editor-resource-id><![CDATA[sid-68BB6D6B-5069-4BD2-AA95-EE5E45F6FA79]]></modeler:editor-resource-id>
      </extensionElements>
    </sequenceFlow>
    <sequenceFlow id="sid-CE60F560-339A-4F73-B42D-BBFD4E9B2B2E" sourceRef="sid-2595FA10-DA79-4725-8D5D-6A55980A247B" targetRef="sid-FE97637F-0BA7-49C0-B263-23CB478B6F5E">
      <extensionElements>
        <modeler:conditionDefinition modeler:index="0" modeler:outcomeFormId="4028" modeler:outcomeFormName="Supervisor Changes" modeler:rightOutcomeName="Send back to Component Head" modeler:operator="=="/>
        <modeler:editor-resource-id><![CDATA[sid-CE60F560-339A-4F73-B42D-BBFD4E9B2B2E]]></modeler:editor-resource-id>
      </extensionElements>
      <conditionExpression xsi:type="tFormalExpression"><![CDATA[${(activiti_flowConditionsBean.exists(execution, 'form4028outcome') && form4028outcome == 'Send back to Component Head')}]]></conditionExpression>
    </sequenceFlow>
    <serviceTask id="sid-66158485-6CCC-4FEC-907B-762297BBA68A" name="Generate Awards Certificate" activiti:async="true" activiti:delegateExpression="${activiti_generateDocumentDelegate}">
      <extensionElements>
        <activiti:field name="outputFormat">
          <activiti:string><![CDATA[word]]></activiti:string>
        </activiti:field>
        <activiti:field name="templateId">
          <activiti:string><![CDATA[3008]]></activiti:string>
        </activiti:field>
        <activiti:field name="templateName">
          <activiti:string><![CDATA[Certificate.docx]]></activiti:string>
        </activiti:field>
        <activiti:field name="fileName">
          <activiti:expression><![CDATA[${employee_LABEL}_Certificate_${thedate}]]></activiti:expression>
        </activiti:field>
        <activiti:field name="variableName">
          <activiti:string><![CDATA[award_approval]]></activiti:string>
        </activiti:field>
        <modeler:executionvariables modeler:variableName="award_approval" modeler:variableType="document"/>
        <modeler:editor-resource-id><![CDATA[sid-66158485-6CCC-4FEC-907B-762297BBA68A]]></modeler:editor-resource-id>
      </extensionElements>
    </serviceTask>
    <sequenceFlow id="sid-A7F68DD0-1F6F-4CA9-BEC1-F9EE86202A18" sourceRef="sid-66158485-6CCC-4FEC-907B-762297BBA68A" targetRef="sid-5FE7AA60-0967-4CFA-949B-B5FBE7606E01">
      <extensionElements>
        <modeler:editor-resource-id><![CDATA[sid-A7F68DD0-1F6F-4CA9-BEC1-F9EE86202A18]]></modeler:editor-resource-id>
      </extensionElements>
    </sequenceFlow>
    <exclusiveGateway id="sid-F614EE93-6DCD-4306-9BB5-C6EF1D212D2D">
      <extensionElements>
        <modeler:editor-resource-id><![CDATA[sid-F614EE93-6DCD-4306-9BB5-C6EF1D212D2D]]></modeler:editor-resource-id>
      </extensionElements>
    </exclusiveGateway>
    <sequenceFlow id="sid-6610E24F-533C-406C-ACCF-72F42AF24C43" sourceRef="sid-A0FB8CE6-101C-4C8A-881A-E26FACD1A72A" targetRef="sid-F614EE93-6DCD-4306-9BB5-C6EF1D212D2D">
      <extensionElements>
        <modeler:editor-resource-id><![CDATA[sid-6610E24F-533C-406C-ACCF-72F42AF24C43]]></modeler:editor-resource-id>
      </extensionElements>
    </sequenceFlow>
    <sequenceFlow id="sid-EED8A3CE-0E01-41E7-987B-92CAD9278C67" sourceRef="sid-F614EE93-6DCD-4306-9BB5-C6EF1D212D2D" targetRef="sid-790CCD31-D182-4B0C-A3BB-2AB74832154D">
      <extensionElements>
        <modeler:conditionDefinition modeler:index="0" modeler:outcomeFormId="4029" modeler:outcomeFormName="Servicing AO Processing" modeler:rightOutcomeName="Cancel Award" modeler:operator="=="/>
        <modeler:editor-resource-id><![CDATA[sid-EED8A3CE-0E01-41E7-987B-92CAD9278C67]]></modeler:editor-resource-id>
      </extensionElements>
      <conditionExpression xsi:type="tFormalExpression"><![CDATA[${(activiti_flowConditionsBean.exists(execution, 'form4029outcome') && form4029outcome == 'Cancel Award')}]]></conditionExpression>
    </sequenceFlow>
    <sequenceFlow id="sid-BE76F42A-6791-45E1-8005-B6E19D83C223" sourceRef="sid-F614EE93-6DCD-4306-9BB5-C6EF1D212D2D" targetRef="sid-66158485-6CCC-4FEC-907B-762297BBA68A">
      <extensionElements>
        <modeler:conditionDefinition modeler:index="0" modeler:outcomeFormId="4029" modeler:outcomeFormName="Servicing AO Processing" modeler:rightOutcomeName="Process Award" modeler:operator="=="/>
        <modeler:editor-resource-id><![CDATA[sid-BE76F42A-6791-45E1-8005-B6E19D83C223]]></modeler:editor-resource-id>
      </extensionElements>
      <conditionExpression xsi:type="tFormalExpression"><![CDATA[${(activiti_flowConditionsBean.exists(execution, 'form4029outcome') && form4029outcome == 'Process Award')}]]></conditionExpression>
    </sequenceFlow>
    <serviceTask id="sid-576D53F1-70C8-471D-8880-5315C1BA2609" name="Notify Supervisor about Stage" activiti:type="mail">
      <extensionElements>
        <activiti:field name="to">
          <activiti:expression><![CDATA[${emailBean.getProcessInitiator(execution)}]]></activiti:expression>
        </activiti:field>
        <activiti:field name="from">
          <activiti:string><![CDATA[demo@example.com]]></activiti:string>
        </activiti:field>
        <activiti:field name="subject">
          <activiti:string><![CDATA[Award has reached the Servicing AO]]></activiti:string>
        </activiti:field>
        <activiti:field name="text">
          <activiti:string><![CDATA[Award has received the Servicing AO]]></activiti:string>
        </activiti:field>
        <modeler:mail-to-initiator><![CDATA[true]]></modeler:mail-to-initiator>
        <modeler:editor-resource-id><![CDATA[sid-576D53F1-70C8-471D-8880-5315C1BA2609]]></modeler:editor-resource-id>
      </extensionElements>
    </serviceTask>
    <sequenceFlow id="sid-82E68041-B6ED-43C1-894E-A6B9E3AAB14F" sourceRef="sid-CC3C96C3-070A-49EE-8B6F-63EB534C5506" targetRef="sid-576D53F1-70C8-471D-8880-5315C1BA2609">
      <extensionElements>
        <modeler:editor-resource-id><![CDATA[sid-82E68041-B6ED-43C1-894E-A6B9E3AAB14F]]></modeler:editor-resource-id>
      </extensionElements>
    </sequenceFlow>
    <scriptTask id="S0b" name="S0b" scriptFormat="javascript" activiti:autoStoreVariables="false">
      <extensionElements>
        <modeler:editor-resource-id><![CDATA[sid-6BFC1EFA-E2D4-4512-9B49-57D6B021DB78]]></modeler:editor-resource-id>
      </extensionElements>
      <script><![CDATA[
var currentUserId = userInfoBean.getCurrentUser().getId();
var currentUser = userInfoBean.getFullName(currentUserId);
execution.setVariable('loggedinuser', currentUser);
java.lang.System.out.println("curUser: " + currentUser);

var currentGroup = userInfoBean.getPrimaryGroupName(currentUserId);
java.lang.System.out.println("curGroup: " + currentGroup);
execution.setVariable('userrole', currentGroup);
]]></script>
    </scriptTask>
    <sequenceFlow id="sid-CD94F4F9-011A-4DD3-AC19-5975DFDC1DDC" name="No" sourceRef="sid-0F7C0892-F421-4C75-A3FD-A6D6B5D58267" targetRef="S0b">
      <extensionElements>
        <modeler:conditionDefinition modeler:index="0" modeler:outcomeFormId="4027" modeler:outcomeFormName="FBI Approval Form" modeler:rightOutcomeName="Send Back to Supervisor" modeler:operator="=="/>
        <modeler:editor-resource-id><![CDATA[sid-CD94F4F9-011A-4DD3-AC19-5975DFDC1DDC]]></modeler:editor-resource-id>
      </extensionElements>
      <conditionExpression xsi:type="tFormalExpression"><![CDATA[${(activiti_flowConditionsBean.exists(execution, 'form4027outcome') && form4027outcome == 'Send Back to Supervisor')}]]></conditionExpression>
    </sequenceFlow>
    <sequenceFlow id="sid-739887FC-2803-42BA-B272-711A5623C2F8" sourceRef="S0b" targetRef="S2">
      <extensionElements>
        <modeler:editor-resource-id><![CDATA[sid-739887FC-2803-42BA-B272-711A5623C2F8]]></modeler:editor-resource-id>
      </extensionElements>
    </sequenceFlow>
    <scriptTask id="S0c" name="S0c" scriptFormat="javascript" activiti:autoStoreVariables="false">
      <extensionElements>
        <modeler:editor-resource-id><![CDATA[sid-BC5AECD0-1FC7-4497-8886-0B82330FDDC7]]></modeler:editor-resource-id>
      </extensionElements>
      <script><![CDATA[
var currentUserId = userInfoBean.getCurrentUser().getId();
var currentUser = userInfoBean.getFullName(currentUserId);
execution.setVariable('loggedinuser', currentUser);
java.lang.System.out.println("curUser: " + currentUser);

var currentGroup = userInfoBean.getPrimaryGroupName(currentUserId);
java.lang.System.out.println("curGroup: " + currentGroup);
execution.setVariable('userrole', currentGroup);
]]></script>
    </scriptTask>
    <sequenceFlow id="sid-36D74E81-CF40-4CD2-8050-90FDC492C504" sourceRef="sid-82848B28-892B-4728-87C2-0576546A68AB" targetRef="S0c">
      <extensionElements>
        <modeler:editor-resource-id><![CDATA[sid-36D74E81-CF40-4CD2-8050-90FDC492C504]]></modeler:editor-resource-id>
      </extensionElements>
    </sequenceFlow>
    <sequenceFlow id="sid-2D02CEE2-A8A8-4E1F-A94D-43A5D05CDA4C" sourceRef="S0c" targetRef="S3">
      <extensionElements>
        <modeler:editor-resource-id><![CDATA[sid-2D02CEE2-A8A8-4E1F-A94D-43A5D05CDA4C]]></modeler:editor-resource-id>
      </extensionElements>
    </sequenceFlow>
    <scriptTask id="S0d" name="S0d" scriptFormat="javascript" activiti:autoStoreVariables="false">
      <extensionElements>
        <modeler:editor-resource-id><![CDATA[sid-D8CFB269-929B-465B-95FA-83C35706BEC9]]></modeler:editor-resource-id>
      </extensionElements>
      <script><![CDATA[
var currentUserId = userInfoBean.getCurrentUser().getId();
var currentUser = userInfoBean.getFullName(currentUserId);
execution.setVariable('loggedinuser', currentUser);
java.lang.System.out.println("curUser: " + currentUser);

var currentGroup = userInfoBean.getPrimaryGroupName(currentUserId);
java.lang.System.out.println("curGroup: " + currentGroup);
execution.setVariable('userrole', currentGroup);
]]></script>
    </scriptTask>
    <sequenceFlow id="sid-95C6BCF1-D948-47FE-908E-4AE5589D7D04" name="No" sourceRef="sid-CBA50C10-523D-4645-B91A-AFCFF6588D98" targetRef="S0d">
      <extensionElements>
        <modeler:conditionDefinition modeler:index="0" modeler:outcomeFormId="4031" modeler:outcomeFormName="Component Head Changes Form" modeler:rightOutcomeName="Send back to Supervisor for changes" modeler:operator="=="/>
        <modeler:editor-resource-id><![CDATA[sid-95C6BCF1-D948-47FE-908E-4AE5589D7D04]]></modeler:editor-resource-id>
      </extensionElements>
      <conditionExpression xsi:type="tFormalExpression"><![CDATA[${(activiti_flowConditionsBean.exists(execution, 'form4031outcome') && form4031outcome == 'Send back to Supervisor for changes')}]]></conditionExpression>
    </sequenceFlow>
    <sequenceFlow id="sid-682B1BB4-0509-49F9-AFBC-9EBD3B02BC71" sourceRef="S0d" targetRef="S7">
      <extensionElements>
        <modeler:editor-resource-id><![CDATA[sid-682B1BB4-0509-49F9-AFBC-9EBD3B02BC71]]></modeler:editor-resource-id>
      </extensionElements>
    </sequenceFlow>
    <scriptTask id="S0e" name="S0e" scriptFormat="javascript" activiti:autoStoreVariables="false">
      <extensionElements>
        <modeler:editor-resource-id><![CDATA[sid-455C1620-F856-4236-841D-CC64839F436C]]></modeler:editor-resource-id>
      </extensionElements>
      <script><![CDATA[
var currentUserId = userInfoBean.getCurrentUser().getId();
var currentUser = userInfoBean.getFullName(currentUserId);
execution.setVariable('loggedinuser', currentUser);
java.lang.System.out.println("curUser: " + currentUser);

var currentGroup = userInfoBean.getPrimaryGroupName(currentUserId);
java.lang.System.out.println("curGroup: " + currentGroup);
execution.setVariable('userrole', currentGroup);

execution.setVariable('userrole', "Finance");
]]></script>
    </scriptTask>
    <scriptTask id="S0f" name="S0f" scriptFormat="javascript" activiti:autoStoreVariables="false">
      <extensionElements>
        <modeler:editor-resource-id><![CDATA[sid-B44BF943-8644-48A3-958E-C2D502E274A4]]></modeler:editor-resource-id>
      </extensionElements>
      <script><![CDATA[
var currentUserId = userInfoBean.getCurrentUser().getId();
var currentUser = userInfoBean.getFullName(currentUserId);
execution.setVariable('loggedinuser', currentUser);
java.lang.System.out.println("curUser: " + currentUser);

var currentGroup = userInfoBean.getPrimaryGroupName(currentUserId);
java.lang.System.out.println("curGroup: " + currentGroup);
execution.setVariable('userrole', currentGroup);

execution.setVariable('userrole', "Finance");
]]></script>
    </scriptTask>
    <sequenceFlow id="sid-707492CF-985F-4900-BA57-DF129FF83A1A" sourceRef="sid-CBA50C10-523D-4645-B91A-AFCFF6588D98" targetRef="S0f">
      <extensionElements>
        <modeler:conditionDefinition modeler:index="0" modeler:outcomeFormId="4031" modeler:outcomeFormName="Component Head Changes Form" modeler:rightOutcomeName="Send back to AG for Approval" modeler:operator="=="/>
        <modeler:editor-resource-id><![CDATA[sid-707492CF-985F-4900-BA57-DF129FF83A1A]]></modeler:editor-resource-id>
      </extensionElements>
      <conditionExpression xsi:type="tFormalExpression"><![CDATA[${(activiti_flowConditionsBean.exists(execution, 'form4031outcome') && form4031outcome == 'Send back to AG for Approval')}]]></conditionExpression>
    </sequenceFlow>
    <sequenceFlow id="sid-025D4D9A-2D1D-4D08-B972-1E31A8873C81" sourceRef="S0f" targetRef="S6">
      <extensionElements>
        <modeler:editor-resource-id><![CDATA[sid-025D4D9A-2D1D-4D08-B972-1E31A8873C81]]></modeler:editor-resource-id>
      </extensionElements>
    </sequenceFlow>
    <scriptTask id="S0g" name="S0g" scriptFormat="javascript" activiti:autoStoreVariables="false">
      <extensionElements>
        <modeler:editor-resource-id><![CDATA[sid-48158960-8186-442A-9468-3BB08C7CAEB6]]></modeler:editor-resource-id>
      </extensionElements>
      <script><![CDATA[
var currentUserId = userInfoBean.getCurrentUser().getId();
var currentUser = userInfoBean.getFullName(currentUserId);
execution.setVariable('loggedinuser', currentUser);
java.lang.System.out.println("curUser: " + currentUser);

var currentGroup = userInfoBean.getPrimaryGroupName(currentUserId);
java.lang.System.out.println("curGroup: " + currentGroup);
execution.setVariable('userrole', currentGroup);
]]></script>
    </scriptTask>
    <sequenceFlow id="sid-D7EC30E5-6BD5-477E-B681-C2A87907827F" name="No" sourceRef="sid-8A264A43-34F8-4854-B189-A835D718B872" targetRef="S0g">
      <extensionElements>
        <modeler:conditionDefinition modeler:index="0" modeler:outcomeFormId="4030" modeler:outcomeFormName="Attorney General Approval Form" modeler:rightOutcomeName="Send back to Component Head" modeler:operator="=="/>
        <modeler:editor-resource-id><![CDATA[sid-D7EC30E5-6BD5-477E-B681-C2A87907827F]]></modeler:editor-resource-id>
      </extensionElements>
      <conditionExpression xsi:type="tFormalExpression"><![CDATA[${(activiti_flowConditionsBean.exists(execution, 'form4030outcome') && form4030outcome == 'Send back to Component Head')}]]></conditionExpression>
    </sequenceFlow>
    <sequenceFlow id="sid-30BBD24E-7417-4D16-AFBA-B3CB1134F332" sourceRef="S0g" targetRef="S5">
      <extensionElements>
        <modeler:editor-resource-id><![CDATA[sid-30BBD24E-7417-4D16-AFBA-B3CB1134F332]]></modeler:editor-resource-id>
      </extensionElements>
    </sequenceFlow>
    <sequenceFlow id="sid-FD7438F1-B26A-4DA3-8C3F-02DFE732538F" sourceRef="sid-576D53F1-70C8-471D-8880-5315C1BA2609" targetRef="sid-A0FB8CE6-101C-4C8A-881A-E26FACD1A72A">
      <extensionElements>
        <modeler:editor-resource-id><![CDATA[sid-FD7438F1-B26A-4DA3-8C3F-02DFE732538F]]></modeler:editor-resource-id>
      </extensionElements>
    </sequenceFlow>
    <sequenceFlow id="sid-6BDAA388-978C-42D4-B8B3-F36B08B6A4FC" sourceRef="sid-E70CE697-C1E6-4C90-92FB-C3422F25FC0F" targetRef="sid-CC3C96C3-070A-49EE-8B6F-63EB534C5506">
      <extensionElements>
        <modeler:conditionDefinition modeler:index="0" modeler:leftFormFieldId="amount" modeler:rightValue="7500" modeler:operator="&lt;=" modeler:nextConditionOperator="or"/>
        <modeler:conditionDefinition modeler:index="1" modeler:leftFormFieldId="amount" modeler:operator="empty"/>
        <modeler:editor-resource-id><![CDATA[sid-6BDAA388-978C-42D4-B8B3-F36B08B6A4FC]]></modeler:editor-resource-id>
      </extensionElements>
      <conditionExpression xsi:type="tFormalExpression"><![CDATA[${(activiti_flowConditionsBean.exists(execution, 'amount') && amount <= 7500)or(activiti_flowConditionsBean.isEmpty(execution, 'amount') )}]]></conditionExpression>
    </sequenceFlow>
    <sequenceFlow id="sid-A053CC10-26AB-4FCC-B82C-F7A7A6335BA6" sourceRef="S0e" targetRef="S4">
      <extensionElements>
        <modeler:editor-resource-id><![CDATA[sid-A053CC10-26AB-4FCC-B82C-F7A7A6335BA6]]></modeler:editor-resource-id>
      </extensionElements>
    </sequenceFlow>
    <sequenceFlow id="sid-E11EE911-83C4-44CE-A0E9-74128F4E7F29" sourceRef="S4" targetRef="sid-E70CE697-C1E6-4C90-92FB-C3422F25FC0F">
      <extensionElements>
        <modeler:editor-resource-id><![CDATA[sid-E11EE911-83C4-44CE-A0E9-74128F4E7F29]]></modeler:editor-resource-id>
      </extensionElements>
    </sequenceFlow>
    <sequenceFlow id="sid-ECAD9230-1DD7-47D4-AC9A-87A25C0591C4" name="Yes" sourceRef="sid-E70CE697-C1E6-4C90-92FB-C3422F25FC0F" targetRef="sid-795DD676-5389-498F-8777-C2DBE3748030">
      <extensionElements>
        <modeler:conditionDefinition modeler:index="0" modeler:leftFormFieldId="amount" modeler:rightValue="7500" modeler:operator=">"/>
        <modeler:editor-resource-id><![CDATA[sid-ECAD9230-1DD7-47D4-AC9A-87A25C0591C4]]></modeler:editor-resource-id>
      </extensionElements>
      <conditionExpression xsi:type="tFormalExpression"><![CDATA[${(activiti_flowConditionsBean.exists(execution, 'amount') && amount > 7500)}]]></conditionExpression>
    </sequenceFlow>
    <sequenceFlow id="sid-68F79F17-EC27-408A-A2A0-16C7A48F3914" name="Yes" sourceRef="sid-8A264A43-34F8-4854-B189-A835D718B872" targetRef="sid-CC3C96C3-070A-49EE-8B6F-63EB534C5506">
      <extensionElements>
        <modeler:conditionDefinition modeler:index="0" modeler:outcomeFormId="4030" modeler:outcomeFormName="Attorney General Approval Form" modeler:rightOutcomeName="Approve" modeler:operator="=="/>
        <modeler:editor-resource-id><![CDATA[sid-68F79F17-EC27-408A-A2A0-16C7A48F3914]]></modeler:editor-resource-id>
      </extensionElements>
      <conditionExpression xsi:type="tFormalExpression"><![CDATA[${(activiti_flowConditionsBean.exists(execution, 'form4030outcome') && form4030outcome == 'Approve')}]]></conditionExpression>
    </sequenceFlow>
    <sequenceFlow id="sid-FA969DB9-216F-409A-AE00-53E62705110D" name="Yes" sourceRef="sid-0F7C0892-F421-4C75-A3FD-A6D6B5D58267" targetRef="S0e">
      <extensionElements>
        <modeler:conditionDefinition modeler:index="0" modeler:outcomeFormId="4027" modeler:outcomeFormName="FBI Approval Form" modeler:rightOutcomeName="Approve" modeler:operator="=="/>
        <modeler:editor-resource-id><![CDATA[sid-FA969DB9-216F-409A-AE00-53E62705110D]]></modeler:editor-resource-id>
      </extensionElements>
      <conditionExpression xsi:type="tFormalExpression"><![CDATA[${(activiti_flowConditionsBean.exists(execution, 'form4027outcome') && form4027outcome == 'Approve')}]]></conditionExpression>
    </sequenceFlow>
  </process>
  <bpmndi:BPMNDiagram id="BPMNDiagram_fbi_model">
    <bpmndi:BPMNPlane bpmnElement="fbi_model" id="BPMNPlane_fbi_model">
      <bpmndi:BPMNShape bpmnElement="startEvent1" id="BPMNShape_startEvent1">
        <omgdc:Bounds height="30.0" width="30.0" x="15.0" y="345.0"/>
      </bpmndi:BPMNShape>
      <bpmndi:BPMNShape bpmnElement="sid-FE97637F-0BA7-49C0-B263-23CB478B6F5E" id="BPMNShape_sid-FE97637F-0BA7-49C0-B263-23CB478B6F5E">
        <omgdc:Bounds height="80.0" width="100.0" x="255.0" y="315.0"/>
      </bpmndi:BPMNShape>
      <bpmndi:BPMNShape bpmnElement="sid-FCA78BD3-2B46-4519-B005-69CBB1A48CEA" id="BPMNShape_sid-FCA78BD3-2B46-4519-B005-69CBB1A48CEA">
        <omgdc:Bounds height="28.0" width="28.0" x="1639.0" y="489.240740032135"/>
      </bpmndi:BPMNShape>
      <bpmndi:BPMNShape bpmnElement="sid-746BC883-C6EC-43FC-A303-524441A9DF3F" id="BPMNShape_sid-746BC883-C6EC-43FC-A303-524441A9DF3F">
        <omgdc:Bounds height="80.0" width="100.0" x="502.5" y="459.0"/>
      </bpmndi:BPMNShape>
      <bpmndi:BPMNShape bpmnElement="sid-5FE7AA60-0967-4CFA-949B-B5FBE7606E01" id="BPMNShape_sid-5FE7AA60-0967-4CFA-949B-B5FBE7606E01">
        <omgdc:Bounds height="80.16748387100017" width="100.24219354800016" x="1476.939451613" y="463.156998096635"/>
      </bpmndi:BPMNShape>
      <bpmndi:BPMNShape bpmnElement="sid-CC3C96C3-070A-49EE-8B6F-63EB534C5506" id="BPMNShape_sid-CC3C96C3-070A-49EE-8B6F-63EB534C5506">
        <omgdc:Bounds height="80.00000000000011" width="100.0" x="855.0" y="461.5652219997701"/>
      </bpmndi:BPMNShape>
      <bpmndi:BPMNShape bpmnElement="sid-E70CE697-C1E6-4C90-92FB-C3422F25FC0F" id="BPMNShape_sid-E70CE697-C1E6-4C90-92FB-C3422F25FC0F">
        <omgdc:Bounds height="40.0" width="40.0" x="750.0" y="341.0"/>
      </bpmndi:BPMNShape>
      <bpmndi:BPMNShape bpmnElement="sid-795DD676-5389-498F-8777-C2DBE3748030" id="BPMNShape_sid-795DD676-5389-498F-8777-C2DBE3748030">
        <omgdc:Bounds height="80.0" width="100.0" x="875.0" y="321.0"/>
      </bpmndi:BPMNShape>
      <bpmndi:BPMNShape bpmnElement="sid-82848B28-892B-4728-87C2-0576546A68AB" id="BPMNShape_sid-82848B28-892B-4728-87C2-0576546A68AB">
        <omgdc:Bounds height="80.0" width="100.0" x="503.75" y="90.0"/>
      </bpmndi:BPMNShape>
      <bpmndi:BPMNShape bpmnElement="sid-0F7C0892-F421-4C75-A3FD-A6D6B5D58267" id="BPMNShape_sid-0F7C0892-F421-4C75-A3FD-A6D6B5D58267">
        <omgdc:Bounds height="40.0" width="40.0" x="532.5" y="340.0"/>
      </bpmndi:BPMNShape>
      <bpmndi:BPMNShape bpmnElement="sid-8A264A43-34F8-4854-B189-A835D718B872" id="BPMNShape_sid-8A264A43-34F8-4854-B189-A835D718B872">
        <omgdc:Bounds height="40.0" width="40.0" x="1046.0" y="341.0"/>
      </bpmndi:BPMNShape>
      <bpmndi:BPMNShape bpmnElement="sid-FFE98A27-2442-452F-8341-A5BDF13C04E5" id="BPMNShape_sid-FFE98A27-2442-452F-8341-A5BDF13C04E5">
        <omgdc:Bounds height="80.0" width="100.0" x="1016.0" y="90.0"/>
      </bpmndi:BPMNShape>
      <bpmndi:BPMNShape bpmnElement="sid-CBA50C10-523D-4645-B91A-AFCFF6588D98" id="BPMNShape_sid-CBA50C10-523D-4645-B91A-AFCFF6588D98">
        <omgdc:Bounds height="40.0" width="40.0" x="905.0" y="110.0"/>
      </bpmndi:BPMNShape>
      <bpmndi:BPMNShape bpmnElement="sid-29D2BC04-7072-4397-AFC2-A6D53E6E2CD3" id="BPMNShape_sid-29D2BC04-7072-4397-AFC2-A6D53E6E2CD3">
        <omgdc:Bounds height="28.0" width="28.0" x="540.0" y="570.0"/>
      </bpmndi:BPMNShape>
      <bpmndi:BPMNShape bpmnElement="sid-2595FA10-DA79-4725-8D5D-6A55980A247B" id="BPMNShape_sid-2595FA10-DA79-4725-8D5D-6A55980A247B">
        <omgdc:Bounds height="40.0" width="40.0" x="316.25" y="110.0"/>
      </bpmndi:BPMNShape>
      <bpmndi:BPMNShape bpmnElement="sid-D5C037C6-B271-4EDA-BE6D-865E4119F303" id="BPMNShape_sid-D5C037C6-B271-4EDA-BE6D-865E4119F303">
        <omgdc:Bounds height="80.0" width="100.0" x="1169.0" y="321.0"/>
      </bpmndi:BPMNShape>
      <bpmndi:BPMNShape bpmnElement="sid-8D7ED6DD-EADD-458D-A491-012C38E4397D" id="BPMNShape_sid-8D7ED6DD-EADD-458D-A491-012C38E4397D">
        <omgdc:Bounds height="28.0" width="28.0" x="1307.5605483870002" y="347.0"/>
      </bpmndi:BPMNShape>
      <bpmndi:BPMNShape bpmnElement="sid-2485861F-22F6-4BC1-AFEE-0C51A2B2AAB2" id="BPMNShape_sid-2485861F-22F6-4BC1-AFEE-0C51A2B2AAB2">
        <omgdc:Bounds height="28.0" width="28.0" x="490.0" y="26.0"/>
      </bpmndi:BPMNShape>
      <bpmndi:BPMNShape bpmnElement="sid-494600A5-3A7C-4D38-8133-2157DD15CE5B" id="BPMNShape_sid-494600A5-3A7C-4D38-8133-2157DD15CE5B">
        <omgdc:Bounds height="80.0" width="100.0" x="255.0" y="0.0"/>
      </bpmndi:BPMNShape>
      <bpmndi:BPMNShape bpmnElement="sid-56AEDB88-E7D8-4DE4-9FA4-327CE69FBAEF" id="BPMNShape_sid-56AEDB88-E7D8-4DE4-9FA4-327CE69FBAEF">
        <omgdc:Bounds height="80.0" width="100.0" x="1164.0" y="90.0"/>
      </bpmndi:BPMNShape>
      <bpmndi:BPMNShape bpmnElement="sid-1977A3DF-6269-4BD3-8723-0457DD7AD4D4" id="BPMNShape_sid-1977A3DF-6269-4BD3-8723-0457DD7AD4D4">
        <omgdc:Bounds height="28.0" width="28.0" x="1302.5605483870002" y="116.0"/>
      </bpmndi:BPMNShape>
      <bpmndi:BPMNShape bpmnElement="S1" id="BPMNShape_S1">
        <omgdc:Bounds height="40.0" width="50.0" x="150.0" y="340.0"/>
      </bpmndi:BPMNShape>
      <bpmndi:BPMNShape bpmnElement="S2" id="BPMNShape_S2">
        <omgdc:Bounds height="40.0" width="50.0" x="527.5" y="195.0"/>
      </bpmndi:BPMNShape>
      <bpmndi:BPMNShape bpmnElement="S3" id="BPMNShape_S3">
        <omgdc:Bounds height="40.0" width="50.0" x="376.25" y="110.0"/>
      </bpmndi:BPMNShape>
      <bpmndi:BPMNShape bpmnElement="S4" id="BPMNShape_S4">
        <omgdc:Bounds height="40.0" width="50.0" x="675.0" y="330.0"/>
      </bpmndi:BPMNShape>
      <bpmndi:BPMNShape bpmnElement="S5" id="BPMNShape_S5">
        <omgdc:Bounds height="40.0" width="50.0" x="1041.0" y="210.0"/>
      </bpmndi:BPMNShape>
      <bpmndi:BPMNShape bpmnElement="S6" id="BPMNShape_S6">
        <omgdc:Bounds height="40.0" width="50.0" x="900.0" y="255.0"/>
      </bpmndi:BPMNShape>
      <bpmndi:BPMNShape bpmnElement="S7" id="BPMNShape_S7">
        <omgdc:Bounds height="40.0" width="50.0" x="680.0" y="110.0"/>
      </bpmndi:BPMNShape>
      <bpmndi:BPMNShape bpmnElement="S0a" id="BPMNShape_S0a">
        <omgdc:Bounds height="40.0" width="50.0" x="75.0" y="340.0"/>
      </bpmndi:BPMNShape>
      <bpmndi:BPMNShape bpmnElement="sid-A0FB8CE6-101C-4C8A-881A-E26FACD1A72A" id="BPMNShape_sid-A0FB8CE6-101C-4C8A-881A-E26FACD1A72A">
        <omgdc:Bounds height="80.0" width="100.0" x="1140.0" y="450.0"/>
      </bpmndi:BPMNShape>
      <bpmndi:BPMNShape bpmnElement="sid-790CCD31-D182-4B0C-A3BB-2AB74832154D" id="BPMNShape_sid-790CCD31-D182-4B0C-A3BB-2AB74832154D">
        <omgdc:Bounds height="80.0" width="100.0" x="1234.0" y="566.48148006427"/>
      </bpmndi:BPMNShape>
      <bpmndi:BPMNShape bpmnElement="sid-42BF545F-B722-4D68-8F74-83E7D59ACD60" id="BPMNShape_sid-42BF545F-B722-4D68-8F74-83E7D59ACD60">
        <omgdc:Bounds height="28.0" width="28.0" x="1424.0" y="592.48148006427"/>
      </bpmndi:BPMNShape>
      <bpmndi:BPMNShape bpmnElement="sid-66158485-6CCC-4FEC-907B-762297BBA68A" id="BPMNShape_sid-66158485-6CCC-4FEC-907B-762297BBA68A">
        <omgdc:Bounds height="80.00000000000011" width="100.0" x="1339.0" y="463.240740032135"/>
      </bpmndi:BPMNShape>
      <bpmndi:BPMNShape bpmnElement="sid-F614EE93-6DCD-4306-9BB5-C6EF1D212D2D" id="BPMNShape_sid-F614EE93-6DCD-4306-9BB5-C6EF1D212D2D">
        <omgdc:Bounds height="40.0" width="40.0" x="1264.0" y="483.240740032135"/>
      </bpmndi:BPMNShape>
      <bpmndi:BPMNShape bpmnElement="sid-576D53F1-70C8-471D-8880-5315C1BA2609" id="BPMNShape_sid-576D53F1-70C8-471D-8880-5315C1BA2609">
        <omgdc:Bounds height="80.0" width="100.0" x="1005.0" y="463.240740032135"/>
      </bpmndi:BPMNShape>
      <bpmndi:BPMNShape bpmnElement="S0b" id="BPMNShape_S0b">
        <omgdc:Bounds height="40.0" width="50.0" x="527.5" y="270.0"/>
      </bpmndi:BPMNShape>
      <bpmndi:BPMNShape bpmnElement="S0c" id="BPMNShape_S0c">
        <omgdc:Bounds height="40.0" width="50.0" x="436.25" y="110.0"/>
      </bpmndi:BPMNShape>
      <bpmndi:BPMNShape bpmnElement="S0d" id="BPMNShape_S0d">
        <omgdc:Bounds height="40.0" width="50.0" x="780.0" y="110.0"/>
      </bpmndi:BPMNShape>
      <bpmndi:BPMNShape bpmnElement="S0e" id="BPMNShape_S0e">
        <omgdc:Bounds height="40.0" width="50.0" x="600.0" y="340.0"/>
      </bpmndi:BPMNShape>
      <bpmndi:BPMNShape bpmnElement="S0f" id="BPMNShape_S0f">
        <omgdc:Bounds height="40.0" width="50.0" x="900.0" y="195.0"/>
      </bpmndi:BPMNShape>
      <bpmndi:BPMNShape bpmnElement="S0g" id="BPMNShape_S0g">
        <omgdc:Bounds height="40.0" width="50.0" x="1041.0" y="270.0"/>
      </bpmndi:BPMNShape>
      <bpmndi:BPMNEdge bpmnElement="sid-4DA5E70D-F6E0-45C3-AA44-FE5603FA7171" id="BPMNEdge_sid-4DA5E70D-F6E0-45C3-AA44-FE5603FA7171">
        <omgdi:waypoint x="1086.0" y="361.0"/>
        <omgdi:waypoint x="1169.0" y="361.0"/>
      </bpmndi:BPMNEdge>
      <bpmndi:BPMNEdge bpmnElement="sid-BFD47765-68B1-41B6-92BB-2498CB2FED40" id="BPMNEdge_sid-BFD47765-68B1-41B6-92BB-2498CB2FED40">
        <omgdi:waypoint x="552.5" y="380.0"/>
        <omgdi:waypoint x="552.5" y="459.0"/>
      </bpmndi:BPMNEdge>
      <bpmndi:BPMNEdge bpmnElement="sid-7018B513-5BA6-48D0-B85C-2B9F09EF8269" id="BPMNEdge_sid-7018B513-5BA6-48D0-B85C-2B9F09EF8269">
        <omgdi:waypoint x="45.0" y="360.0"/>
        <omgdi:waypoint x="75.0" y="360.0"/>
      </bpmndi:BPMNEdge>
      <bpmndi:BPMNEdge bpmnElement="sid-2232AF08-55AA-44C8-9226-D3E8BFF2FD0A" id="BPMNEdge_sid-2232AF08-55AA-44C8-9226-D3E8BFF2FD0A">
        <omgdi:waypoint x="975.0" y="361.0"/>
        <omgdi:waypoint x="1046.0" y="361.0"/>
      </bpmndi:BPMNEdge>
      <bpmndi:BPMNEdge bpmnElement="sid-68F79F17-EC27-408A-A2A0-16C7A48F3914" id="BPMNEdge_sid-68F79F17-EC27-408A-A2A0-16C7A48F3914">
        <omgdi:waypoint x="1066.15503875969" y="380.84496124031006"/>
        <omgdi:waypoint x="1066.5" y="425.0"/>
        <omgdi:waypoint x="955.0" y="477.86081890386606"/>
      </bpmndi:BPMNEdge>
      <bpmndi:BPMNEdge bpmnElement="sid-CD94F4F9-011A-4DD3-AC19-5975DFDC1DDC" id="BPMNEdge_sid-CD94F4F9-011A-4DD3-AC19-5975DFDC1DDC">
        <omgdi:waypoint x="552.5" y="340.0"/>
        <omgdi:waypoint x="552.5" y="310.0"/>
      </bpmndi:BPMNEdge>
      <bpmndi:BPMNEdge bpmnElement="sid-FA969DB9-216F-409A-AE00-53E62705110D" id="BPMNEdge_sid-FA969DB9-216F-409A-AE00-53E62705110D">
        <omgdi:waypoint x="572.5" y="360.0"/>
        <omgdi:waypoint x="600.0" y="360.0"/>
      </bpmndi:BPMNEdge>
      <bpmndi:BPMNEdge bpmnElement="sid-95C6BCF1-D948-47FE-908E-4AE5589D7D04" id="BPMNEdge_sid-95C6BCF1-D948-47FE-908E-4AE5589D7D04">
        <omgdi:waypoint x="905.0" y="130.0"/>
        <omgdi:waypoint x="830.0" y="130.0"/>
      </bpmndi:BPMNEdge>
      <bpmndi:BPMNEdge bpmnElement="sid-24E0A39B-B2E1-402F-81A4-863375604968" id="BPMNEdge_sid-24E0A39B-B2E1-402F-81A4-863375604968">
        <omgdi:waypoint x="1066.0" y="210.0"/>
        <omgdi:waypoint x="1066.0" y="170.0"/>
      </bpmndi:BPMNEdge>
      <bpmndi:BPMNEdge bpmnElement="sid-0E4BE56B-14C6-422E-A74F-59F9F41FBA37" id="BPMNEdge_sid-0E4BE56B-14C6-422E-A74F-59F9F41FBA37">
        <omgdi:waypoint x="1577.1816451610002" y="503.2407400321351"/>
        <omgdi:waypoint x="1639.0" y="503.240740032135"/>
      </bpmndi:BPMNEdge>
      <bpmndi:BPMNEdge bpmnElement="sid-707492CF-985F-4900-BA57-DF129FF83A1A" id="BPMNEdge_sid-707492CF-985F-4900-BA57-DF129FF83A1A">
        <omgdi:waypoint x="925.0" y="150.0"/>
        <omgdi:waypoint x="925.0" y="195.0"/>
      </bpmndi:BPMNEdge>
      <bpmndi:BPMNEdge bpmnElement="sid-FD7438F1-B26A-4DA3-8C3F-02DFE732538F" id="BPMNEdge_sid-FD7438F1-B26A-4DA3-8C3F-02DFE732538F">
        <omgdi:waypoint x="1105.0" y="498.3367622424554"/>
        <omgdi:waypoint x="1140.0" y="494.90397778967963"/>
      </bpmndi:BPMNEdge>
      <bpmndi:BPMNEdge bpmnElement="sid-ECAD9230-1DD7-47D4-AC9A-87A25C0591C4" id="BPMNEdge_sid-ECAD9230-1DD7-47D4-AC9A-87A25C0591C4">
        <omgdi:waypoint x="790.0" y="361.0"/>
        <omgdi:waypoint x="875.0" y="361.0"/>
      </bpmndi:BPMNEdge>
      <bpmndi:BPMNEdge bpmnElement="sid-6C8A8746-459C-426E-BD51-55A9265EE85B" id="BPMNEdge_sid-6C8A8746-459C-426E-BD51-55A9265EE85B">
        <omgdi:waypoint x="316.56496062992125" y="130.31496062992125"/>
        <omgdi:waypoint x="305.0" y="130.5"/>
        <omgdi:waypoint x="305.0" y="80.0"/>
      </bpmndi:BPMNEdge>
      <bpmndi:BPMNEdge bpmnElement="sid-BE76F42A-6791-45E1-8005-B6E19D83C223" id="BPMNEdge_sid-BE76F42A-6791-45E1-8005-B6E19D83C223">
        <omgdi:waypoint x="1304.0" y="503.240740032135"/>
        <omgdi:waypoint x="1339.0" y="503.240740032135"/>
      </bpmndi:BPMNEdge>
      <bpmndi:BPMNEdge bpmnElement="sid-682B1BB4-0509-49F9-AFBC-9EBD3B02BC71" id="BPMNEdge_sid-682B1BB4-0509-49F9-AFBC-9EBD3B02BC71">
        <omgdi:waypoint x="780.0" y="130.0"/>
        <omgdi:waypoint x="730.0" y="130.0"/>
      </bpmndi:BPMNEdge>
      <bpmndi:BPMNEdge bpmnElement="sid-CE60F560-339A-4F73-B42D-BBFD4E9B2B2E" id="BPMNEdge_sid-CE60F560-339A-4F73-B42D-BBFD4E9B2B2E">
        <omgdi:waypoint x="316.56496062992125" y="130.31496062992125"/>
        <omgdi:waypoint x="305.0" y="130.5"/>
        <omgdi:waypoint x="305.0" y="315.0"/>
      </bpmndi:BPMNEdge>
      <bpmndi:BPMNEdge bpmnElement="sid-6610E24F-533C-406C-ACCF-72F42AF24C43" id="BPMNEdge_sid-6610E24F-533C-406C-ACCF-72F42AF24C43">
        <omgdi:waypoint x="1240.0" y="497.04294682560374"/>
        <omgdi:waypoint x="1266.469348873976" y="500.7713911581591"/>
      </bpmndi:BPMNEdge>
      <bpmndi:BPMNEdge bpmnElement="sid-F368391E-D61B-437A-9FBD-528F5CBDA1CE" id="BPMNEdge_sid-F368391E-D61B-437A-9FBD-528F5CBDA1CE">
        <omgdi:waypoint x="552.7941176470588" y="195.0"/>
        <omgdi:waypoint x="553.1617647058823" y="170.0"/>
      </bpmndi:BPMNEdge>
      <bpmndi:BPMNEdge bpmnElement="sid-025D4D9A-2D1D-4D08-B972-1E31A8873C81" id="BPMNEdge_sid-025D4D9A-2D1D-4D08-B972-1E31A8873C81">
        <omgdi:waypoint x="925.0" y="235.0"/>
        <omgdi:waypoint x="925.0" y="255.0"/>
      </bpmndi:BPMNEdge>
      <bpmndi:BPMNEdge bpmnElement="sid-A7F68DD0-1F6F-4CA9-BEC1-F9EE86202A18" id="BPMNEdge_sid-A7F68DD0-1F6F-4CA9-BEC1-F9EE86202A18">
        <omgdi:waypoint x="1439.0" y="503.2407400321351"/>
        <omgdi:waypoint x="1476.939451613" y="503.2407400321351"/>
      </bpmndi:BPMNEdge>
      <bpmndi:BPMNEdge bpmnElement="sid-30BBD24E-7417-4D16-AFBA-B3CB1134F332" id="BPMNEdge_sid-30BBD24E-7417-4D16-AFBA-B3CB1134F332">
        <omgdi:waypoint x="1066.0" y="270.0"/>
        <omgdi:waypoint x="1066.0" y="250.0"/>
      </bpmndi:BPMNEdge>
      <bpmndi:BPMNEdge bpmnElement="sid-CDADACED-A931-4BD9-AA9A-2EBB77330F1B" id="BPMNEdge_sid-CDADACED-A931-4BD9-AA9A-2EBB77330F1B">
        <omgdi:waypoint x="1264.0" y="130.0"/>
        <omgdi:waypoint x="1302.5605483870002" y="130.0"/>
      </bpmndi:BPMNEdge>
      <bpmndi:BPMNEdge bpmnElement="sid-82E68041-B6ED-43C1-894E-A6B9E3AAB14F" id="BPMNEdge_sid-82E68041-B6ED-43C1-894E-A6B9E3AAB14F">
        <omgdi:waypoint x="955.0" y="501.56522199977013"/>
        <omgdi:waypoint x="980.0" y="501.56522199977013"/>
        <omgdi:waypoint x="1005.0" y="502.1237280105584"/>
      </bpmndi:BPMNEdge>
      <bpmndi:BPMNEdge bpmnElement="sid-739887FC-2803-42BA-B272-711A5623C2F8" id="BPMNEdge_sid-739887FC-2803-42BA-B272-711A5623C2F8">
        <omgdi:waypoint x="552.5" y="270.0"/>
        <omgdi:waypoint x="552.5" y="235.0"/>
      </bpmndi:BPMNEdge>
      <bpmndi:BPMNEdge bpmnElement="sid-DDCBB582-09FF-4F50-B233-152C184AF9E9" id="BPMNEdge_sid-DDCBB582-09FF-4F50-B233-152C184AF9E9">
        <omgdi:waypoint x="125.0" y="360.0"/>
        <omgdi:waypoint x="150.0" y="360.0"/>
      </bpmndi:BPMNEdge>
      <bpmndi:BPMNEdge bpmnElement="sid-36D74E81-CF40-4CD2-8050-90FDC492C504" id="BPMNEdge_sid-36D74E81-CF40-4CD2-8050-90FDC492C504">
        <omgdi:waypoint x="503.75" y="130.0"/>
        <omgdi:waypoint x="486.25" y="130.0"/>
      </bpmndi:BPMNEdge>
      <bpmndi:BPMNEdge bpmnElement="sid-889FCEEF-0E49-45A0-810F-232CA817E2D6" id="BPMNEdge_sid-889FCEEF-0E49-45A0-810F-232CA817E2D6">
        <omgdi:waypoint x="200.0" y="360.0"/>
        <omgdi:waypoint x="227.5" y="360.0"/>
        <omgdi:waypoint x="227.5" y="355.0"/>
        <omgdi:waypoint x="255.0" y="355.0"/>
      </bpmndi:BPMNEdge>
      <bpmndi:BPMNEdge bpmnElement="sid-E11EE911-83C4-44CE-A0E9-74128F4E7F29" id="BPMNEdge_sid-E11EE911-83C4-44CE-A0E9-74128F4E7F29">
        <omgdi:waypoint x="725.0" y="353.92857142857144"/>
        <omgdi:waypoint x="752.716049382716" y="358.28395061728395"/>
      </bpmndi:BPMNEdge>
      <bpmndi:BPMNEdge bpmnElement="sid-9CC81041-10F7-4E17-B690-5F30590D183F" id="BPMNEdge_sid-9CC81041-10F7-4E17-B690-5F30590D183F">
        <omgdi:waypoint x="1116.0" y="130.0"/>
        <omgdi:waypoint x="1164.0" y="130.0"/>
      </bpmndi:BPMNEdge>
      <bpmndi:BPMNEdge bpmnElement="sid-50505126-CCC8-4D34-94A8-7DBDD7E6F0E0" id="BPMNEdge_sid-50505126-CCC8-4D34-94A8-7DBDD7E6F0E0">
        <omgdi:waypoint x="376.25" y="130.0"/>
        <omgdi:waypoint x="356.25" y="130.0"/>
      </bpmndi:BPMNEdge>
      <bpmndi:BPMNEdge bpmnElement="sid-F6CBC8E1-CF8F-4FE0-A053-D7C3B92DB1CD" id="BPMNEdge_sid-F6CBC8E1-CF8F-4FE0-A053-D7C3B92DB1CD">
        <omgdi:waypoint x="925.0" y="295.0"/>
        <omgdi:waypoint x="925.0" y="321.0"/>
      </bpmndi:BPMNEdge>
      <bpmndi:BPMNEdge bpmnElement="sid-68BB6D6B-5069-4BD2-AA95-EE5E45F6FA79" id="BPMNEdge_sid-68BB6D6B-5069-4BD2-AA95-EE5E45F6FA79">
        <omgdi:waypoint x="1334.0" y="606.48148006427"/>
        <omgdi:waypoint x="1424.0" y="606.48148006427"/>
      </bpmndi:BPMNEdge>
      <bpmndi:BPMNEdge bpmnElement="sid-2A70D481-3820-454B-8E9D-D0A4588A6B78" id="BPMNEdge_sid-2A70D481-3820-454B-8E9D-D0A4588A6B78">
        <omgdi:waypoint x="1016.0" y="130.0"/>
        <omgdi:waypoint x="945.0" y="130.0"/>
      </bpmndi:BPMNEdge>
      <bpmndi:BPMNEdge bpmnElement="sid-D7EC30E5-6BD5-477E-B681-C2A87907827F" id="BPMNEdge_sid-D7EC30E5-6BD5-477E-B681-C2A87907827F">
        <omgdi:waypoint x="1066.0" y="341.0"/>
        <omgdi:waypoint x="1066.0" y="310.0"/>
      </bpmndi:BPMNEdge>
      <bpmndi:BPMNEdge bpmnElement="sid-4141E0BA-BD10-4295-A481-0D5979D50432" id="BPMNEdge_sid-4141E0BA-BD10-4295-A481-0D5979D50432">
        <omgdi:waypoint x="553.2058823529412" y="539.0"/>
        <omgdi:waypoint x="553.7529796368549" y="570.0021794217746"/>
      </bpmndi:BPMNEdge>
      <bpmndi:BPMNEdge bpmnElement="sid-7DA82DE4-5299-46C6-AC8D-BF33B38EB711" id="BPMNEdge_sid-7DA82DE4-5299-46C6-AC8D-BF33B38EB711">
        <omgdi:waypoint x="355.0" y="40.0"/>
        <omgdi:waypoint x="490.0" y="40.0"/>
      </bpmndi:BPMNEdge>
      <bpmndi:BPMNEdge bpmnElement="sid-EED8A3CE-0E01-41E7-987B-92CAD9278C67" id="BPMNEdge_sid-EED8A3CE-0E01-41E7-987B-92CAD9278C67">
        <omgdi:waypoint x="1284.0" y="523.240740032135"/>
        <omgdi:waypoint x="1284.0" y="566.48148006427"/>
      </bpmndi:BPMNEdge>
      <bpmndi:BPMNEdge bpmnElement="sid-6BDAA388-978C-42D4-B8B3-F36B08B6A4FC" id="BPMNEdge_sid-6BDAA388-978C-42D4-B8B3-F36B08B6A4FC">
        <omgdi:waypoint x="770.0708891947869" y="380.9291108052131"/>
        <omgdi:waypoint x="770.5" y="501.56522199977013"/>
        <omgdi:waypoint x="855.0" y="501.56522199977013"/>
      </bpmndi:BPMNEdge>
      <bpmndi:BPMNEdge bpmnElement="sid-2D02CEE2-A8A8-4E1F-A94D-43A5D05CDA4C" id="BPMNEdge_sid-2D02CEE2-A8A8-4E1F-A94D-43A5D05CDA4C">
        <omgdi:waypoint x="436.25" y="130.0"/>
        <omgdi:waypoint x="426.25" y="130.0"/>
      </bpmndi:BPMNEdge>
      <bpmndi:BPMNEdge bpmnElement="sid-7BADD13E-AD56-4D5A-B9BB-509B7D2E0C3C" id="BPMNEdge_sid-7BADD13E-AD56-4D5A-B9BB-509B7D2E0C3C">
        <omgdi:waypoint x="680.0" y="130.0"/>
        <omgdi:waypoint x="603.75" y="130.0"/>
      </bpmndi:BPMNEdge>
      <bpmndi:BPMNEdge bpmnElement="sid-AED73ECF-344B-4D10-B639-1A06135900BD" id="BPMNEdge_sid-AED73ECF-344B-4D10-B639-1A06135900BD">
        <omgdi:waypoint x="1269.0" y="361.0"/>
        <omgdi:waypoint x="1307.5605483870002" y="361.0"/>
      </bpmndi:BPMNEdge>
      <bpmndi:BPMNEdge bpmnElement="sid-104764AD-88C2-4065-B48B-F392F82E1240" id="BPMNEdge_sid-104764AD-88C2-4065-B48B-F392F82E1240">
        <omgdi:waypoint x="355.0" y="355.0"/>
        <omgdi:waypoint x="443.75" y="355.0"/>
        <omgdi:waypoint x="443.75" y="360.0"/>
        <omgdi:waypoint x="532.5" y="360.0"/>
      </bpmndi:BPMNEdge>
      <bpmndi:BPMNEdge bpmnElement="sid-A053CC10-26AB-4FCC-B82C-F7A7A6335BA6" id="BPMNEdge_sid-A053CC10-26AB-4FCC-B82C-F7A7A6335BA6">
        <omgdi:waypoint x="650.0" y="356.6666666666667"/>
        <omgdi:waypoint x="675.0" y="353.3333333333333"/>
      </bpmndi:BPMNEdge>
    </bpmndi:BPMNPlane>
  </bpmndi:BPMNDiagram>
</definitions>