<?xml version='1.0' encoding='UTF-8'?>
<definitions xmlns="http://www.omg.org/spec/BPMN/20100524/MODEL" xmlns:xsi="http://www.w3.org/2001/XMLSchema-instance" xmlns:xsd="http://www.w3.org/2001/XMLSchema" xmlns:activiti="http://activiti.org/bpmn" xmlns:bpmndi="http://www.omg.org/spec/BPMN/20100524/DI" xmlns:omgdc="http://www.omg.org/spec/DD/20100524/DC" xmlns:omgdi="http://www.omg.org/spec/DD/20100524/DI" typeLanguage="http://www.w3.org/2001/XMLSchema" expressionLanguage="http://www.w3.org/1999/XPath" targetNamespace="http://www.activiti.org/processdef" xmlns:modeler="http://activiti.com/modeler" modeler:version="1.0en" modeler:exportDateTime="20180806151623394" modeler:modelId="1001" modeler:modelVersion="14" modeler:modelLastUpdated="1533568577335">
  <message id="saveFaceMessage" name="saveFaceMessage"/>
  <process id="SpecialApproval" name="Special Approval" isExecutable="true">
    <extensionElements>
      <modeler:executionvariables xmlns:modeler="http://activiti.com/modeler" modeler:variableName="instanceId" modeler:variableType="string"/>
    </extensionElements>
    <startEvent id="startEvent1" name="Start Approval Pipeline">
      <extensionElements>
        <modeler:editor-resource-id><![CDATA[startEvent1]]></modeler:editor-resource-id>
      </extensionElements>
    </startEvent>
    <userTask id="sid-3336ABA3-AC83-4B34-8303-F52CE7D78037" name="First Approval - ${instanceId}" activiti:assignee="$INITIATOR" activiti:formKey="2002">
      <extensionElements>
        <modeler:allow-send-email><![CDATA[true]]></modeler:allow-send-email>
        <modeler:form-reference-id><![CDATA[2002]]></modeler:form-reference-id>
        <modeler:form-reference-name><![CDATA[First Approval Form]]></modeler:form-reference-name>
        <modeler:activiti-idm-initiator><![CDATA[true]]></modeler:activiti-idm-initiator>
        <modeler:editor-resource-id><![CDATA[sid-3336ABA3-AC83-4B34-8303-F52CE7D78037]]></modeler:editor-resource-id>
      </extensionElements>
    </userTask>
    <userTask id="sid-08E493EE-05D6-4DBC-89F6-FBD19B7272FA" name="Manager Approval - ${instanceId}" activiti:candidateGroups="1001" activiti:formKey="2003">
      <extensionElements>
        <modeler:allow-send-email><![CDATA[true]]></modeler:allow-send-email>
        <modeler:form-reference-id><![CDATA[2003]]></modeler:form-reference-id>
        <modeler:form-reference-name><![CDATA[Manager Approval Form]]></modeler:form-reference-name>
        <modeler:group-info-name-1001><![CDATA[manager-group]]></modeler:group-info-name-1001>
        <modeler:activiti-idm-candidate-group><![CDATA[true]]></modeler:activiti-idm-candidate-group>
        <modeler:initiator-can-complete><![CDATA[false]]></modeler:initiator-can-complete>
        <modeler:editor-resource-id><![CDATA[sid-08E493EE-05D6-4DBC-89F6-FBD19B7272FA]]></modeler:editor-resource-id>
      </extensionElements>
    </userTask>
    <endEvent id="sid-022AAA61-A8BA-4AB7-8ADF-2F54ACBA955D" name="Request Approved">
      <extensionElements>
        <modeler:editor-resource-id><![CDATA[sid-022AAA61-A8BA-4AB7-8ADF-2F54ACBA955D]]></modeler:editor-resource-id>
      </extensionElements>
    </endEvent>
    <scriptTask id="sid-CD4F9EBC-17E8-4ED8-9B17-5B123615F1AD" name="Init" scriptFormat="groovy" activiti:autoStoreVariables="false">
      <extensionElements>
        <modeler:editor-resource-id><![CDATA[sid-CD4F9EBC-17E8-4ED8-9B17-5B123615F1AD]]></modeler:editor-resource-id>
      </extensionElements>
      <script><![CDATA[execution.setVariable('instanceId', 'CASE-' + execution.getProcessInstanceId())]]></script>
    </scriptTask>
    <sequenceFlow id="sid-47D647E3-6BDE-4B72-B382-304924EC94C0" sourceRef="startEvent1" targetRef="sid-CD4F9EBC-17E8-4ED8-9B17-5B123615F1AD">
      <extensionElements>
        <modeler:editor-resource-id><![CDATA[sid-47D647E3-6BDE-4B72-B382-304924EC94C0]]></modeler:editor-resource-id>
      </extensionElements>
    </sequenceFlow>
    <sequenceFlow id="sid-BB46949C-473F-4996-9A66-217659EC7A13" sourceRef="sid-CD4F9EBC-17E8-4ED8-9B17-5B123615F1AD" targetRef="sid-3336ABA3-AC83-4B34-8303-F52CE7D78037">
      <extensionElements>
        <modeler:editor-resource-id><![CDATA[sid-BB46949C-473F-4996-9A66-217659EC7A13]]></modeler:editor-resource-id>
      </extensionElements>
    </sequenceFlow>
    <exclusiveGateway id="sid-AA46E15E-9D4D-4AC8-B9E7-E38519462578">
      <extensionElements>
        <modeler:editor-resource-id><![CDATA[sid-AA46E15E-9D4D-4AC8-B9E7-E38519462578]]></modeler:editor-resource-id>
      </extensionElements>
    </exclusiveGateway>
    <sequenceFlow id="sid-945E0140-0DE6-4427-8FC1-3655275FDD83" sourceRef="sid-3336ABA3-AC83-4B34-8303-F52CE7D78037" targetRef="sid-AA46E15E-9D4D-4AC8-B9E7-E38519462578">
      <extensionElements>
        <modeler:editor-resource-id><![CDATA[sid-945E0140-0DE6-4427-8FC1-3655275FDD83]]></modeler:editor-resource-id>
      </extensionElements>
    </sequenceFlow>
    <exclusiveGateway id="sid-36EF8EEC-65E7-4852-BE93-EB0DCD358E56">
      <extensionElements>
        <modeler:editor-resource-id><![CDATA[sid-36EF8EEC-65E7-4852-BE93-EB0DCD358E56]]></modeler:editor-resource-id>
      </extensionElements>
    </exclusiveGateway>
    <sequenceFlow id="sid-8BB6659A-E07D-4257-BE4B-DE89C87B945C" sourceRef="sid-08E493EE-05D6-4DBC-89F6-FBD19B7272FA" targetRef="sid-36EF8EEC-65E7-4852-BE93-EB0DCD358E56">
      <extensionElements>
        <modeler:editor-resource-id><![CDATA[sid-8BB6659A-E07D-4257-BE4B-DE89C87B945C]]></modeler:editor-resource-id>
      </extensionElements>
    </sequenceFlow>
    <endEvent id="sid-95CE42B6-AD1A-4DD3-AE84-6588BB0A85A7" name="First Approval Declined">
      <extensionElements>
        <modeler:editor-resource-id><![CDATA[sid-95CE42B6-AD1A-4DD3-AE84-6588BB0A85A7]]></modeler:editor-resource-id>
      </extensionElements>
    </endEvent>
    <endEvent id="sid-2FBA7FDF-C243-40B5-B807-52F8F57D0E59" name="Manager Declined">
      <extensionElements>
        <modeler:editor-resource-id><![CDATA[sid-2FBA7FDF-C243-40B5-B807-52F8F57D0E59]]></modeler:editor-resource-id>
      </extensionElements>
    </endEvent>
    <sequenceFlow id="sid-216A29D9-4985-4A1E-9008-B0B5365FE229" sourceRef="sid-2349767A-A0FC-4B5F-913C-903AC30AD3DA" targetRef="sid-3336ABA3-AC83-4B34-8303-F52CE7D78037">
      <extensionElements>
        <modeler:editor-resource-id><![CDATA[sid-216A29D9-4985-4A1E-9008-B0B5365FE229]]></modeler:editor-resource-id>
      </extensionElements>
    </sequenceFlow>
    <boundaryEvent id="sid-2349767A-A0FC-4B5F-913C-903AC30AD3DA" name="Save Face Trigger" attachedToRef="sid-08E493EE-05D6-4DBC-89F6-FBD19B7272FA" cancelActivity="true">
      <extensionElements>
        <modeler:editor-resource-id><![CDATA[sid-2349767A-A0FC-4B5F-913C-903AC30AD3DA]]></modeler:editor-resource-id>
      </extensionElements>
      <messageEventDefinition messageRef="saveFaceMessage"/>
    </boundaryEvent>
    <sequenceFlow id="sid-353C778C-A7F3-4FBD-9220-6C030F0CDFCB" name="Approved" sourceRef="sid-AA46E15E-9D4D-4AC8-B9E7-E38519462578" targetRef="sid-08E493EE-05D6-4DBC-89F6-FBD19B7272FA">
      <extensionElements>
        <modeler:conditionDefinition modeler:index="0" modeler:outcomeFormId="2002" modeler:outcomeFormName="First Approval Form" modeler:rightOutcomeName="Approve" modeler:operator="=="/>
        <modeler:editor-resource-id><![CDATA[sid-353C778C-A7F3-4FBD-9220-6C030F0CDFCB]]></modeler:editor-resource-id>
      </extensionElements>
      <conditionExpression xsi:type="tFormalExpression"><![CDATA[${(activiti_flowConditionsBean.exists(execution, 'form2002outcome') && form2002outcome == 'Approve')}]]></conditionExpression>
    </sequenceFlow>
    <sequenceFlow id="sid-77BD2993-258A-425C-9969-0B605ACDD470" name="Rejected" sourceRef="sid-AA46E15E-9D4D-4AC8-B9E7-E38519462578" targetRef="sid-95CE42B6-AD1A-4DD3-AE84-6588BB0A85A7">
      <extensionElements>
        <modeler:conditionDefinition modeler:index="0" modeler:outcomeFormId="2002" modeler:outcomeFormName="First Approval Form" modeler:rightOutcomeName="Reject" modeler:operator="=="/>
        <modeler:editor-resource-id><![CDATA[sid-77BD2993-258A-425C-9969-0B605ACDD470]]></modeler:editor-resource-id>
      </extensionElements>
      <conditionExpression xsi:type="tFormalExpression"><![CDATA[${(activiti_flowConditionsBean.exists(execution, 'form2002outcome') && form2002outcome == 'Reject')}]]></conditionExpression>
    </sequenceFlow>
    <sequenceFlow id="sid-4CC98A93-02E6-4519-87AA-37A6D20D936D" name="Approved" sourceRef="sid-36EF8EEC-65E7-4852-BE93-EB0DCD358E56" targetRef="sid-022AAA61-A8BA-4AB7-8ADF-2F54ACBA955D">
      <extensionElements>
        <modeler:conditionDefinition modeler:index="0" modeler:outcomeFormId="2003" modeler:outcomeFormName="Manager Approval Form" modeler:rightOutcomeName="Manager Approve" modeler:operator="=="/>
        <modeler:editor-resource-id><![CDATA[sid-4CC98A93-02E6-4519-87AA-37A6D20D936D]]></modeler:editor-resource-id>
      </extensionElements>
      <conditionExpression xsi:type="tFormalExpression"><![CDATA[${(activiti_flowConditionsBean.exists(execution, 'form2003outcome') && form2003outcome == 'Manager Approve')}]]></conditionExpression>
    </sequenceFlow>
    <sequenceFlow id="sid-8A6B200C-B66F-4E0A-B101-9AA0B9E7F18A" name="Rejected" sourceRef="sid-36EF8EEC-65E7-4852-BE93-EB0DCD358E56" targetRef="sid-2FBA7FDF-C243-40B5-B807-52F8F57D0E59">
      <extensionElements>
        <modeler:conditionDefinition modeler:index="0" modeler:outcomeFormId="2003" modeler:outcomeFormName="Manager Approval Form" modeler:rightOutcomeName="Manager Reject" modeler:operator="=="/>
        <modeler:editor-resource-id><![CDATA[sid-8A6B200C-B66F-4E0A-B101-9AA0B9E7F18A]]></modeler:editor-resource-id>
      </extensionElements>
      <conditionExpression xsi:type="tFormalExpression"><![CDATA[${(activiti_flowConditionsBean.exists(execution, 'form2003outcome') && form2003outcome == 'Manager Reject')}]]></conditionExpression>
    </sequenceFlow>
  </process>
  <bpmndi:BPMNDiagram id="BPMNDiagram_SpecialApproval">
    <bpmndi:BPMNPlane bpmnElement="SpecialApproval" id="BPMNPlane_SpecialApproval">
      <bpmndi:BPMNShape bpmnElement="startEvent1" id="BPMNShape_startEvent1">
        <omgdc:Bounds height="30.0" width="30.0" x="90.0" y="163.0"/>
      </bpmndi:BPMNShape>
      <bpmndi:BPMNShape bpmnElement="sid-3336ABA3-AC83-4B34-8303-F52CE7D78037" id="BPMNShape_sid-3336ABA3-AC83-4B34-8303-F52CE7D78037">
        <omgdc:Bounds height="80.0" width="100.0" x="336.0" y="138.0"/>
      </bpmndi:BPMNShape>
      <bpmndi:BPMNShape bpmnElement="sid-08E493EE-05D6-4DBC-89F6-FBD19B7272FA" id="BPMNShape_sid-08E493EE-05D6-4DBC-89F6-FBD19B7272FA">
        <omgdc:Bounds height="80.0" width="100.0" x="615.0" y="138.0"/>
      </bpmndi:BPMNShape>
      <bpmndi:BPMNShape bpmnElement="sid-022AAA61-A8BA-4AB7-8ADF-2F54ACBA955D" id="BPMNShape_sid-022AAA61-A8BA-4AB7-8ADF-2F54ACBA955D">
        <omgdc:Bounds height="28.0" width="28.0" x="870.0" y="164.0"/>
      </bpmndi:BPMNShape>
      <bpmndi:BPMNShape bpmnElement="sid-CD4F9EBC-17E8-4ED8-9B17-5B123615F1AD" id="BPMNShape_sid-CD4F9EBC-17E8-4ED8-9B17-5B123615F1AD">
        <omgdc:Bounds height="80.0" width="100.0" x="180.0" y="138.0"/>
      </bpmndi:BPMNShape>
      <bpmndi:BPMNShape bpmnElement="sid-AA46E15E-9D4D-4AC8-B9E7-E38519462578" id="BPMNShape_sid-AA46E15E-9D4D-4AC8-B9E7-E38519462578">
        <omgdc:Bounds height="40.0" width="40.0" x="481.0" y="158.0"/>
      </bpmndi:BPMNShape>
      <bpmndi:BPMNShape bpmnElement="sid-36EF8EEC-65E7-4852-BE93-EB0DCD358E56" id="BPMNShape_sid-36EF8EEC-65E7-4852-BE93-EB0DCD358E56">
        <omgdc:Bounds height="40.0" width="40.0" x="760.0" y="158.0"/>
      </bpmndi:BPMNShape>
      <bpmndi:BPMNShape bpmnElement="sid-95CE42B6-AD1A-4DD3-AE84-6588BB0A85A7" id="BPMNShape_sid-95CE42B6-AD1A-4DD3-AE84-6588BB0A85A7">
        <omgdc:Bounds height="28.0" width="28.0" x="487.0" y="285.0"/>
      </bpmndi:BPMNShape>
      <bpmndi:BPMNShape bpmnElement="sid-2FBA7FDF-C243-40B5-B807-52F8F57D0E59" id="BPMNShape_sid-2FBA7FDF-C243-40B5-B807-52F8F57D0E59">
        <omgdc:Bounds height="28.0" width="28.0" x="766.0" y="285.0"/>
      </bpmndi:BPMNShape>
      <bpmndi:BPMNShape bpmnElement="sid-2349767A-A0FC-4B5F-913C-903AC30AD3DA" id="BPMNShape_sid-2349767A-A0FC-4B5F-913C-903AC30AD3DA">
        <omgdc:Bounds height="30.0" width="30.0" x="654.1630640217486" y="203.58987421204856"/>
      </bpmndi:BPMNShape>
      <bpmndi:BPMNEdge bpmnElement="sid-945E0140-0DE6-4427-8FC1-3655275FDD83" id="BPMNEdge_sid-945E0140-0DE6-4427-8FC1-3655275FDD83">
        <omgdi:waypoint x="436.0" y="178.2164502164502"/>
        <omgdi:waypoint x="481.4130434782609" y="178.41304347826087"/>
      </bpmndi:BPMNEdge>
      <bpmndi:BPMNEdge bpmnElement="sid-77BD2993-258A-425C-9969-0B605ACDD470" id="BPMNEdge_sid-77BD2993-258A-425C-9969-0B605ACDD470">
        <omgdi:waypoint x="501.42083333333335" y="197.57916666666665"/>
        <omgdi:waypoint x="501.05809078622497" y="285.0001205197846"/>
      </bpmndi:BPMNEdge>
      <bpmndi:BPMNEdge bpmnElement="sid-8A6B200C-B66F-4E0A-B101-9AA0B9E7F18A" id="BPMNEdge_sid-8A6B200C-B66F-4E0A-B101-9AA0B9E7F18A">
        <omgdi:waypoint x="780.4208333333333" y="197.57916666666665"/>
        <omgdi:waypoint x="780.058090786225" y="285.0001205197846"/>
      </bpmndi:BPMNEdge>
      <bpmndi:BPMNEdge bpmnElement="sid-BB46949C-473F-4996-9A66-217659EC7A13" id="BPMNEdge_sid-BB46949C-473F-4996-9A66-217659EC7A13">
        <omgdi:waypoint x="280.0" y="178.0"/>
        <omgdi:waypoint x="336.0" y="178.0"/>
      </bpmndi:BPMNEdge>
      <bpmndi:BPMNEdge bpmnElement="sid-353C778C-A7F3-4FBD-9220-6C030F0CDFCB" id="BPMNEdge_sid-353C778C-A7F3-4FBD-9220-6C030F0CDFCB">
        <omgdi:waypoint x="520.5582822085889" y="178.44171779141104"/>
        <omgdi:waypoint x="615.0" y="178.15290519877675"/>
      </bpmndi:BPMNEdge>
      <bpmndi:BPMNEdge bpmnElement="sid-47D647E3-6BDE-4B72-B382-304924EC94C0" id="BPMNEdge_sid-47D647E3-6BDE-4B72-B382-304924EC94C0">
        <omgdi:waypoint x="120.0" y="178.0"/>
        <omgdi:waypoint x="180.0" y="178.0"/>
      </bpmndi:BPMNEdge>
      <bpmndi:BPMNEdge bpmnElement="sid-4CC98A93-02E6-4519-87AA-37A6D20D936D" id="BPMNEdge_sid-4CC98A93-02E6-4519-87AA-37A6D20D936D">
        <omgdi:waypoint x="799.5922330097087" y="178.40776699029126"/>
        <omgdi:waypoint x="870.0001633615132" y="178.0676320610555"/>
      </bpmndi:BPMNEdge>
      <bpmndi:BPMNEdge bpmnElement="sid-8BB6659A-E07D-4257-BE4B-DE89C87B945C" id="BPMNEdge_sid-8BB6659A-E07D-4257-BE4B-DE89C87B945C">
        <omgdi:waypoint x="715.0" y="178.2164502164502"/>
        <omgdi:waypoint x="760.4130434782609" y="178.41304347826087"/>
      </bpmndi:BPMNEdge>
      <bpmndi:BPMNEdge bpmnElement="sid-216A29D9-4985-4A1E-9008-B0B5365FE229" id="BPMNEdge_sid-216A29D9-4985-4A1E-9008-B0B5365FE229">
        <omgdi:waypoint x="669.1630640217486" y="233.58987421204856"/>
        <omgdi:waypoint x="669.1630640217486" y="357.0"/>
        <omgdi:waypoint x="386.0" y="357.0"/>
        <omgdi:waypoint x="386.0" y="218.0"/>
      </bpmndi:BPMNEdge>
    </bpmndi:BPMNPlane>
  </bpmndi:BPMNDiagram>
</definitions>