<?xml version='1.0' encoding='UTF-8'?>
<definitions xmlns="http://www.omg.org/spec/BPMN/20100524/MODEL" xmlns:xsi="http://www.w3.org/2001/XMLSchema-instance" xmlns:xsd="http://www.w3.org/2001/XMLSchema" xmlns:activiti="http://activiti.org/bpmn" xmlns:bpmndi="http://www.omg.org/spec/BPMN/20100524/DI" xmlns:omgdc="http://www.omg.org/spec/DD/20100524/DC" xmlns:omgdi="http://www.omg.org/spec/DD/20100524/DI" typeLanguage="http://www.w3.org/2001/XMLSchema" expressionLanguage="http://www.w3.org/1999/XPath" targetNamespace="http://www.activiti.org/processdef" xmlns:modeler="http://activiti.com/modeler" modeler:version="1.0en" modeler:exportDateTime="20190620164456311" modeler:modelId="18020" modeler:modelVersion="8" modeler:modelLastUpdated="1561045803653">
  <process id="BankCustomerOnBoarding" name="Bank Customer OnBoarding" isExecutable="true">
    <extensionElements>
      <modeler:executionvariables xmlns:modeler="http://activiti.com/modeler" modeler:variableName="newCustomerId" modeler:variableType="string"/>
    </extensionElements>
    <startEvent id="startEvent1" name="Start">
      <extensionElements>
        <modeler:editor-resource-id><![CDATA[startEvent1]]></modeler:editor-resource-id>
      </extensionElements>
    </startEvent>
    <userTask id="sid-EA3E44CE-896E-48F8-B44D-72014FD373EB" name="Add Customer Data" activiti:assignee="$INITIATOR" activiti:formKey="18021">
      <extensionElements>
        <modeler:allow-send-email><![CDATA[true]]></modeler:allow-send-email>
        <modeler:form-reference-id><![CDATA[18021]]></modeler:form-reference-id>
        <modeler:form-reference-name><![CDATA[Add New Customer Data]]></modeler:form-reference-name>
        <modeler:activiti-idm-initiator><![CDATA[true]]></modeler:activiti-idm-initiator>
        <modeler:editor-resource-id><![CDATA[sid-EA3E44CE-896E-48F8-B44D-72014FD373EB]]></modeler:editor-resource-id>
      </extensionElements>
    </userTask>
    <sequenceFlow id="sid-D38FBC08-6663-4A9A-8265-C31D2E373F0C" sourceRef="sid-EA3E44CE-896E-48F8-B44D-72014FD373EB" targetRef="sid-B483225B-F664-4016-BF5A-2CE62531E779">
      <extensionElements>
        <modeler:editor-resource-id><![CDATA[sid-D38FBC08-6663-4A9A-8265-C31D2E373F0C]]></modeler:editor-resource-id>
      </extensionElements>
    </sequenceFlow>
    <serviceTask id="sid-B483225B-F664-4016-BF5A-2CE62531E779" name="Save New Customer Data" activiti:delegateExpression="${activiti_storeEntityDelegate}">
      <extensionElements>
        <activiti:field name="publishAsType">
          <activiti:string><![CDATA[process_initiator]]></activiti:string>
        </activiti:field>
        <modeler:entity-attribute-mapping modeler:mappedDataModel="18019" modeler:mappedEntity="bankCustomers" modeler:newVariableName="newCustomerData">
          <modeler:attribute-element-mapping modeler:attribute-name="id" modeler:variable-id="newCustomerId" modeler:variable-name="newCustomerId" modeler:variable-type="string"/>
          <modeler:attribute-element-mapping modeler:attribute-name="name" modeler:form-field-id="newCustomerName" modeler:form-field-name="Name" modeler:form-field-type="text" modeler:field-value-path=""/>
          <modeler:attribute-element-mapping modeler:attribute-name="address" modeler:form-field-id="newCustomerAddress" modeler:form-field-name="Address" modeler:form-field-type="text" modeler:field-value-path=""/>
          <modeler:attribute-element-mapping modeler:attribute-name="city" modeler:form-field-id="newCustomerCity" modeler:form-field-name="City" modeler:form-field-type="text" modeler:field-value-path=""/>
          <modeler:attribute-element-mapping modeler:attribute-name="state" modeler:form-field-id="newCustomerState" modeler:form-field-name="State" modeler:form-field-type="text" modeler:field-value-path=""/>
          <modeler:attribute-element-mapping modeler:attribute-name="zipCode" modeler:form-field-id="newCustomerZipCode" modeler:form-field-name="Zip Code" modeler:form-field-type="text" modeler:field-value-path=""/>
        </modeler:entity-attribute-mapping>
        <modeler:editor-resource-id><![CDATA[sid-B483225B-F664-4016-BF5A-2CE62531E779]]></modeler:editor-resource-id>
      </extensionElements>
    </serviceTask>
    <sequenceFlow id="sid-55903136-734C-4A1A-B6C9-6AAC085512A3" sourceRef="startEvent1" targetRef="sid-E0D59907-A370-43F8-B236-694BFEE5CBA2">
      <extensionElements>
        <modeler:editor-resource-id><![CDATA[sid-55903136-734C-4A1A-B6C9-6AAC085512A3]]></modeler:editor-resource-id>
      </extensionElements>
    </sequenceFlow>
    <sequenceFlow id="sid-F7A824D8-9058-4DB9-87A5-1CF4E21D0B30" sourceRef="sid-E0D59907-A370-43F8-B236-694BFEE5CBA2" targetRef="sid-EA3E44CE-896E-48F8-B44D-72014FD373EB">
      <extensionElements>
        <modeler:editor-resource-id><![CDATA[sid-F7A824D8-9058-4DB9-87A5-1CF4E21D0B30]]></modeler:editor-resource-id>
      </extensionElements>
    </sequenceFlow>
    <scriptTask id="sid-E0D59907-A370-43F8-B236-694BFEE5CBA2" name="Set Customer ID" scriptFormat="groovy" activiti:autoStoreVariables="false">
      <extensionElements>
        <modeler:editor-resource-id><![CDATA[sid-E0D59907-A370-43F8-B236-694BFEE5CBA2]]></modeler:editor-resource-id>
      </extensionElements>
      <script><![CDATA[execution.setVariable('newCustomerId',execution.getProcessInstanceId());]]></script>
    </scriptTask>
    <endEvent id="sid-EBA625E0-0154-4AC3-A459-1C598E1D5316" name="End">
      <extensionElements>
        <modeler:editor-resource-id><![CDATA[sid-EBA625E0-0154-4AC3-A459-1C598E1D5316]]></modeler:editor-resource-id>
      </extensionElements>
    </endEvent>
    <sequenceFlow id="sid-C8580BF0-38F6-4618-A374-488B61CF4729" sourceRef="sid-B483225B-F664-4016-BF5A-2CE62531E779" targetRef="sid-EBA625E0-0154-4AC3-A459-1C598E1D5316">
      <extensionElements>
        <modeler:editor-resource-id><![CDATA[sid-C8580BF0-38F6-4618-A374-488B61CF4729]]></modeler:editor-resource-id>
      </extensionElements>
    </sequenceFlow>
  </process>
  <bpmndi:BPMNDiagram id="BPMNDiagram_BankCustomerOnBoarding">
    <bpmndi:BPMNPlane bpmnElement="BankCustomerOnBoarding" id="BPMNPlane_BankCustomerOnBoarding">
      <bpmndi:BPMNShape bpmnElement="startEvent1" id="BPMNShape_startEvent1">
        <omgdc:Bounds height="30.0" width="30.0" x="90.0" y="166.0"/>
      </bpmndi:BPMNShape>
      <bpmndi:BPMNShape bpmnElement="sid-EA3E44CE-896E-48F8-B44D-72014FD373EB" id="BPMNShape_sid-EA3E44CE-896E-48F8-B44D-72014FD373EB">
        <omgdc:Bounds height="80.0" width="100.0" x="300.0" y="141.0"/>
      </bpmndi:BPMNShape>
      <bpmndi:BPMNShape bpmnElement="sid-B483225B-F664-4016-BF5A-2CE62531E779" id="BPMNShape_sid-B483225B-F664-4016-BF5A-2CE62531E779">
        <omgdc:Bounds height="80.0" width="100.0" x="465.0" y="141.0"/>
      </bpmndi:BPMNShape>
      <bpmndi:BPMNShape bpmnElement="sid-E0D59907-A370-43F8-B236-694BFEE5CBA2" id="BPMNShape_sid-E0D59907-A370-43F8-B236-694BFEE5CBA2">
        <omgdc:Bounds height="80.0" width="100.0" x="165.0" y="141.0"/>
      </bpmndi:BPMNShape>
      <bpmndi:BPMNShape bpmnElement="sid-EBA625E0-0154-4AC3-A459-1C598E1D5316" id="BPMNShape_sid-EBA625E0-0154-4AC3-A459-1C598E1D5316">
        <omgdc:Bounds height="28.0" width="28.0" x="630.0" y="167.0"/>
      </bpmndi:BPMNShape>
      <bpmndi:BPMNEdge bpmnElement="sid-C8580BF0-38F6-4618-A374-488B61CF4729" id="BPMNEdge_sid-C8580BF0-38F6-4618-A374-488B61CF4729">
        <omgdi:waypoint x="565.0" y="181.0"/>
        <omgdi:waypoint x="630.0" y="181.0"/>
      </bpmndi:BPMNEdge>
      <bpmndi:BPMNEdge bpmnElement="sid-F7A824D8-9058-4DB9-87A5-1CF4E21D0B30" id="BPMNEdge_sid-F7A824D8-9058-4DB9-87A5-1CF4E21D0B30">
        <omgdi:waypoint x="265.0" y="181.0"/>
        <omgdi:waypoint x="300.0" y="181.0"/>
      </bpmndi:BPMNEdge>
      <bpmndi:BPMNEdge bpmnElement="sid-55903136-734C-4A1A-B6C9-6AAC085512A3" id="BPMNEdge_sid-55903136-734C-4A1A-B6C9-6AAC085512A3">
        <omgdi:waypoint x="120.0" y="181.0"/>
        <omgdi:waypoint x="165.0" y="181.0"/>
      </bpmndi:BPMNEdge>
      <bpmndi:BPMNEdge bpmnElement="sid-D38FBC08-6663-4A9A-8265-C31D2E373F0C" id="BPMNEdge_sid-D38FBC08-6663-4A9A-8265-C31D2E373F0C">
        <omgdi:waypoint x="400.0" y="181.0"/>
        <omgdi:waypoint x="465.0" y="181.0"/>
      </bpmndi:BPMNEdge>
    </bpmndi:BPMNPlane>
  </bpmndi:BPMNDiagram>
</definitions>