{"resourceId":18020,"properties":{"process_id":"BankCustomerOnBoarding","name":"Bank Customer OnBoarding","documentation":"","process_author":"","process_version":"","process_namespace":"http://www.activiti.org/processdef","executionlisteners":"","eventlisteners":"","signaldefinitions":"","messagedefinitions":"","executionvariables":"[{\"variableName\":\"newCustomerId\",\"variableType\":\"string\",\"$$hashKey\":\"uiGrid-009T\"}]","metadata":""},"stencil":{"id":"BPMNDiagram"},"childShapes":[{"resourceId":"startEvent1","properties":{"overrideid":"","name":"Start","documentation":"","executionlisteners":"","initiator":"","formkeydefinition":"","formreference":"","fieldstovariables":"","formproperties":""},"stencil":{"id":"StartNoneEvent"},"childShapes":[],"outgoing":[{"resourceId":"sid-55903136-734C-4A1A-B6C9-6AAC085512A3"}],"bounds":{"lowerRight":{"x":120,"y":196},"upperLeft":{"x":90,"y":166}},"dockers":[]},{"resourceId":"sid-EA3E44CE-896E-48F8-B44D-72014FD373EB","properties":{"overrideid":"","name":"Add Customer Data","documentation":"","asynchronousdefinition":"false","exclusivedefinition":"false","executionlisteners":"","multiinstance_type":"None","multiinstance_cardinality":"","multiinstance_collection":"","multiinstance_variable":"","multiinstance_condition":"","isforcompensation":"false","usertasksendemail":true,"usertaskassignment":"","formkeydefinition":"","formreference":{"id":18021,"name":"Add New Customer Data","referenceId":18020},"fieldstovariables":"","duedatedefinition":"","prioritydefinition":"","categorydefinition":"","formproperties":"","tasklisteners":"","emailtemplate":""},"stencil":{"id":"UserTask"},"childShapes":[],"outgoing":[{"resourceId":"sid-D38FBC08-6663-4A9A-8265-C31D2E373F0C"}],"bounds":{"lowerRight":{"x":400,"y":221},"upperLeft":{"x":300,"y":141}},"dockers":[]},{"resourceId":"sid-D38FBC08-6663-4A9A-8265-C31D2E373F0C","properties":{"overrideid":"","name":"","documentation":"","conditionsequenceflow":"","executionlisteners":"","defaultflow":"false"},"stencil":{"id":"SequenceFlow"},"childShapes":[],"outgoing":[{"resourceId":"sid-B483225B-F664-4016-BF5A-2CE62531E779"}],"bounds":{"lowerRight":{"x":464.37109375,"y":181},"upperLeft":{"x":400.62890625,"y":181}},"dockers":[{"x":50,"y":40},{"x":50,"y":40}],"target":{"resourceId":"sid-B483225B-F664-4016-BF5A-2CE62531E779"}},{"resourceId":"sid-B483225B-F664-4016-BF5A-2CE62531E779","properties":{"overrideid":"","name":"Save New Customer Data","documentation":"","alfrescoactiontask_publish_as_type":"","entityattributemapping":{"mappedDataModel":18019,"mappedEntity":"bankCustomers","attributeMappings":[{"attributeName":"id","attributeType":"number","attributePrimaryKey":true,"attributeIdentity":false,"attributeRequired":false,"valueType":"variable","variable":{"id":"newCustomerId","name":"newCustomerId","type":"string"},"$$hashKey":"uiGrid-003W"},{"attributeName":"name","attributeType":"string","attributePrimaryKey":false,"attributeIdentity":false,"attributeRequired":false,"valueType":"field","formField":{"id":"newCustomerName","name":"Name","type":"text"},"fieldValuePath":"","$$hashKey":"uiGrid-003Y"},{"attributeName":"address","attributeType":"string","attributePrimaryKey":false,"attributeIdentity":false,"attributeRequired":false,"valueType":"field","formField":{"id":"newCustomerAddress","name":"Address","type":"text"},"fieldValuePath":"","$$hashKey":"uiGrid-0040"},{"attributeName":"city","attributeType":"string","attributePrimaryKey":false,"attributeIdentity":false,"attributeRequired":false,"valueType":"field","formField":{"id":"newCustomerCity","name":"City","type":"text"},"fieldValuePath":"","$$hashKey":"uiGrid-0042"},{"attributeName":"state","attributeType":"string","attributePrimaryKey":false,"attributeIdentity":false,"attributeRequired":false,"valueType":"field","formField":{"id":"newCustomerState","name":"State","type":"text"},"fieldValuePath":"","$$hashKey":"uiGrid-0044"},{"attributeName":"zipCode","attributeType":"string","attributePrimaryKey":false,"attributeIdentity":false,"attributeRequired":false,"valueType":"field","formField":{"id":"newCustomerZipCode","name":"Zip Code","type":"text"},"fieldValuePath":"","$$hashKey":"uiGrid-0046"}],"newVariableName":"newCustomerData"},"type":"http://b3mn.org/stencilset/bpmn2.0#UserTask","asynchronousdefinition":"false","exclusivedefinition":"false","executionlisteners":"","multiinstance_type":"None","multiinstance_cardinality":"","multiinstance_collection":"","multiinstance_variable":"","multiinstance_condition":"","isforcompensation":"false","usertasksendemail":true,"usertaskassignment":"","formkeydefinition":"","formreference":"","fieldstovariables":"","duedatedefinition":"","prioritydefinition":"","categorydefinition":"","formproperties":"","tasklisteners":"","emailtemplate":""},"stencil":{"id":"StoreEntityTask"},"childShapes":[],"outgoing":[{"resourceId":"sid-C8580BF0-38F6-4618-A374-488B61CF4729"}],"bounds":{"lowerRight":{"x":565,"y":221},"upperLeft":{"x":465,"y":141}},"dockers":[]},{"resourceId":"sid-55903136-734C-4A1A-B6C9-6AAC085512A3","properties":{"overrideid":"","name":"","documentation":"","conditionsequenceflow":"","executionlisteners":"","defaultflow":"false"},"stencil":{"id":"SequenceFlow"},"childShapes":[],"outgoing":[{"resourceId":"sid-E0D59907-A370-43F8-B236-694BFEE5CBA2"}],"bounds":{"lowerRight":{"x":164.15625,"y":181},"upperLeft":{"x":120.609375,"y":181}},"dockers":[{"x":15,"y":15},{"x":50,"y":40}],"target":{"resourceId":"sid-E0D59907-A370-43F8-B236-694BFEE5CBA2"}},{"resourceId":"sid-F7A824D8-9058-4DB9-87A5-1CF4E21D0B30","properties":{"overrideid":"","name":"","documentation":"","conditionsequenceflow":"","executionlisteners":"","defaultflow":"false"},"stencil":{"id":"SequenceFlow"},"childShapes":[],"outgoing":[{"resourceId":"sid-EA3E44CE-896E-48F8-B44D-72014FD373EB"}],"bounds":{"lowerRight":{"x":299.4296875,"y":181},"upperLeft":{"x":265.5703125,"y":181}},"dockers":[{"x":50,"y":40},{"x":50,"y":40}],"target":{"resourceId":"sid-EA3E44CE-896E-48F8-B44D-72014FD373EB"}},{"resourceId":"sid-E0D59907-A370-43F8-B236-694BFEE5CBA2","properties":{"scriptformat":"groovy","scripttext":"execution.setVariable('newCustomerId',execution.getProcessInstanceId());","executionvariables":"","overrideid":"","name":"Set Customer ID","documentation":"","asynchronousdefinition":"false","exclusivedefinition":"false","executionlisteners":"","multiinstance_type":"None","multiinstance_cardinality":"","multiinstance_collection":"","multiinstance_variable":"","multiinstance_condition":"","isforcompensation":"false","type":"http://b3mn.org/stencilset/bpmn2.0#UserTask","usertasksendemail":true,"usertaskassignment":"","formkeydefinition":"","formreference":"","fieldstovariables":"","duedatedefinition":"","prioritydefinition":"","categorydefinition":"","formproperties":"","tasklisteners":"","emailtemplate":""},"stencil":{"id":"ScriptTask"},"childShapes":[],"outgoing":[{"resourceId":"sid-F7A824D8-9058-4DB9-87A5-1CF4E21D0B30"}],"bounds":{"lowerRight":{"x":265,"y":221},"upperLeft":{"x":165,"y":141}},"dockers":[]},{"resourceId":"sid-EBA625E0-0154-4AC3-A459-1C598E1D5316","properties":{"overrideid":"","name":"End","documentation":"","executionlisteners":""},"stencil":{"id":"EndNoneEvent"},"childShapes":[],"outgoing":[],"bounds":{"lowerRight":{"x":658,"y":195},"upperLeft":{"x":630,"y":167}},"dockers":[]},{"resourceId":"sid-C8580BF0-38F6-4618-A374-488B61CF4729","properties":{"overrideid":"","name":"","documentation":"","conditionsequenceflow":"","executionlisteners":"","defaultflow":"false","showdiamondmarker":false},"stencil":{"id":"SequenceFlow"},"childShapes":[],"outgoing":[{"resourceId":"sid-EBA625E0-0154-4AC3-A459-1C598E1D5316"}],"bounds":{"lowerRight":{"x":629.8984375,"y":181},"upperLeft":{"x":565.3828125,"y":181}},"dockers":[{"x":50,"y":40},{"x":14,"y":14}],"target":{"resourceId":"sid-EBA625E0-0154-4AC3-A459-1C598E1D5316"}}],"bounds":{"lowerRight":{"x":1200,"y":1050},"upperLeft":{"x":0,"y":0}},"stencilset":{"url":"stencilsets/bpmn2.0/bpmn2.0.json","namespace":"http://b3mn.org/stencilset/bpmn2.0#"},"ssextensions":[]}