<?xml version='1.0' encoding='UTF-8'?>
<definitions xmlns="http://www.omg.org/spec/BPMN/20100524/MODEL" xmlns:xsi="http://www.w3.org/2001/XMLSchema-instance" xmlns:xsd="http://www.w3.org/2001/XMLSchema" xmlns:activiti="http://activiti.org/bpmn" xmlns:bpmndi="http://www.omg.org/spec/BPMN/20100524/DI" xmlns:omgdc="http://www.omg.org/spec/DD/20100524/DC" xmlns:omgdi="http://www.omg.org/spec/DD/20100524/DI" typeLanguage="http://www.w3.org/2001/XMLSchema" expressionLanguage="http://www.w3.org/1999/XPath" targetNamespace="http://www.activiti.org/processdef" xmlns:modeler="http://activiti.com/modeler" modeler:version="1.0en" modeler:exportDateTime="20191213175135014" modeler:modelId="6006" modeler:modelVersion="11" modeler:modelLastUpdated="1576258938583">
  <process id="DisplayValueTester" name="Display Value Tester" isExecutable="true">
    <extensionElements>
      <modeler:executionvariables xmlns:modeler="http://activiti.com/modeler" modeler:variableName="requestSubmitter" modeler:variableType="string"/>
      <modeler:executionvariables xmlns:modeler="http://activiti.com/modeler" modeler:variableName="submittedTaskName" modeler:variableType="string"/>
    </extensionElements>
    <startEvent id="startEvent1" name="Start">
      <extensionElements>
        <modeler:editor-resource-id><![CDATA[startEvent1]]></modeler:editor-resource-id>
      </extensionElements>
    </startEvent>
    <userTask id="sid-3DCDA218-F5E1-42B5-BAFA-9C03A20B2530" name="Get Details" activiti:assignee="$INITIATOR" activiti:formKey="6007">
      <extensionElements>
        <activiti:taskListener event="complete" class="org.activiti.engine.impl.bpmn.listener.ScriptTaskListener">
          <activiti:field name="language">
            <activiti:string><![CDATA[javascript]]></activiti:string>
          </activiti:field>
          <activiti:field name="script">
            <activiti:string><![CDATA[task.execution.setVariable("requestSubmitter", userInfoBean.getFullName(userInfoBean.getCurrentUser().getId())); task.execution.setVariable("submittedTaskName", task.getName());]]></activiti:string>
          </activiti:field>
        </activiti:taskListener>
        <modeler:allow-send-email><![CDATA[true]]></modeler:allow-send-email>
        <modeler:form-reference-id><![CDATA[6007]]></modeler:form-reference-id>
        <modeler:form-reference-name><![CDATA[Get Data]]></modeler:form-reference-name>
        <modeler:activiti-idm-initiator><![CDATA[true]]></modeler:activiti-idm-initiator>
        <modeler:initiator-can-complete><![CDATA[false]]></modeler:initiator-can-complete>
        <modeler:editor-resource-id><![CDATA[sid-3DCDA218-F5E1-42B5-BAFA-9C03A20B2530]]></modeler:editor-resource-id>
      </extensionElements>
    </userTask>
    <sequenceFlow id="sid-5D3F068F-DFD6-4731-9F87-469711CBA764" sourceRef="startEvent1" targetRef="sid-3DCDA218-F5E1-42B5-BAFA-9C03A20B2530">
      <extensionElements>
        <modeler:editor-resource-id><![CDATA[sid-5D3F068F-DFD6-4731-9F87-469711CBA764]]></modeler:editor-resource-id>
      </extensionElements>
    </sequenceFlow>
    <userTask id="sid-BAAD015C-643E-4B0F-9019-74896E93D599" name="Review Details" activiti:assignee="$INITIATOR" activiti:formKey="6008">
      <extensionElements>
        <modeler:allow-send-email><![CDATA[true]]></modeler:allow-send-email>
        <modeler:form-reference-id><![CDATA[6008]]></modeler:form-reference-id>
        <modeler:form-reference-name><![CDATA[Display Data]]></modeler:form-reference-name>
        <modeler:activiti-idm-initiator><![CDATA[true]]></modeler:activiti-idm-initiator>
        <modeler:initiator-can-complete><![CDATA[false]]></modeler:initiator-can-complete>
        <modeler:editor-resource-id><![CDATA[sid-BAAD015C-643E-4B0F-9019-74896E93D599]]></modeler:editor-resource-id>
      </extensionElements>
    </userTask>
    <sequenceFlow id="sid-DA7C2276-E1A3-4542-9B49-21BCE3EA0FEB" sourceRef="sid-3DCDA218-F5E1-42B5-BAFA-9C03A20B2530" targetRef="sid-BAAD015C-643E-4B0F-9019-74896E93D599">
      <extensionElements>
        <modeler:editor-resource-id><![CDATA[sid-DA7C2276-E1A3-4542-9B49-21BCE3EA0FEB]]></modeler:editor-resource-id>
      </extensionElements>
    </sequenceFlow>
    <endEvent id="sid-4B5C8BB4-8D9B-4E7E-A9AE-11AEDEDC857B" name="End">
      <extensionElements>
        <modeler:editor-resource-id><![CDATA[sid-4B5C8BB4-8D9B-4E7E-A9AE-11AEDEDC857B]]></modeler:editor-resource-id>
      </extensionElements>
    </endEvent>
    <sequenceFlow id="sid-70209174-06BF-4291-99C3-7CC394674141" sourceRef="sid-BAAD015C-643E-4B0F-9019-74896E93D599" targetRef="sid-4B5C8BB4-8D9B-4E7E-A9AE-11AEDEDC857B">
      <extensionElements>
        <modeler:editor-resource-id><![CDATA[sid-70209174-06BF-4291-99C3-7CC394674141]]></modeler:editor-resource-id>
      </extensionElements>
    </sequenceFlow>
  </process>
  <bpmndi:BPMNDiagram id="BPMNDiagram_DisplayValueTester">
    <bpmndi:BPMNPlane bpmnElement="DisplayValueTester" id="BPMNPlane_DisplayValueTester">
      <bpmndi:BPMNShape bpmnElement="startEvent1" id="BPMNShape_startEvent1">
        <omgdc:Bounds height="30.0" width="30.0" x="100.0" y="163.0"/>
      </bpmndi:BPMNShape>
      <bpmndi:BPMNShape bpmnElement="sid-3DCDA218-F5E1-42B5-BAFA-9C03A20B2530" id="BPMNShape_sid-3DCDA218-F5E1-42B5-BAFA-9C03A20B2530">
        <omgdc:Bounds height="80.0" width="100.0" x="165.0" y="138.0"/>
      </bpmndi:BPMNShape>
      <bpmndi:BPMNShape bpmnElement="sid-BAAD015C-643E-4B0F-9019-74896E93D599" id="BPMNShape_sid-BAAD015C-643E-4B0F-9019-74896E93D599">
        <omgdc:Bounds height="80.0" width="100.0" x="315.0" y="138.0"/>
      </bpmndi:BPMNShape>
      <bpmndi:BPMNShape bpmnElement="sid-4B5C8BB4-8D9B-4E7E-A9AE-11AEDEDC857B" id="BPMNShape_sid-4B5C8BB4-8D9B-4E7E-A9AE-11AEDEDC857B">
        <omgdc:Bounds height="28.0" width="28.0" x="465.0" y="164.0"/>
      </bpmndi:BPMNShape>
      <bpmndi:BPMNEdge bpmnElement="sid-5D3F068F-DFD6-4731-9F87-469711CBA764" id="BPMNEdge_sid-5D3F068F-DFD6-4731-9F87-469711CBA764">
        <omgdi:waypoint x="130.0" y="178.0"/>
        <omgdi:waypoint x="165.0" y="178.0"/>
      </bpmndi:BPMNEdge>
      <bpmndi:BPMNEdge bpmnElement="sid-DA7C2276-E1A3-4542-9B49-21BCE3EA0FEB" id="BPMNEdge_sid-DA7C2276-E1A3-4542-9B49-21BCE3EA0FEB">
        <omgdi:waypoint x="265.0" y="178.0"/>
        <omgdi:waypoint x="315.0" y="178.0"/>
      </bpmndi:BPMNEdge>
      <bpmndi:BPMNEdge bpmnElement="sid-70209174-06BF-4291-99C3-7CC394674141" id="BPMNEdge_sid-70209174-06BF-4291-99C3-7CC394674141">
        <omgdi:waypoint x="415.0" y="178.0"/>
        <omgdi:waypoint x="465.0" y="178.0"/>
      </bpmndi:BPMNEdge>
    </bpmndi:BPMNPlane>
  </bpmndi:BPMNDiagram>
</definitions>