{"resourceId":6006,"properties":{"process_id":"DisplayValueTester","name":"Display Value Tester","documentation":"","process_author":"","process_version":"","process_namespace":"http://www.activiti.org/processdef","executionlisteners":"","eventlisteners":"","signaldefinitions":"","messagedefinitions":"","executionvariables":"[{\"variableName\":\"requestSubmitter\",\"variableType\":\"string\",\"$$hashKey\":\"uiGrid-0007\"},{\"variableName\":\"submittedTaskName\",\"variableType\":\"string\",\"$$hashKey\":\"uiGrid-000F\"}]","metadata":""},"stencil":{"id":"BPMNDiagram"},"childShapes":[{"resourceId":"startEvent1","properties":{"overrideid":"","name":"Start","documentation":"","executionlisteners":"","initiator":"","formkeydefinition":"","formreference":"","fieldstovariables":"","formproperties":""},"stencil":{"id":"StartNoneEvent"},"childShapes":[],"outgoing":[{"resourceId":"sid-5D3F068F-DFD6-4731-9F87-469711CBA764"}],"bounds":{"lowerRight":{"x":130,"y":193},"upperLeft":{"x":100,"y":163}},"dockers":[]},{"resourceId":"sid-3DCDA218-F5E1-42B5-BAFA-9C03A20B2530","properties":{"overrideid":"","name":"Get Details","documentation":"","asynchronousdefinition":"false","exclusivedefinition":"false","executionlisteners":"","multiinstance_type":"None","multiinstance_cardinality":"","multiinstance_collection":"","multiinstance_variable":"","multiinstance_condition":"","isforcompensation":"false","usertasksendemail":true,"usertaskassignment":{"assignment":{"type":"idm","idm":{"type":"initiator"}}},"formkeydefinition":"","formreference":{"id":6007,"name":"Get Data","referenceId":6006},"fieldstovariables":"","duedatedefinition":"","prioritydefinition":"","categorydefinition":"","formproperties":"","tasklisteners":{"taskListeners":[{"event":"complete","implementation":"org.activiti.engine.impl.bpmn.listener.ScriptTaskListener","className":"org.activiti.engine.impl.bpmn.listener.ScriptTaskListener","expression":"","delegateExpression":"","fields":[{"name":"language","implementation":"javascript","stringValue":"javascript","expression":"","string":"","$$hashKey":"uiGrid-000N"},{"name":"script","implementation":"task.execution.setVariable(\"requestSubmitter\", userInfoBean.getFullName(userInfoBean.getCurrentUser().getId())); task.execution.setVariable(\"submittedTaskName\", task.getName());","stringValue":"task.execution.setVariable(\"requestSubmitter\", userInfoBean.getFullName(userInfoBean.getCurrentUser().getId())); task.execution.setVariable(\"submittedTaskName\", task.getName());","expression":"","string":"","$$hashKey":"uiGrid-000P"}],"$$hashKey":"uiGrid-000D"}]},"emailtemplate":""},"stencil":{"id":"UserTask"},"childShapes":[],"outgoing":[{"resourceId":"sid-DA7C2276-E1A3-4542-9B49-21BCE3EA0FEB"}],"bounds":{"lowerRight":{"x":265,"y":218},"upperLeft":{"x":165,"y":138}},"dockers":[]},{"resourceId":"sid-5D3F068F-DFD6-4731-9F87-469711CBA764","properties":{"overrideid":"","name":"","documentation":"","conditionsequenceflow":"","executionlisteners":"","defaultflow":"false"},"stencil":{"id":"SequenceFlow"},"childShapes":[],"outgoing":[{"resourceId":"sid-3DCDA218-F5E1-42B5-BAFA-9C03A20B2530"}],"bounds":{"lowerRight":{"x":164.78125,"y":178},"upperLeft":{"x":130.0625,"y":178}},"dockers":[{"x":15,"y":15},{"x":50,"y":40}],"target":{"resourceId":"sid-3DCDA218-F5E1-42B5-BAFA-9C03A20B2530"}},{"resourceId":"sid-BAAD015C-643E-4B0F-9019-74896E93D599","properties":{"overrideid":"","name":"Review Details","documentation":"","asynchronousdefinition":"false","exclusivedefinition":"false","executionlisteners":"","multiinstance_type":"None","multiinstance_cardinality":"","multiinstance_collection":"","multiinstance_variable":"","multiinstance_condition":"","isforcompensation":"false","usertasksendemail":true,"usertaskassignment":{"assignment":{"type":"idm","idm":{"type":"initiator"}}},"formkeydefinition":"","formreference":{"id":6008,"name":"Display Data","referenceId":6006},"fieldstovariables":"","duedatedefinition":"","prioritydefinition":"","categorydefinition":"","formproperties":"","tasklisteners":"","emailtemplate":""},"stencil":{"id":"UserTask"},"childShapes":[],"outgoing":[{"resourceId":"sid-70209174-06BF-4291-99C3-7CC394674141"}],"bounds":{"lowerRight":{"x":415,"y":218},"upperLeft":{"x":315,"y":138}},"dockers":[]},{"resourceId":"sid-DA7C2276-E1A3-4542-9B49-21BCE3EA0FEB","properties":{"overrideid":"","name":"","documentation":"","conditionsequenceflow":"","executionlisteners":"","defaultflow":"false"},"stencil":{"id":"SequenceFlow"},"childShapes":[],"outgoing":[{"resourceId":"sid-BAAD015C-643E-4B0F-9019-74896E93D599"}],"bounds":{"lowerRight":{"x":314.78125,"y":178},"upperLeft":{"x":265.21875,"y":178}},"dockers":[{"x":50,"y":40},{"x":50,"y":40}],"target":{"resourceId":"sid-BAAD015C-643E-4B0F-9019-74896E93D599"}},{"resourceId":"sid-4B5C8BB4-8D9B-4E7E-A9AE-11AEDEDC857B","properties":{"overrideid":"","name":"End","documentation":"","executionlisteners":""},"stencil":{"id":"EndNoneEvent"},"childShapes":[],"outgoing":[],"bounds":{"lowerRight":{"x":493,"y":192},"upperLeft":{"x":465,"y":164}},"dockers":[]},{"resourceId":"sid-70209174-06BF-4291-99C3-7CC394674141","properties":{"overrideid":"","name":"","documentation":"","conditionsequenceflow":"","executionlisteners":"","defaultflow":"false"},"stencil":{"id":"SequenceFlow"},"childShapes":[],"outgoing":[{"resourceId":"sid-4B5C8BB4-8D9B-4E7E-A9AE-11AEDEDC857B"}],"bounds":{"lowerRight":{"x":464.640625,"y":178},"upperLeft":{"x":415.875,"y":178}},"dockers":[{"x":50,"y":40},{"x":14,"y":14}],"target":{"resourceId":"sid-4B5C8BB4-8D9B-4E7E-A9AE-11AEDEDC857B"}}],"bounds":{"lowerRight":{"x":1200,"y":1050},"upperLeft":{"x":0,"y":0}},"stencilset":{"url":"stencilsets/bpmn2.0/bpmn2.0.json","namespace":"http://b3mn.org/stencilset/bpmn2.0#"},"ssextensions":[]}