{"name":"multi-user","description":"","definition":{"models":[{"id":3046,"name":"test reviewers","version":50,"modelType":0,"description":"","stencilSetId":0,"createdByFullName":"Demo User","createdBy":4,"lastUpdatedByFullName":"Demo User","lastUpdatedBy":4,"lastUpdated":"2021-09-29T14:47:01.075+0000"},{"id":3037,"name":"Multi User Process","version":115,"modelType":0,"description":"","stencilSetId":null,"createdByFullName":"Demo User","createdBy":4,"lastUpdatedByFullName":"Demo User","lastUpdatedBy":4,"lastUpdated":"2021-09-29T14:47:01.091+0000"}],"theme":"theme-1","icon":"glyphicon-asterisk","publishIdentityInfo":[]}}