{"resourceId":4025,"properties":{"process_id":"RFI","name":"RFIGEN - Request for Information Generator","documentation":"","process_author":"","process_version":"","process_namespace":"http://www.activiti.org/processdef","executionlisteners":"{\"executionListeners\":[]}","eventlisteners":"{\"eventListeners\":[]}","signaldefinitions":"[]","messagedefinitions":"[]","executionvariables":"[{\"variableName\":\"myDate\",\"variableType\":\"string\"},{\"variableName\":\"myRef\",\"variableType\":\"string\"},{\"variableName\":\"ci_objID\",\"variableType\":\"string\"},{\"variableName\":\"cp_objID\",\"variableType\":\"string\"},{\"variableName\":\"ct_objID\",\"variableType\":\"string\"},{\"variableName\":\"cs_objID\",\"variableType\":\"string\"},{\"variableName\":\"rfistatus\",\"variableType\":\"string\"}]","metadata":""},"stencil":{"id":"BPMNDiagram"},"childShapes":[{"resourceId":"startEvent1","properties":{"overrideid":"startEvent1","name":"Start","documentation":"","executionlisteners":{"executionListeners":[]},"initiator":"","formkeydefinition":"","formreference":{"id":4019,"name":"RFI Input"},"fieldstovariables":"","formproperties":"","asynchronousdefinition":false,"exclusivedefinition":false},"stencil":{"id":"StartNoneEvent"},"childShapes":[],"outgoing":[{"resourceId":"sid-91DA3AED-5442-46A3-BEC6-BB65A2E861C1"}],"bounds":{"lowerRight":{"x":45,"y":270},"upperLeft":{"x":15,"y":240}},"dockers":[]},{"resourceId":"sid-EAFA708B-9CCC-44B6-A6F9-F3267391111E","properties":{"overrideid":"sid-EAFA708B-9CCC-44B6-A6F9-F3267391111E","name":"Cyber-Security Input","documentation":"","asynchronousdefinition":false,"exclusivedefinition":false,"executionlisteners":{"executionListeners":[]},"multiinstance_type":"None","multiinstance_cardinality":"","multiinstance_collection":"","multiinstance_variable":"","multiinstance_condition":"","isforcompensation":false,"usertasksendemail":true,"usertaskassignment":{"assignment":{"type":"idm","idm":{"type":"user","assignee":{"id":2002,"firstName":"Christopher","lastName":"Smith","email":"csuser@example.com","externalId":"csuser","$$hashKey":"object:1697"}},"initiatorCanCompleteTask":true}},"formkeydefinition":"","formreference":{"id":4024,"name":"CS RFI Input Form","referenceId":null},"fieldstovariables":"","duedatedefinition":"","prioritydefinition":"","categorydefinition":"","formproperties":"","tasklisteners":{"taskListeners":[]},"emailtemplate":""},"stencil":{"id":"UserTask"},"childShapes":[],"outgoing":[{"resourceId":"sid-576EEB08-E9F2-43CC-8A8B-714FDF3152AD"}],"bounds":{"lowerRight":{"x":662.9999999999999,"y":131},"upperLeft":{"x":555,"y":45}},"dockers":[]},{"resourceId":"sid-80F96554-A288-4E9C-AC11-C111544940C6","properties":{"overrideid":"sid-80F96554-A288-4E9C-AC11-C111544940C6","name":"Counter-Terrorism Input","documentation":"","asynchronousdefinition":false,"exclusivedefinition":false,"executionlisteners":{"executionListeners":[]},"multiinstance_type":"None","multiinstance_cardinality":"","multiinstance_collection":"","multiinstance_variable":"","multiinstance_condition":"","isforcompensation":false,"usertasksendemail":true,"usertaskassignment":{"assignment":{"type":"idm","idm":{"type":"user","assignee":{"id":2004,"firstName":"Terry","lastName":"Connor","email":"ctuser@example.com","externalId":"ctuser","$$hashKey":"object:2418"}},"initiatorCanCompleteTask":true}},"formkeydefinition":"","formreference":{"id":4023,"name":"CT RFI Input Form","referenceId":4025},"fieldstovariables":"","duedatedefinition":"","prioritydefinition":"","categorydefinition":"","formproperties":"","tasklisteners":{"taskListeners":[]},"emailtemplate":""},"stencil":{"id":"UserTask"},"childShapes":[],"outgoing":[{"resourceId":"sid-9BCC0D34-FF00-4F6A-B1AD-04FBC807F721"}],"bounds":{"lowerRight":{"x":661.9999999999999,"y":253},"upperLeft":{"x":555,"y":165}},"dockers":[]},{"resourceId":"sid-230EC404-F01C-4723-8724-062A14C37EFC","properties":{"overrideid":"sid-230EC404-F01C-4723-8724-062A14C37EFC","name":"Counter-Proliferation Input","documentation":"","asynchronousdefinition":false,"exclusivedefinition":false,"executionlisteners":{"executionListeners":[]},"multiinstance_type":"None","multiinstance_cardinality":"","multiinstance_collection":"","multiinstance_variable":"","multiinstance_condition":"","isforcompensation":false,"usertasksendemail":true,"usertaskassignment":{"assignment":{"type":"idm","idm":{"type":"user","assignee":{"id":2003,"firstName":"Cammy","lastName":"Peroli","email":"cpuser@example.com","externalId":"cpuser","$$hashKey":"object:2622"}},"initiatorCanCompleteTask":true}},"formkeydefinition":"","formreference":{"id":4020,"name":"CP RFI Input Form","referenceId":4025},"fieldstovariables":"","duedatedefinition":"","prioritydefinition":"","categorydefinition":"","formproperties":"","tasklisteners":{"taskListeners":[]},"emailtemplate":""},"stencil":{"id":"UserTask"},"childShapes":[],"outgoing":[{"resourceId":"sid-68C2BF2A-4F93-430E-BE5A-2DBDC4CACE97"}],"bounds":{"lowerRight":{"x":669.9999999999999,"y":365},"upperLeft":{"x":560,"y":276}},"dockers":[]},{"resourceId":"sid-328647FA-E171-4F73-9159-31178E73C7A0","properties":{"overrideid":"sid-328647FA-E171-4F73-9159-31178E73C7A0","name":"Counter-Intelligence Input","documentation":"","asynchronousdefinition":false,"exclusivedefinition":false,"executionlisteners":{"executionListeners":[]},"multiinstance_type":"None","multiinstance_cardinality":"","multiinstance_collection":"","multiinstance_variable":"","multiinstance_condition":"","isforcompensation":false,"usertasksendemail":true,"usertaskassignment":{"assignment":{"type":"idm","idm":{"type":"user","assignee":{"id":2006,"firstName":"Chad","lastName":"Ibold","email":"ciuser@example.com","externalId":"ciuser","$$hashKey":"object:2936"}},"initiatorCanCompleteTask":true}},"formkeydefinition":"","formreference":{"id":4021,"name":"CI RFI Input Form","referenceId":4025},"fieldstovariables":"","duedatedefinition":"","prioritydefinition":"","categorydefinition":"","formproperties":"","tasklisteners":{"taskListeners":[]},"emailtemplate":""},"stencil":{"id":"UserTask"},"childShapes":[],"outgoing":[{"resourceId":"sid-E14A417E-333C-49B2-A0D5-3064EB7F0A8F"}],"bounds":{"lowerRight":{"x":670,"y":485},"upperLeft":{"x":562.0000000000001,"y":394}},"dockers":[]},{"resourceId":"sid-D0970BD2-F563-4084-953D-03B2B865353B","properties":{"overrideid":"sid-D0970BD2-F563-4084-953D-03B2B865353B","name":"Contracts & Legal","documentation":"","asynchronousdefinition":false,"exclusivedefinition":false,"executionlisteners":{"executionListeners":[]},"multiinstance_type":"None","multiinstance_cardinality":"","multiinstance_collection":"","multiinstance_variable":"","multiinstance_condition":"","isforcompensation":false,"usertasksendemail":true,"usertaskassignment":{"assignment":{"type":"idm","idm":{"type":"user","assignee":{"id":2005,"firstName":"Leslie","lastName":"Carrigan","email":"lcuser@example.com","externalId":"lcuser","$$hashKey":"object:3718"}},"initiatorCanCompleteTask":true}},"formkeydefinition":"","formreference":{"id":4022,"name":"Contracts RFI Input Form","referenceId":null},"fieldstovariables":"","duedatedefinition":"","prioritydefinition":"","categorydefinition":"","formproperties":"","tasklisteners":{"taskListeners":[]},"emailtemplate":""},"stencil":{"id":"UserTask"},"childShapes":[],"outgoing":[{"resourceId":"sid-D98E6964-016C-468D-92C0-81133E94ED59"}],"bounds":{"lowerRight":{"x":1100,"y":417},"upperLeft":{"x":975,"y":315}},"dockers":[]},{"resourceId":"sid-B4045F47-A041-4E42-BD0C-DF70CE23D527","properties":{"overrideid":"sid-B4045F47-A041-4E42-BD0C-DF70CE23D527","name":"Generate RFI Main Page","documentation":"","generatedocumenttemplate":{"id":3014,"name":"RFI_Template.docx"},"generatedocumenttaskoutputformat":"word","executionvariable_document":{"variableName":"rfi","variableType":"document"},"generatedocumentfilename":"${topic}_RFI","additionaldatasources_document":"","additionaldatasourcenames_document":"","executionlisteners":{"executionListeners":[]},"isforcompensation":false,"asynchronousdefinition":true,"exclusivedefinition":true},"stencil":{"id":"GenerateDocumentTask"},"childShapes":[],"outgoing":[{"resourceId":"sid-9BE11923-A057-4E1A-A46B-EDF9AAD2E446"}],"bounds":{"lowerRight":{"x":890,"y":393.5},"upperLeft":{"x":840,"y":353.5}},"dockers":[]},{"resourceId":"sid-792AB6A4-095D-4087-9D3A-C9F63BC9AEAD","properties":{"overrideid":"sid-792AB6A4-095D-4087-9D3A-C9F63BC9AEAD","name":"Publish to Alfresco","documentation":"","alfresco_cloud_content":{"source":"process","metaDataColumnDefinitions":[{"fileProperty":"rfi:rfinumber","propertyType":"string","propertyValueType":"variable","processVariable":{"id":"myRef","name":"myRef","type":"string"}},{"fileProperty":"rfi:rfitopic","propertyType":"string","propertyValueType":"field","formField":{"id":"topic","name":"Topic","type":"text"}},{"fileProperty":"rfi:rfistatus","propertyType":"string","propertyValueType":"variable","processVariable":{"id":"rfistatus","name":"rfistatus","type":"string"}},{"fileProperty":"cm:title","propertyType":"string","propertyValueType":"variable","processVariable":{"id":"myRef","name":"myRef","type":"string"}}],"documentType":"cmis:document","documentAspects":[{"aspectName":"cm:titled"},{"aspectName":"rfi:rfi"}]},"alfresco_cloud_destination":{"account":"alfresco-1-alfresco-1","site":"rfx","path":"3c2a8882-2d21-40dc-989a-24b797f925c4","path_title":"documentLibrary > RFI","site_title":"RFx","publish_as_type":"process_initiator","folder":"topic"},"executionlisteners":{"executionListeners":[]},"isforcompensation":false,"asynchronousdefinition":true,"exclusivedefinition":true},"stencil":{"id":"PublishToAlfrescoCloudTask"},"childShapes":[],"outgoing":[{"resourceId":"sid-E4535A5D-4A19-413F-9530-F87239B620F3"}],"bounds":{"lowerRight":{"x":1415,"y":394.87438709674996},"upperLeft":{"x":1365,"y":354.87438709674996}},"dockers":[]},{"resourceId":"sid-12182CAE-8C18-40CF-8214-87A2F9E7DCEF","properties":{"overrideid":"sid-12182CAE-8C18-40CF-8214-87A2F9E7DCEF","name":"Notify Initiator of Completion","documentation":"","asynchronousdefinition":false,"exclusivedefinition":false,"executionlisteners":{"executionListeners":[]},"multiinstance_type":"None","multiinstance_cardinality":"","multiinstance_collection":"","multiinstance_variable":"","multiinstance_condition":"","isforcompensation":false,"mailtaskto":{"mailTo":{"type":"initiator"}},"mailtaskfrom":"demo@example.com","mailtasksubject":"Your RFI has been generated","mailtaskcc":"","mailtaskbcc":"","mailtasktext":"Your RFI has been generated. ","mailtaskhtml":"","mailtaskcharset":""},"stencil":{"id":"MailTask"},"childShapes":[],"outgoing":[{"resourceId":"sid-9734167B-D7E7-488E-AB3D-D3A7B0A1E001"}],"bounds":{"lowerRight":{"x":1557,"y":419.87438709674996},"upperLeft":{"x":1440,"y":334.87438709674996}},"dockers":[]},{"resourceId":"sid-7E81C114-F7B6-455F-94A4-937811EA5346","properties":{"scriptformat":"groovy","scripttext":"def mydate = new Date()\nmydate.setHours(mydate.getHours() - 4);\nString myref = new Date().format( 'yyMMddHHmmssS' )\nString mytextdate = new Date().format( 'MM/dd/yyyy' )\nprintln \"The Date Is \" + mytextdate + \".\"\ndef d = execution.setVariable('myDate',mytextdate)\ndef r = execution.setVariable('myRef','RFI_' + myref)\ndef s = execution.setVariable('rfistatus','Draft')","executionvariables":"","overrideid":"sid-7E81C114-F7B6-455F-94A4-937811EA5346","name":"Get Date","documentation":"","asynchronousdefinition":false,"exclusivedefinition":false,"executionlisteners":{"executionListeners":[]},"multiinstance_type":"None","multiinstance_cardinality":"","multiinstance_collection":"","multiinstance_variable":"","multiinstance_condition":"","isforcompensation":false},"stencil":{"id":"ScriptTask"},"childShapes":[],"outgoing":[{"resourceId":"sid-051DBBCB-53C8-42F4-B21D-47AC85A827B7"}],"bounds":{"lowerRight":{"x":125,"y":280},"upperLeft":{"x":75,"y":240}},"dockers":[]},{"resourceId":"sid-9BCC0D34-FF00-4F6A-B1AD-04FBC807F721","properties":{"overrideid":"sid-9BCC0D34-FF00-4F6A-B1AD-04FBC807F721","name":"","documentation":"","conditionsequenceflow":"","executionlisteners":{"executionListeners":[]},"defaultflow":"false"},"stencil":{"id":"SequenceFlow"},"childShapes":[],"outgoing":[{"resourceId":"sid-C1E67487-68D8-4AA8-A6F1-F82B38BE0BE5"}],"bounds":{"lowerRight":{"x":777.9231664658136,"y":366.187048887727},"upperLeft":{"x":656.3424585341864,"y":253.38716986227303}},"dockers":[{"x":53.49999999999994,"y":44},{"x":20,"y":20}],"target":{"resourceId":"sid-C1E67487-68D8-4AA8-A6F1-F82B38BE0BE5"}},{"resourceId":"sid-68C2BF2A-4F93-430E-BE5A-2DBDC4CACE97","properties":{"overrideid":"sid-68C2BF2A-4F93-430E-BE5A-2DBDC4CACE97","name":"","documentation":"","conditionsequenceflow":"","executionlisteners":{"executionListeners":[]},"defaultflow":"false"},"stencil":{"id":"SequenceFlow"},"childShapes":[],"outgoing":[{"resourceId":"sid-C1E67487-68D8-4AA8-A6F1-F82B38BE0BE5"}],"bounds":{"lowerRight":{"x":773.3151221127031,"y":371.1425894942653},"upperLeft":{"x":670.1712060122969,"y":338.1484261307347}},"dockers":[{"x":54.99999999999994,"y":44.5},{"x":20,"y":20}],"target":{"resourceId":"sid-C1E67487-68D8-4AA8-A6F1-F82B38BE0BE5"}},{"resourceId":"sid-E14A417E-333C-49B2-A0D5-3064EB7F0A8F","properties":{"overrideid":"sid-E14A417E-333C-49B2-A0D5-3064EB7F0A8F","name":"","documentation":"","conditionsequenceflow":"","executionlisteners":{"executionListeners":[]},"defaultflow":"false"},"stencil":{"id":"SequenceFlow"},"childShapes":[],"outgoing":[{"resourceId":"sid-C1E67487-68D8-4AA8-A6F1-F82B38BE0BE5"}],"bounds":{"lowerRight":{"x":773.4111734104417,"y":419.31079676087273},"upperLeft":{"x":670.8446859645583,"y":381.55443761412727}},"dockers":[{"x":53.99999999999994,"y":45.5},{"x":20,"y":20}],"target":{"resourceId":"sid-C1E67487-68D8-4AA8-A6F1-F82B38BE0BE5"}},{"resourceId":"sid-A6A985AC-BAA4-48A9-9434-5E3F5CFDA0DA","properties":{"overrideid":"sid-A6A985AC-BAA4-48A9-9434-5E3F5CFDA0DA","name":"","documentation":"","asynchronousdefinition":false,"exclusivedefinition":false,"sequencefloworder":"","executionlisteners":{"executionListeners":[]}},"stencil":{"id":"InclusiveGateway"},"childShapes":[],"outgoing":[{"resourceId":"sid-F30F4C19-3343-4542-8ED9-4D88ACE868C9"},{"resourceId":"sid-C7D4B4F0-A407-4557-9D8B-AC4897DF08C8"},{"resourceId":"sid-BC1FA3BD-4C79-4659-AE61-2C2A1078FCF5"},{"resourceId":"sid-FF79A58E-8A4E-4777-96A9-008E7D68F6F2"}],"bounds":{"lowerRight":{"x":190,"y":286},"upperLeft":{"x":150,"y":246}},"dockers":[]},{"resourceId":"sid-C1E67487-68D8-4AA8-A6F1-F82B38BE0BE5","properties":{"overrideid":"sid-C1E67487-68D8-4AA8-A6F1-F82B38BE0BE5","name":"","documentation":"","asynchronousdefinition":false,"exclusivedefinition":false,"sequencefloworder":"","executionlisteners":{"executionListeners":[]}},"stencil":{"id":"InclusiveGateway"},"childShapes":[],"outgoing":[{"resourceId":"sid-B2866033-C8D8-4CF4-9819-B769E6BF21E1"}],"bounds":{"lowerRight":{"x":808.5,"y":396},"upperLeft":{"x":768.5,"y":356}},"dockers":[]},{"resourceId":"sid-576EEB08-E9F2-43CC-8A8B-714FDF3152AD","properties":{"overrideid":"sid-576EEB08-E9F2-43CC-8A8B-714FDF3152AD","name":"","documentation":"","conditionsequenceflow":"","executionlisteners":{"executionListeners":[]},"defaultflow":"false"},"stencil":{"id":"SequenceFlow"},"childShapes":[],"outgoing":[{"resourceId":"sid-C1E67487-68D8-4AA8-A6F1-F82B38BE0BE5"}],"bounds":{"lowerRight":{"x":780.959342224082,"y":363.90134017011474},"upperLeft":{"x":636.173470275918,"y":131.59865982988524}},"dockers":[{"x":53.99999999999994,"y":43},{"x":20,"y":20}],"target":{"resourceId":"sid-C1E67487-68D8-4AA8-A6F1-F82B38BE0BE5"}},{"resourceId":"sid-91DA3AED-5442-46A3-BEC6-BB65A2E861C1","properties":{"overrideid":"sid-91DA3AED-5442-46A3-BEC6-BB65A2E861C1","name":"","documentation":"","conditionsequenceflow":"","executionlisteners":{"executionListeners":[]},"defaultflow":"false"},"stencil":{"id":"SequenceFlow"},"childShapes":[],"outgoing":[{"resourceId":"sid-7E81C114-F7B6-455F-94A4-937811EA5346"}],"bounds":{"lowerRight":{"x":74.94004130016927,"y":258.2100029500121},"upperLeft":{"x":45.21620869983074,"y":256.0868720499879}},"dockers":[{"x":15,"y":15},{"x":25,"y":20}],"target":{"resourceId":"sid-7E81C114-F7B6-455F-94A4-937811EA5346"}},{"resourceId":"sid-DDC831A4-9BC0-4B94-B8B6-B0DF673C615D","properties":{"overrideid":"sid-DDC831A4-9BC0-4B94-B8B6-B0DF673C615D","name":"Generate CI RFI","documentation":"","generatedocumenttemplate":{"id":3010,"name":"RFI_CI_Template.docx"},"generatedocumenttaskoutputformat":"word","executionvariable_document":{"variableName":"rfi_ci","variableType":"document"},"generatedocumentfilename":"${topic}_RFI_CI","additionaldatasources_document":"","additionaldatasourcenames_document":"","executionlisteners":{"executionListeners":[]},"isforcompensation":false,"asynchronousdefinition":true,"exclusivedefinition":true},"stencil":{"id":"GenerateDocumentTask"},"childShapes":[],"outgoing":[{"resourceId":"sid-C5148FFC-F320-4CE7-9B4F-512FF89DAA48"}],"bounds":{"lowerRight":{"x":290,"y":410.95812903225},"upperLeft":{"x":240,"y":370.95812903225}},"dockers":[]},{"resourceId":"sid-41F88044-38A0-4D4F-8DB0-961FDE778942","properties":{"overrideid":"sid-41F88044-38A0-4D4F-8DB0-961FDE778942","name":"Publish CI to Alfresco","documentation":"","alfresco_cloud_content":{"source":"field","metaDataColumnDefinitions":[{"fileProperty":"rfi:rfinumber","propertyType":"string","propertyValueType":"variable","processVariable":{"id":"myRef","name":"myRef","type":"string"}},{"fileProperty":"rfi:rfitopic","propertyType":"string","propertyValueType":"field","formField":{"id":"topic","name":"Topic","type":"text"}},{"fileProperty":"rfi:rfistatus","propertyType":"string","propertyValueType":"variable","processVariable":{"id":"rfistatus","name":"rfistatus","type":"string"}},{"fileProperty":"cm:title","propertyType":"string","propertyValueType":"variable","processVariable":{"id":"myRef","name":"myRef","type":"string"}}],"documentType":"cmis:document","documentAspects":[{"aspectName":"cm:titled"},{"aspectName":"rfi:rfi"}],"field":"rfi_ci"},"alfresco_cloud_destination":{"account":"alfresco-1-alfresco-1","site":"rfx","path":"3c2a8882-2d21-40dc-989a-24b797f925c4","path_title":"documentLibrary > RFI","site_title":"RFx","publish_as_type":"process_initiator","folder":"topic"},"executionlisteners":{"executionListeners":[]},"isforcompensation":false,"asynchronousdefinition":true,"exclusivedefinition":true},"stencil":{"id":"PublishToAlfrescoCloudTask"},"childShapes":[],"outgoing":[{"resourceId":"sid-FFF2B857-A7D1-4493-90E7-0F2FEE232B8A"}],"bounds":{"lowerRight":{"x":355.12109677399997,"y":410.95812903225},"upperLeft":{"x":305.12109677399997,"y":370.95812903225}},"dockers":[]},{"resourceId":"sid-C5148FFC-F320-4CE7-9B4F-512FF89DAA48","properties":{"overrideid":"sid-C5148FFC-F320-4CE7-9B4F-512FF89DAA48","name":"","documentation":"","conditionsequenceflow":"","executionlisteners":{"executionListeners":[]},"defaultflow":"false"},"stencil":{"id":"SequenceFlow"},"childShapes":[],"outgoing":[{"resourceId":"sid-41F88044-38A0-4D4F-8DB0-961FDE778942"}],"bounds":{"lowerRight":{"x":304.70068548375,"y":390.95812903225},"upperLeft":{"x":290.42041129024994,"y":390.95812903225}},"dockers":[{"x":25,"y":20},{"x":25,"y":20}],"target":{"resourceId":"sid-41F88044-38A0-4D4F-8DB0-961FDE778942"}},{"resourceId":"sid-E4705A6E-CAB1-4E91-9FBB-5F87D32EB539","properties":{"overrideid":"sid-E4705A6E-CAB1-4E91-9FBB-5F87D32EB539","name":"Get CI Alf Props","documentation":"","alfresco_get_metadata":{"inputSourceField":"rfi_ci","publishInfo":{"publishAsType":"process_initiator"},"metaDataColumnDefinitions":[{"propertyValueType":"variable","fileProperty":"cmis:objectId","propertyType":"string","processVariable":{"id":"ci_objID","name":"ci_objID","type":"string"}}]},"executionlisteners":{"executionListeners":[]},"isforcompensation":false,"asynchronousdefinition":true,"exclusivedefinition":true},"stencil":{"id":"GetMetadataFromAlfrescoCloudTask"},"childShapes":[],"outgoing":[{"resourceId":"sid-BC712964-F25B-4731-BAC1-541B9AC778D5"}],"bounds":{"lowerRight":{"x":435,"y":410.95812903225},"upperLeft":{"x":385,"y":370.95812903225}},"dockers":[]},{"resourceId":"sid-051DBBCB-53C8-42F4-B21D-47AC85A827B7","properties":{"overrideid":"sid-051DBBCB-53C8-42F4-B21D-47AC85A827B7","name":"","documentation":"","conditionsequenceflow":"","executionlisteners":{"executionListeners":[]},"defaultflow":"false"},"stencil":{"id":"SequenceFlow"},"childShapes":[],"outgoing":[{"resourceId":"sid-A6A985AC-BAA4-48A9-9434-5E3F5CFDA0DA"}],"bounds":{"lowerRight":{"x":151.50365335095825,"y":264.41459885865356},"upperLeft":{"x":125.05884664904175,"y":262.14790114134644}},"dockers":[{"x":25,"y":20},{"x":20,"y":20}],"target":{"resourceId":"sid-A6A985AC-BAA4-48A9-9434-5E3F5CFDA0DA"}},{"resourceId":"sid-212EF4B4-6DAB-44B7-B73E-6717DAAC7273","properties":{"scriptformat":"groovy","scripttext":"def objid = execution.getVariable('ci_objID');\nobjid = objid.reverse().drop(4).reverse();\nexecution.setVariable('ci_objID',objid);\nprintln \"doc var ci =\" + rfi_ci","executionvariables":"","overrideid":"sid-212EF4B4-6DAB-44B7-B73E-6717DAAC7273","name":"Cleanup CI Link","documentation":"","asynchronousdefinition":false,"exclusivedefinition":false,"executionlisteners":{"executionListeners":[]},"multiinstance_type":"None","multiinstance_cardinality":"","multiinstance_collection":"","multiinstance_variable":"","multiinstance_condition":"","isforcompensation":false},"stencil":{"id":"ScriptTask"},"childShapes":[],"outgoing":[{"resourceId":"sid-20D87EB9-29EA-41E3-8BE2-4681F9D24B9B"}],"bounds":{"lowerRight":{"x":510,"y":410.95812903225},"upperLeft":{"x":460,"y":370.95812903225}},"dockers":[]},{"resourceId":"sid-BC712964-F25B-4731-BAC1-541B9AC778D5","properties":{"overrideid":"sid-BC712964-F25B-4731-BAC1-541B9AC778D5","name":"","documentation":"","conditionsequenceflow":"","executionlisteners":{"executionListeners":[]},"defaultflow":"false"},"stencil":{"id":"SequenceFlow"},"childShapes":[],"outgoing":[{"resourceId":"sid-212EF4B4-6DAB-44B7-B73E-6717DAAC7273"}],"bounds":{"lowerRight":{"x":459.390625,"y":390.95812903225},"upperLeft":{"x":435.609375,"y":390.95812903225}},"dockers":[{"x":25,"y":20},{"x":25,"y":20}],"target":{"resourceId":"sid-212EF4B4-6DAB-44B7-B73E-6717DAAC7273"}},{"resourceId":"sid-20D87EB9-29EA-41E3-8BE2-4681F9D24B9B","properties":{"overrideid":"sid-20D87EB9-29EA-41E3-8BE2-4681F9D24B9B","name":"","documentation":"","conditionsequenceflow":"","executionlisteners":{"executionListeners":[]},"defaultflow":"false"},"stencil":{"id":"SequenceFlow"},"childShapes":[],"outgoing":[{"resourceId":"sid-328647FA-E171-4F73-9159-31178E73C7A0"}],"bounds":{"lowerRight":{"x":561.8435556924939,"y":419.43240357521296},"upperLeft":{"x":510.50019430750615,"y":400.4071911828417}},"dockers":[{"x":25,"y":20},{"x":53.99999999999994,"y":45.5}],"target":{"resourceId":"sid-328647FA-E171-4F73-9159-31178E73C7A0"}},{"resourceId":"sid-FFF2B857-A7D1-4493-90E7-0F2FEE232B8A","properties":{"overrideid":"sid-FFF2B857-A7D1-4493-90E7-0F2FEE232B8A","name":"","documentation":"","conditionsequenceflow":"","executionlisteners":{"executionListeners":[]},"defaultflow":"false"},"stencil":{"id":"SequenceFlow"},"childShapes":[],"outgoing":[{"resourceId":"sid-E4705A6E-CAB1-4E91-9FBB-5F87D32EB539"}],"bounds":{"lowerRight":{"x":384.6618966733281,"y":390.95812903225},"upperLeft":{"x":356.083254032125,"y":390.95812903225}},"dockers":[{"x":25,"y":20},{"x":25,"y":20}],"target":{"resourceId":"sid-E4705A6E-CAB1-4E91-9FBB-5F87D32EB539"}},{"resourceId":"sid-F30F4C19-3343-4542-8ED9-4D88ACE868C9","properties":{"overrideid":"sid-F30F4C19-3343-4542-8ED9-4D88ACE868C9","name":"","documentation":"","conditionsequenceflow":{"expression":{"index":"0","leftFormFieldId":"counterintelligence","rightValue":"true","operator":"==","type":"variables"}},"executionlisteners":{"executionListeners":[]},"defaultflow":"false"},"stencil":{"id":"SequenceFlow"},"childShapes":[],"outgoing":[{"resourceId":"sid-DDC831A4-9BC0-4B94-B8B6-B0DF673C615D"}],"bounds":{"lowerRight":{"x":249.5510382372942,"y":370.63735684952906},"upperLeft":{"x":179.14036801270578,"y":278.022771426673}},"dockers":[{"x":20,"y":20},{"x":25,"y":20}],"target":{"resourceId":"sid-DDC831A4-9BC0-4B94-B8B6-B0DF673C615D"}},{"resourceId":"sid-99C4BFE8-6C19-4B2F-8846-AAFC7F719C99","properties":{"overrideid":"sid-99C4BFE8-6C19-4B2F-8846-AAFC7F719C99","name":"Merge and Generate RFI","documentation":"","asynchronousdefinition":false,"exclusivedefinition":false,"executionlisteners":{"executionListeners":[]},"multiinstance_type":"None","multiinstance_cardinality":"","multiinstance_collection":"","multiinstance_variable":"","multiinstance_condition":"","isforcompensation":false,"servicetaskclass":"","servicetaskexpression":"${documentMergeBean.mergeDocuments('rfi;rfi_cs;rfi_ct;rfi_cp;rfi_ci', 'rfi_complete', execution)}","servicetaskdelegateexpression":"","servicetaskfields":{"fields":[]},"servicetaskresultvariable":"rfi_complete","executionvariables":""},"stencil":{"id":"ServiceTask"},"childShapes":[],"outgoing":[{"resourceId":"sid-3F326AF4-797B-4E42-B7AE-014D4ADD4734"}],"bounds":{"lowerRight":{"x":1290,"y":396},"upperLeft":{"x":1240,"y":356}},"dockers":[]},{"resourceId":"sid-C7D4B4F0-A407-4557-9D8B-AC4897DF08C8","properties":{"overrideid":"sid-C7D4B4F0-A407-4557-9D8B-AC4897DF08C8","name":"","documentation":"","conditionsequenceflow":{"expression":{"index":"0","leftFormFieldId":"counterproliferation","rightValue":"true","operator":"==","type":"variables"}},"executionlisteners":{"executionListeners":[]},"defaultflow":"false"},"stencil":{"id":"SequenceFlow"},"childShapes":[],"outgoing":[{"resourceId":"sid-548A9201-8D3B-4707-BD0F-56B7ACAFBF02"}],"bounds":{"lowerRight":{"x":239.6384452894449,"y":305.5839583750529},"upperLeft":{"x":183.4865547105551,"y":273.6660416249471}},"dockers":[{"x":20,"y":20},{"x":25,"y":20}],"target":{"resourceId":"sid-548A9201-8D3B-4707-BD0F-56B7ACAFBF02"}},{"resourceId":"sid-E8B701E4-7C24-4488-A979-FB941D7F7465","properties":{"overrideid":"sid-E8B701E4-7C24-4488-A979-FB941D7F7465","name":"Generate CS RFI","documentation":"","generatedocumenttemplate":{"id":3012,"name":"RFI_CS_Template.docx"},"generatedocumenttaskoutputformat":"word","executionvariable_document":{"variableName":"rfi_cs","variableType":"document"},"generatedocumentfilename":"${topic}_RFI_CS","additionaldatasources_document":"","additionaldatasourcenames_document":"","executionlisteners":{"executionListeners":[]},"isforcompensation":false,"asynchronousdefinition":true,"exclusivedefinition":true},"stencil":{"id":"GenerateDocumentTask"},"childShapes":[],"outgoing":[{"resourceId":"sid-0EC793EE-61AF-4190-9614-F6F471CAF2CB"}],"bounds":{"lowerRight":{"x":290,"y":190},"upperLeft":{"x":240,"y":150}},"dockers":[]},{"resourceId":"sid-84DC7676-BB7E-4D67-97AA-5F5F9FEA35BF","properties":{"overrideid":"sid-84DC7676-BB7E-4D67-97AA-5F5F9FEA35BF","name":"Publish CS to Alfresco","documentation":"","alfresco_cloud_content":{"source":"field","metaDataColumnDefinitions":[{"fileProperty":"rfi:rfinumber","propertyType":"string","propertyValueType":"variable","processVariable":{"id":"myRef","name":"myRef","type":"string"}},{"fileProperty":"rfi:rfistatus","propertyType":"string","propertyValueType":"variable","processVariable":{"id":"rfistatus","name":"rfistatus","type":"string"}},{"fileProperty":"rfi:rfitopic","propertyType":"string","propertyValueType":"field","formField":{"id":"topic","name":"Topic","type":"text"}},{"fileProperty":"cm:title","propertyType":"string","propertyValueType":"variable","processVariable":{"id":"myRef","name":"myRef","type":"string"}}],"documentType":"cmis:document","documentAspects":[{"aspectName":"cm:titled"},{"aspectName":"rfi:rfi"}],"field":"rfi_cs"},"alfresco_cloud_destination":{"account":"alfresco-1-alfresco-1","site":"rfx","path":"3c2a8882-2d21-40dc-989a-24b797f925c4","path_title":"documentLibrary > RFI","site_title":"RFx","publish_as_type":"process_initiator","folder":"topic"},"executionlisteners":{"executionListeners":[]},"isforcompensation":false,"asynchronousdefinition":true,"exclusivedefinition":true},"stencil":{"id":"PublishToAlfrescoCloudTask"},"childShapes":[],"outgoing":[{"resourceId":"sid-7045DB1D-E06D-43BA-B5D4-964F8F9385CC"}],"bounds":{"lowerRight":{"x":355.12109677399997,"y":190},"upperLeft":{"x":305.12109677399997,"y":150}},"dockers":[]},{"resourceId":"sid-0EC793EE-61AF-4190-9614-F6F471CAF2CB","properties":{"overrideid":"sid-0EC793EE-61AF-4190-9614-F6F471CAF2CB","name":"","documentation":"","conditionsequenceflow":"","executionlisteners":{"executionListeners":[]},"defaultflow":"false"},"stencil":{"id":"SequenceFlow"},"childShapes":[],"outgoing":[{"resourceId":"sid-84DC7676-BB7E-4D67-97AA-5F5F9FEA35BF"}],"bounds":{"lowerRight":{"x":304.70068548375,"y":170},"upperLeft":{"x":290.42041129024994,"y":170}},"dockers":[{"x":25,"y":20},{"x":25,"y":20}],"target":{"resourceId":"sid-84DC7676-BB7E-4D67-97AA-5F5F9FEA35BF"}},{"resourceId":"sid-910813C9-D4BF-40C8-ABDD-9022C9068333","properties":{"overrideid":"sid-910813C9-D4BF-40C8-ABDD-9022C9068333","name":"Get CS Alf Props","documentation":"","alfresco_get_metadata":{"inputSourceField":"rfi_cs","publishInfo":{"publishAsType":"process_initiator"},"metaDataColumnDefinitions":[{"propertyValueType":"variable","fileProperty":"cmis:objectId","propertyType":"string","processVariable":{"id":"cs_objID","name":"cs_objID","type":"string"}}]},"executionlisteners":{"executionListeners":[]},"isforcompensation":false,"asynchronousdefinition":true,"exclusivedefinition":true},"stencil":{"id":"GetMetadataFromAlfrescoCloudTask"},"childShapes":[],"outgoing":[{"resourceId":"sid-8D587FF4-2285-4A04-91E3-C6E3E02FB5D2"}],"bounds":{"lowerRight":{"x":425,"y":190},"upperLeft":{"x":375,"y":150}},"dockers":[]},{"resourceId":"sid-473ED7FD-CAC9-44BC-94EB-5FBC6FCBBE07","properties":{"scriptformat":"groovy","scripttext":"def objid = execution.getVariable('cs_objID');\nobjid = objid.reverse().drop(4).reverse();\nexecution.setVariable('cs_objID',objid);\nprintln \"doc var cs =\" + rfi_cs","executionvariables":"","overrideid":"sid-473ED7FD-CAC9-44BC-94EB-5FBC6FCBBE07","name":"Cleanup CS Link","documentation":"","asynchronousdefinition":false,"exclusivedefinition":false,"executionlisteners":{"executionListeners":[]},"multiinstance_type":"None","multiinstance_cardinality":"","multiinstance_collection":"","multiinstance_variable":"","multiinstance_condition":"","isforcompensation":false},"stencil":{"id":"ScriptTask"},"childShapes":[],"outgoing":[{"resourceId":"sid-20E5F1FF-6DC1-4ABB-AAD1-61B7FCDFE21B"}],"bounds":{"lowerRight":{"x":500,"y":190},"upperLeft":{"x":450,"y":150}},"dockers":[]},{"resourceId":"sid-8D587FF4-2285-4A04-91E3-C6E3E02FB5D2","properties":{"overrideid":"sid-8D587FF4-2285-4A04-91E3-C6E3E02FB5D2","name":"","documentation":"","conditionsequenceflow":"","executionlisteners":{"executionListeners":[]},"defaultflow":"false"},"stencil":{"id":"SequenceFlow"},"childShapes":[],"outgoing":[{"resourceId":"sid-473ED7FD-CAC9-44BC-94EB-5FBC6FCBBE07"}],"bounds":{"lowerRight":{"x":449.390625,"y":170},"upperLeft":{"x":425.609375,"y":170}},"dockers":[{"x":25,"y":20},{"x":25,"y":20}],"target":{"resourceId":"sid-473ED7FD-CAC9-44BC-94EB-5FBC6FCBBE07"}},{"resourceId":"sid-7045DB1D-E06D-43BA-B5D4-964F8F9385CC","properties":{"overrideid":"sid-7045DB1D-E06D-43BA-B5D4-964F8F9385CC","name":"","documentation":"","conditionsequenceflow":"","executionlisteners":{"executionListeners":[]},"defaultflow":"false"},"stencil":{"id":"SequenceFlow"},"childShapes":[],"outgoing":[{"resourceId":"sid-910813C9-D4BF-40C8-ABDD-9022C9068333"}],"bounds":{"lowerRight":{"x":374.9791270160624,"y":170},"upperLeft":{"x":355.14196975793755,"y":170}},"dockers":[{"x":25,"y":20},{"x":25,"y":20}],"target":{"resourceId":"sid-910813C9-D4BF-40C8-ABDD-9022C9068333"}},{"resourceId":"sid-20E5F1FF-6DC1-4ABB-AAD1-61B7FCDFE21B","properties":{"overrideid":"sid-20E5F1FF-6DC1-4ABB-AAD1-61B7FCDFE21B","name":"","documentation":"","conditionsequenceflow":"","executionlisteners":{"executionListeners":[]},"defaultflow":"false"},"stencil":{"id":"SequenceFlow"},"childShapes":[],"outgoing":[{"resourceId":"sid-EAFA708B-9CCC-44B6-A6F9-F3267391111E"}],"bounds":{"lowerRight":{"x":554.7564080169168,"y":154.42334762975503},"upperLeft":{"x":500.45452948308326,"y":121.19383987024497}},"dockers":[{"x":25,"y":20},{"x":53.99999999999994,"y":43}],"target":{"resourceId":"sid-EAFA708B-9CCC-44B6-A6F9-F3267391111E"}},{"resourceId":"sid-548A9201-8D3B-4707-BD0F-56B7ACAFBF02","properties":{"overrideid":"sid-548A9201-8D3B-4707-BD0F-56B7ACAFBF02","name":"Generate CP RFI","documentation":"","generatedocumenttemplate":{"id":3011,"name":"RFI_CP_Template.docx"},"generatedocumenttaskoutputformat":"word","executionvariable_document":{"variableName":"rfi_cp","variableType":"document"},"generatedocumentfilename":"${topic}_RFI_CP","additionaldatasources_document":"","additionaldatasourcenames_document":"","executionlisteners":{"executionListeners":[]},"isforcompensation":false,"asynchronousdefinition":true,"exclusivedefinition":true},"stencil":{"id":"GenerateDocumentTask"},"childShapes":[],"outgoing":[{"resourceId":"sid-3513DF69-D41B-4E3E-A5E0-ED3CEA12BA48"}],"bounds":{"lowerRight":{"x":290,"y":340},"upperLeft":{"x":240,"y":300}},"dockers":[]},{"resourceId":"sid-DA3EDD5A-65AB-48A1-89E3-6B2425C20900","properties":{"overrideid":"sid-DA3EDD5A-65AB-48A1-89E3-6B2425C20900","name":"Publish CP to Alfresco","documentation":"","alfresco_cloud_content":{"source":"field","metaDataColumnDefinitions":[{"fileProperty":"rfi:rfinumber","propertyType":"string","propertyValueType":"variable","processVariable":{"id":"myRef","name":"myRef","type":"string"}},{"fileProperty":"rfi:rfistatus","propertyType":"string","propertyValueType":"variable","processVariable":{"id":"rfistatus","name":"rfistatus","type":"string"}},{"fileProperty":"rfi:rfitopic","propertyType":"string","propertyValueType":"field","formField":{"id":"topic","name":"Topic","type":"text"}},{"fileProperty":"cm:title","propertyType":"string","propertyValueType":"variable","processVariable":{"id":"myRef","name":"myRef","type":"string"}}],"documentType":"cmis:document","documentAspects":[{"aspectName":"cm:titled"},{"aspectName":"rfi:rfi"}],"field":"rfi_cp"},"alfresco_cloud_destination":{"account":"alfresco-1-alfresco-1","site":"rfx","path":"3c2a8882-2d21-40dc-989a-24b797f925c4","path_title":"documentLibrary > RFI","site_title":"RFx","publish_as_type":"process_initiator","folder":"topic"},"executionlisteners":{"executionListeners":[]},"isforcompensation":false,"asynchronousdefinition":true,"exclusivedefinition":true},"stencil":{"id":"PublishToAlfrescoCloudTask"},"childShapes":[],"outgoing":[{"resourceId":"sid-21A668F9-60A8-4175-BAA3-993F16C4DB5F"}],"bounds":{"lowerRight":{"x":355.12109677399997,"y":340},"upperLeft":{"x":305.12109677399997,"y":300}},"dockers":[]},{"resourceId":"sid-3513DF69-D41B-4E3E-A5E0-ED3CEA12BA48","properties":{"overrideid":"sid-3513DF69-D41B-4E3E-A5E0-ED3CEA12BA48","name":"","documentation":"","conditionsequenceflow":"","executionlisteners":{"executionListeners":[]},"defaultflow":"false"},"stencil":{"id":"SequenceFlow"},"childShapes":[],"outgoing":[{"resourceId":"sid-DA3EDD5A-65AB-48A1-89E3-6B2425C20900"}],"bounds":{"lowerRight":{"x":304.70068548375,"y":320},"upperLeft":{"x":290.42041129024994,"y":320}},"dockers":[{"x":25,"y":20},{"x":25,"y":20}],"target":{"resourceId":"sid-DA3EDD5A-65AB-48A1-89E3-6B2425C20900"}},{"resourceId":"sid-F5193A72-765C-4777-ACE2-8181D5CE269B","properties":{"overrideid":"sid-F5193A72-765C-4777-ACE2-8181D5CE269B","name":"Get CP Alf Props","documentation":"","alfresco_get_metadata":{"inputSourceField":"rfi_cp","publishInfo":{"publishAsType":"process_initiator"},"metaDataColumnDefinitions":[{"propertyValueType":"variable","fileProperty":"cmis:objectId","propertyType":"string","processVariable":{"id":"cp_objID","name":"cp_objID","type":"string"}}]},"executionlisteners":{"executionListeners":[]},"isforcompensation":false,"asynchronousdefinition":true,"exclusivedefinition":true},"stencil":{"id":"GetMetadataFromAlfrescoCloudTask"},"childShapes":[],"outgoing":[{"resourceId":"sid-16FB1133-86C5-4356-80DA-DE0BC55C1776"}],"bounds":{"lowerRight":{"x":435,"y":340},"upperLeft":{"x":385,"y":300}},"dockers":[]},{"resourceId":"sid-DB439614-F016-44C4-8342-20407406BEBC","properties":{"scriptformat":"groovy","scripttext":"def objid = execution.getVariable('cp_objID');\nobjid = objid.reverse().drop(4).reverse();\nexecution.setVariable('cp_objID',objid);\nprintln \"doc var cp =\" + rfi_cp","executionvariables":"","overrideid":"sid-DB439614-F016-44C4-8342-20407406BEBC","name":"Cleanup CP Link","documentation":"","asynchronousdefinition":false,"exclusivedefinition":false,"executionlisteners":{"executionListeners":[]},"multiinstance_type":"None","multiinstance_cardinality":"","multiinstance_collection":"","multiinstance_variable":"","multiinstance_condition":"","isforcompensation":false},"stencil":{"id":"ScriptTask"},"childShapes":[],"outgoing":[{"resourceId":"sid-067DD64F-1161-4F48-802E-390EE3E067FA"}],"bounds":{"lowerRight":{"x":510,"y":340},"upperLeft":{"x":460,"y":300}},"dockers":[]},{"resourceId":"sid-21A668F9-60A8-4175-BAA3-993F16C4DB5F","properties":{"overrideid":"sid-21A668F9-60A8-4175-BAA3-993F16C4DB5F","name":"","documentation":"","conditionsequenceflow":"","executionlisteners":{"executionListeners":[]},"defaultflow":"false"},"stencil":{"id":"SequenceFlow"},"childShapes":[],"outgoing":[{"resourceId":"sid-F5193A72-765C-4777-ACE2-8181D5CE269B"}],"bounds":{"lowerRight":{"x":384.6618966733281,"y":320},"upperLeft":{"x":356.083254032125,"y":320}},"dockers":[{"x":25,"y":20},{"x":25,"y":20}],"target":{"resourceId":"sid-F5193A72-765C-4777-ACE2-8181D5CE269B"}},{"resourceId":"sid-7E86B57A-632D-4A70-A631-6B6F1837802F","properties":{"overrideid":"sid-7E86B57A-632D-4A70-A631-6B6F1837802F","name":"Generate CT RFI","documentation":"","generatedocumenttemplate":{"id":3013,"name":"RFI_CT_Template.docx"},"generatedocumenttaskoutputformat":"word","executionvariable_document":{"variableName":"rfi_ct","variableType":"document"},"generatedocumentfilename":"${topic}_RFI_CT","additionaldatasources_document":"","additionaldatasourcenames_document":"","executionlisteners":{"executionListeners":[]},"isforcompensation":false,"asynchronousdefinition":true,"exclusivedefinition":true},"stencil":{"id":"GenerateDocumentTask"},"childShapes":[],"outgoing":[{"resourceId":"sid-EA33E3CF-53BF-49A7-B017-D1E4AF40F17A"}],"bounds":{"lowerRight":{"x":290,"y":265},"upperLeft":{"x":240,"y":225}},"dockers":[]},{"resourceId":"sid-3BD38208-5B64-4D6F-A591-1E352B8C2C3D","properties":{"overrideid":"sid-3BD38208-5B64-4D6F-A591-1E352B8C2C3D","name":"Publish CT to Alfresco","documentation":"","alfresco_cloud_content":{"source":"field","metaDataColumnDefinitions":[{"fileProperty":"rfi:rfinumber","propertyType":"string","propertyValueType":"variable","processVariable":{"id":"myRef","name":"myRef","type":"string"}},{"fileProperty":"rfi:rfistatus","propertyType":"string","propertyValueType":"variable","processVariable":{"id":"rfistatus","name":"rfistatus","type":"string"}},{"fileProperty":"rfi:rfitopic","propertyType":"string","propertyValueType":"field","formField":{"id":"topic","name":"Topic","type":"text"}},{"fileProperty":"cm:title","propertyType":"string","propertyValueType":"variable","processVariable":{"id":"myRef","name":"myRef","type":"string"}}],"documentType":"cmis:document","documentAspects":[{"aspectName":"cm:titled"},{"aspectName":"rfi:rfi"}],"field":"rfi_ct"},"alfresco_cloud_destination":{"account":"alfresco-1-alfresco-1","site":"rfx","path":"3c2a8882-2d21-40dc-989a-24b797f925c4","path_title":"documentLibrary > RFI","site_title":"RFx","publish_as_type":"process_initiator","folder":"topic"},"executionlisteners":{"executionListeners":[]},"isforcompensation":false,"asynchronousdefinition":true,"exclusivedefinition":true},"stencil":{"id":"PublishToAlfrescoCloudTask"},"childShapes":[],"outgoing":[{"resourceId":"sid-8A35DD68-E8E2-4A71-96AE-F94821158074"}],"bounds":{"lowerRight":{"x":355.12109677399997,"y":265},"upperLeft":{"x":305.12109677399997,"y":225}},"dockers":[]},{"resourceId":"sid-EA33E3CF-53BF-49A7-B017-D1E4AF40F17A","properties":{"overrideid":"sid-EA33E3CF-53BF-49A7-B017-D1E4AF40F17A","name":"","documentation":"","conditionsequenceflow":"","executionlisteners":{"executionListeners":[]},"defaultflow":"false"},"stencil":{"id":"SequenceFlow"},"childShapes":[],"outgoing":[{"resourceId":"sid-3BD38208-5B64-4D6F-A591-1E352B8C2C3D"}],"bounds":{"lowerRight":{"x":304.70068548375,"y":245},"upperLeft":{"x":290.42041129024994,"y":245}},"dockers":[{"x":25,"y":20},{"x":25,"y":20}],"target":{"resourceId":"sid-3BD38208-5B64-4D6F-A591-1E352B8C2C3D"}},{"resourceId":"sid-2A8A5F6F-268E-4667-8AF2-69E6AF6E84A6","properties":{"overrideid":"sid-2A8A5F6F-268E-4667-8AF2-69E6AF6E84A6","name":"Get CT Alf Props","documentation":"","alfresco_get_metadata":{"inputSourceField":"rfi_ct","publishInfo":{"publishAsType":"process_initiator"},"metaDataColumnDefinitions":[{"propertyValueType":"variable","fileProperty":"cmis:objectId","propertyType":"string","processVariable":{"id":"ct_objID","name":"ct_objID","type":"string"}}]},"executionlisteners":{"executionListeners":[]},"isforcompensation":false,"asynchronousdefinition":true,"exclusivedefinition":true},"stencil":{"id":"GetMetadataFromAlfrescoCloudTask"},"childShapes":[],"outgoing":[{"resourceId":"sid-E1EDB88F-6880-4B7A-9F8F-9A8EDDD060A9"}],"bounds":{"lowerRight":{"x":435,"y":265},"upperLeft":{"x":385,"y":225}},"dockers":[]},{"resourceId":"sid-CAEBEC80-B526-4EF1-965B-BADE8A028958","properties":{"scriptformat":"groovy","scripttext":"def objid = execution.getVariable('ct_objID');\nobjid = objid.reverse().drop(4).reverse();\nexecution.setVariable('ct_objID',objid);\nprintln \"doc var ct =\" + rfi_ct","executionvariables":"","overrideid":"sid-CAEBEC80-B526-4EF1-965B-BADE8A028958","name":"Cleanup CT Link","documentation":"","asynchronousdefinition":false,"exclusivedefinition":false,"executionlisteners":{"executionListeners":[]},"multiinstance_type":"None","multiinstance_cardinality":"","multiinstance_collection":"","multiinstance_variable":"","multiinstance_condition":"","isforcompensation":false},"stencil":{"id":"ScriptTask"},"childShapes":[],"outgoing":[{"resourceId":"sid-3B3F6781-B3A6-4494-86BD-E006C6E6243F"}],"bounds":{"lowerRight":{"x":510,"y":265},"upperLeft":{"x":460,"y":225}},"dockers":[]},{"resourceId":"sid-E1EDB88F-6880-4B7A-9F8F-9A8EDDD060A9","properties":{"overrideid":"sid-E1EDB88F-6880-4B7A-9F8F-9A8EDDD060A9","name":"","documentation":"","conditionsequenceflow":"","executionlisteners":{"executionListeners":[]},"defaultflow":"false"},"stencil":{"id":"SequenceFlow"},"childShapes":[],"outgoing":[{"resourceId":"sid-CAEBEC80-B526-4EF1-965B-BADE8A028958"}],"bounds":{"lowerRight":{"x":459.390625,"y":245},"upperLeft":{"x":435.609375,"y":245}},"dockers":[{"x":25,"y":20},{"x":25,"y":20}],"target":{"resourceId":"sid-CAEBEC80-B526-4EF1-965B-BADE8A028958"}},{"resourceId":"sid-8A35DD68-E8E2-4A71-96AE-F94821158074","properties":{"overrideid":"sid-8A35DD68-E8E2-4A71-96AE-F94821158074","name":"","documentation":"","conditionsequenceflow":"","executionlisteners":{"executionListeners":[]},"defaultflow":"false"},"stencil":{"id":"SequenceFlow"},"childShapes":[],"outgoing":[{"resourceId":"sid-2A8A5F6F-268E-4667-8AF2-69E6AF6E84A6"}],"bounds":{"lowerRight":{"x":384.6618966733281,"y":245},"upperLeft":{"x":356.083254032125,"y":245}},"dockers":[{"x":25,"y":20},{"x":25,"y":20}],"target":{"resourceId":"sid-2A8A5F6F-268E-4667-8AF2-69E6AF6E84A6"}},{"resourceId":"sid-BC1FA3BD-4C79-4659-AE61-2C2A1078FCF5","properties":{"overrideid":"sid-BC1FA3BD-4C79-4659-AE61-2C2A1078FCF5","name":"","documentation":"","conditionsequenceflow":{"expression":{"index":"0","leftFormFieldId":"counterterrorism","rightValue":"true","operator":"==","type":"variables"}},"executionlisteners":{"executionListeners":[]},"defaultflow":"false"},"stencil":{"id":"SequenceFlow"},"childShapes":[],"outgoing":[{"resourceId":"sid-7E86B57A-632D-4A70-A631-6B6F1837802F"}],"bounds":{"lowerRight":{"x":239.5313842066125,"y":262.33884545619856},"upperLeft":{"x":186.5623657933875,"y":250.62990454380144}},"dockers":[{"x":20,"y":20},{"x":25,"y":20}],"target":{"resourceId":"sid-7E86B57A-632D-4A70-A631-6B6F1837802F"}},{"resourceId":"sid-3B3F6781-B3A6-4494-86BD-E006C6E6243F","properties":{"overrideid":"sid-3B3F6781-B3A6-4494-86BD-E006C6E6243F","name":"","documentation":"","conditionsequenceflow":"","executionlisteners":{"executionListeners":[]},"defaultflow":"false"},"stencil":{"id":"SequenceFlow"},"childShapes":[],"outgoing":[{"resourceId":"sid-80F96554-A288-4E9C-AC11-C111544940C6"}],"bounds":{"lowerRight":{"x":554.4735502292647,"y":237.68889925711358},"upperLeft":{"x":510.0811372707353,"y":224.74860074288642}},"dockers":[{"x":25,"y":20},{"x":53.49999999999994,"y":44}],"target":{"resourceId":"sid-80F96554-A288-4E9C-AC11-C111544940C6"}},{"resourceId":"sid-FF79A58E-8A4E-4777-96A9-008E7D68F6F2","properties":{"overrideid":"sid-FF79A58E-8A4E-4777-96A9-008E7D68F6F2","name":"","documentation":"","conditionsequenceflow":{"expression":{"index":"0","leftFormFieldId":"cybersecurity","rightValue":"true","operator":"==","type":"variables"}},"executionlisteners":{"executionListeners":[]},"defaultflow":"false"},"stencil":{"id":"SequenceFlow"},"childShapes":[],"outgoing":[{"resourceId":"sid-E8B701E4-7C24-4488-A979-FB941D7F7465"}],"bounds":{"lowerRight":{"x":244.9997299890583,"y":255.5392008310484},"upperLeft":{"x":180.3518325109417,"y":190.2107991689516}},"dockers":[{"x":20,"y":20},{"x":25,"y":20}],"target":{"resourceId":"sid-E8B701E4-7C24-4488-A979-FB941D7F7465"}},{"resourceId":"sid-16FB1133-86C5-4356-80DA-DE0BC55C1776","properties":{"overrideid":"sid-16FB1133-86C5-4356-80DA-DE0BC55C1776","name":"","documentation":"","conditionsequenceflow":"","executionlisteners":{"executionListeners":[]},"defaultflow":"false"},"stencil":{"id":"SequenceFlow"},"childShapes":[],"outgoing":[{"resourceId":"sid-DB439614-F016-44C4-8342-20407406BEBC"}],"bounds":{"lowerRight":{"x":459.390625,"y":320},"upperLeft":{"x":435.609375,"y":320}},"dockers":[{"x":25,"y":20},{"x":25,"y":20}],"target":{"resourceId":"sid-DB439614-F016-44C4-8342-20407406BEBC"}},{"resourceId":"sid-067DD64F-1161-4F48-802E-390EE3E067FA","properties":{"overrideid":"sid-067DD64F-1161-4F48-802E-390EE3E067FA","name":"","documentation":"","conditionsequenceflow":"","executionlisteners":{"executionListeners":[]},"defaultflow":"false"},"stencil":{"id":"SequenceFlow"},"childShapes":[],"outgoing":[{"resourceId":"sid-230EC404-F01C-4723-8724-062A14C37EFC"}],"bounds":{"lowerRight":{"x":559.1562573963677,"y":320.2852163746014},"upperLeft":{"x":510.37499260363234,"y":320.0975961253986}},"dockers":[{"x":25,"y":20},{"x":54.99999999999994,"y":44.5}],"target":{"resourceId":"sid-230EC404-F01C-4723-8724-062A14C37EFC"}},{"resourceId":"sid-AF1F8F2B-4BF8-481C-9830-DFB67D675846","properties":{"overrideid":"sid-AF1F8F2B-4BF8-481C-9830-DFB67D675846","name":"","documentation":"","executionlisteners":{"executionListeners":[]},"asynchronousdefinition":false,"exclusivedefinition":false},"stencil":{"id":"EndNoneEvent"},"childShapes":[],"outgoing":[],"bounds":{"lowerRight":{"x":1603,"y":387.5},"upperLeft":{"x":1575,"y":359.5}},"dockers":[]},{"resourceId":"sid-9734167B-D7E7-488E-AB3D-D3A7B0A1E001","properties":{"overrideid":"sid-9734167B-D7E7-488E-AB3D-D3A7B0A1E001","name":"","documentation":"","conditionsequenceflow":"","executionlisteners":{"executionListeners":[]},"defaultflow":"false"},"stencil":{"id":"SequenceFlow"},"childShapes":[],"outgoing":[{"resourceId":"sid-AF1F8F2B-4BF8-481C-9830-DFB67D675846"}],"bounds":{"lowerRight":{"x":1574.5783517078032,"y":377.37438709674996},"upperLeft":{"x":1557.71875,"y":376.0988394445187}},"dockers":[{"x":58.5,"y":42.5},{"x":1567.5,"y":377.37438709674996},{"x":14,"y":14}],"target":{"resourceId":"sid-AF1F8F2B-4BF8-481C-9830-DFB67D675846"}},{"resourceId":"sid-E4535A5D-4A19-413F-9530-F87239B620F3","properties":{"overrideid":"sid-E4535A5D-4A19-413F-9530-F87239B620F3","name":"","documentation":"","conditionsequenceflow":"","executionlisteners":{"executionListeners":[]},"defaultflow":"false"},"stencil":{"id":"SequenceFlow"},"childShapes":[],"outgoing":[{"resourceId":"sid-12182CAE-8C18-40CF-8214-87A2F9E7DCEF"}],"bounds":{"lowerRight":{"x":1439.8596403491244,"y":376.0232267361307},"upperLeft":{"x":1415.5817659008756,"y":375.4638287073692}},"dockers":[{"x":25,"y":20},{"x":58.5,"y":42.5}],"target":{"resourceId":"sid-12182CAE-8C18-40CF-8214-87A2F9E7DCEF"}},{"resourceId":"sid-B2866033-C8D8-4CF4-9819-B769E6BF21E1","properties":{"overrideid":"sid-B2866033-C8D8-4CF4-9819-B769E6BF21E1","name":"","documentation":"","conditionsequenceflow":"","executionlisteners":{"executionListeners":[]},"defaultflow":"false"},"stencil":{"id":"SequenceFlow"},"childShapes":[],"outgoing":[{"resourceId":"sid-B4045F47-A041-4E42-BD0C-DF70CE23D527"}],"bounds":{"lowerRight":{"x":839.4966273053303,"y":375.3618689478866},"upperLeft":{"x":808.0268101946697,"y":374.3334435521134}},"dockers":[{"x":20,"y":20},{"x":25,"y":20}],"target":{"resourceId":"sid-B4045F47-A041-4E42-BD0C-DF70CE23D527"}},{"resourceId":"sid-032181C1-7CD1-4173-A5B7-411522B05B62","properties":{"overrideid":"sid-032181C1-7CD1-4173-A5B7-411522B05B62","name":"Publish to Alfresco","documentation":"","alfresco_cloud_content":{"source":"field","metaDataColumnDefinitions":[{"fileProperty":"rfi:rfinumber","propertyType":"string","propertyValueType":"variable","processVariable":{"id":"myRef","name":"myRef","type":"string"}},{"fileProperty":"rfi:rfitopic","propertyType":"string","propertyValueType":"field","formField":{"id":"topic","name":"Topic","type":"text"}},{"fileProperty":"rfi:rfistatus","propertyType":"string","propertyValueType":"variable","processVariable":{"id":"rfistatus","name":"rfistatus","type":"string"}},{"fileProperty":"cm:title","propertyType":"string","propertyValueType":"variable","processVariable":{"id":"myRef","name":"myRef","type":"string"}}],"documentType":"cmis:document","documentAspects":[{"aspectName":"cm:titled"},{"aspectName":"rfi:rfi"}],"field":"rfi"},"alfresco_cloud_destination":{"account":"alfresco-1-alfresco-1","site":"rfx","path":"3c2a8882-2d21-40dc-989a-24b797f925c4","path_title":"documentLibrary > RFI","site_title":"RFx","publish_as_type":"process_initiator","folder":"topic"},"executionlisteners":{"executionListeners":[]},"isforcompensation":false,"asynchronousdefinition":true,"exclusivedefinition":true},"stencil":{"id":"PublishToAlfrescoCloudTask"},"childShapes":[],"outgoing":[{"resourceId":"sid-8FBFB400-AC5C-4F44-807A-59A280787E14"}],"bounds":{"lowerRight":{"x":955,"y":397.37438709674996},"upperLeft":{"x":905,"y":357.37438709674996}},"dockers":[]},{"resourceId":"sid-9BE11923-A057-4E1A-A46B-EDF9AAD2E446","properties":{"overrideid":"sid-9BE11923-A057-4E1A-A46B-EDF9AAD2E446","name":"","documentation":"","conditionsequenceflow":"","executionlisteners":{"executionListeners":[]},"defaultflow":"false"},"stencil":{"id":"SequenceFlow"},"childShapes":[],"outgoing":[{"resourceId":"sid-032181C1-7CD1-4173-A5B7-411522B05B62"}],"bounds":{"lowerRight":{"x":904.6267717153454,"y":375.8619915849198},"upperLeft":{"x":890.3732282846546,"y":375.01239551183016}},"dockers":[{"x":25,"y":20},{"x":25,"y":20}],"target":{"resourceId":"sid-032181C1-7CD1-4173-A5B7-411522B05B62"}},{"resourceId":"sid-8FBFB400-AC5C-4F44-807A-59A280787E14","properties":{"overrideid":"sid-8FBFB400-AC5C-4F44-807A-59A280787E14","name":"","documentation":"","conditionsequenceflow":"","executionlisteners":{"executionListeners":[]},"defaultflow":"false"},"stencil":{"id":"SequenceFlow"},"childShapes":[],"outgoing":[{"resourceId":"sid-D0970BD2-F563-4084-953D-03B2B865353B"}],"bounds":{"lowerRight":{"x":974.3571136260952,"y":374.6921566230289},"upperLeft":{"x":955.3499176239048,"y":372.6810384374222}},"dockers":[{"x":25,"y":20},{"x":62.5,"y":51}],"target":{"resourceId":"sid-D0970BD2-F563-4084-953D-03B2B865353B"}},{"resourceId":"sid-F8DC688B-930E-4E9B-AA37-C225C7327948","properties":{"overrideid":"sid-F8DC688B-930E-4E9B-AA37-C225C7327948","name":"","documentation":"","asynchronousdefinition":false,"exclusivedefinition":false,"sequencefloworder":"","executionlisteners":{"executionListeners":[]}},"stencil":{"id":"ExclusiveGateway"},"childShapes":[],"outgoing":[{"resourceId":"sid-3D6A6DB1-34B6-440B-8DD5-418DF084D47A"},{"resourceId":"sid-DF21AE41-71E6-41BD-AC86-E4D68D2AE194"},{"resourceId":"sid-2185CA6B-EB6B-4197-BCA2-43235E609FA9"}],"bounds":{"lowerRight":{"x":1158.5,"y":397.37438709674996},"upperLeft":{"x":1118.5,"y":357.37438709674996}},"dockers":[]},{"resourceId":"sid-D98E6964-016C-468D-92C0-81133E94ED59","properties":{"overrideid":"sid-D98E6964-016C-468D-92C0-81133E94ED59","name":"","documentation":"","conditionsequenceflow":"","executionlisteners":{"executionListeners":[]},"defaultflow":"false"},"stencil":{"id":"SequenceFlow"},"childShapes":[],"outgoing":[{"resourceId":"sid-F8DC688B-930E-4E9B-AA37-C225C7327948"}],"bounds":{"lowerRight":{"x":1120.1469066835155,"y":375.3075040491809},"upperLeft":{"x":1100.0405933164845,"y":373.0431774023971}},"dockers":[{"x":62.5,"y":51},{"x":20,"y":20}],"target":{"resourceId":"sid-F8DC688B-930E-4E9B-AA37-C225C7327948"}},{"resourceId":"sid-02B8EF61-ABCC-480A-A744-DE016550D1CB","properties":{"overrideid":"sid-02B8EF61-ABCC-480A-A744-DE016550D1CB","name":"Rejected by Contracts and Legal","documentation":"","asynchronousdefinition":false,"exclusivedefinition":false,"sequencefloworder":"","executionlisteners":{"executionListeners":[]}},"stencil":{"id":"InclusiveGateway"},"childShapes":[],"outgoing":[{"resourceId":"sid-EB2B4DCD-570D-4650-8BB4-9B359C209A55"},{"resourceId":"sid-E4E0E83E-4095-4E37-8B92-34A98ABA7031"},{"resourceId":"sid-EBEA2764-69EB-4179-95D2-B4EC6C13F5B2"},{"resourceId":"sid-151F8968-47BD-4FD7-8E70-093C6B82397A"}],"bounds":{"lowerRight":{"x":808.5,"y":165},"upperLeft":{"x":768.5,"y":125}},"dockers":[]},{"resourceId":"sid-0203411B-1496-4362-8121-A069BBC23BED","properties":{"overrideid":"sid-0203411B-1496-4362-8121-A069BBC23BED","name":"Notify Initiator of Cancellation","documentation":"","asynchronousdefinition":false,"exclusivedefinition":false,"executionlisteners":{"executionListeners":[]},"multiinstance_type":"None","multiinstance_cardinality":"","multiinstance_collection":"","multiinstance_variable":"","multiinstance_condition":"","isforcompensation":false,"mailtaskto":{"mailTo":{"type":"initiator"}},"mailtaskfrom":"demo@example.com","mailtasksubject":"Your RFI has been generated","mailtaskcc":"","mailtaskbcc":"","mailtasktext":"Your RFI has been generated. ","mailtaskhtml":"","mailtaskcharset":""},"stencil":{"id":"MailTask"},"childShapes":[],"outgoing":[{"resourceId":"sid-19778B8F-6447-4E5B-8F95-3CED55684C02"}],"bounds":{"lowerRight":{"x":1196.5,"y":560},"upperLeft":{"x":1080.5,"y":465}},"dockers":[]},{"resourceId":"sid-3D6A6DB1-34B6-440B-8DD5-418DF084D47A","properties":{"overrideid":"sid-3D6A6DB1-34B6-440B-8DD5-418DF084D47A","name":"Cancel","documentation":"","conditionsequenceflow":{"expression":{"index":"0","outcomeFormId":"4022","outcomeFormName":"Contracts RFI Input Form","rightOutcomeName":"Cancel","operator":"==","type":"variables"}},"executionlisteners":{"executionListeners":[]},"defaultflow":"false"},"stencil":{"id":"SequenceFlow"},"childShapes":[],"outgoing":[{"resourceId":"sid-0203411B-1496-4362-8121-A069BBC23BED"}],"bounds":{"lowerRight":{"x":1138.5,"y":464.5227361391045},"upperLeft":{"x":1138.5,"y":397.37642641126945}},"dockers":[{"x":20,"y":20},{"x":58,"y":47.5}],"target":{"resourceId":"sid-0203411B-1496-4362-8121-A069BBC23BED"}},{"resourceId":"sid-DF21AE41-71E6-41BD-AC86-E4D68D2AE194","properties":{"overrideid":"sid-DF21AE41-71E6-41BD-AC86-E4D68D2AE194","name":"Reject","documentation":"","conditionsequenceflow":{"expression":{"index":"0","outcomeFormId":"4022","outcomeFormName":"Contracts RFI Input Form","rightOutcomeName":"Reject","operator":"==","type":"variables"}},"executionlisteners":{"executionListeners":[]},"defaultflow":"false"},"stencil":{"id":"SequenceFlow"},"childShapes":[],"outgoing":[{"resourceId":"sid-02B8EF61-ABCC-480A-A744-DE016550D1CB"}],"bounds":{"lowerRight":{"x":1139,"y":357.3124279701184},"upperLeft":{"x":808.66796875,"y":145}},"dockers":[{"x":20,"y":20},{"x":1139,"y":145},{"x":20,"y":20}],"target":{"resourceId":"sid-02B8EF61-ABCC-480A-A744-DE016550D1CB"}},{"resourceId":"sid-A19D26BF-D3EF-4DD7-A7BD-075BEF3A8079","properties":{"overrideid":"sid-A19D26BF-D3EF-4DD7-A7BD-075BEF3A8079","name":"","documentation":"","executionlisteners":{"executionListeners":[]},"asynchronousdefinition":false,"exclusivedefinition":false},"stencil":{"id":"EndNoneEvent"},"childShapes":[],"outgoing":[],"bounds":{"lowerRight":{"x":1279,"y":526.5},"upperLeft":{"x":1251,"y":498.5}},"dockers":[]},{"resourceId":"sid-19778B8F-6447-4E5B-8F95-3CED55684C02","properties":{"overrideid":"sid-19778B8F-6447-4E5B-8F95-3CED55684C02","name":"","documentation":"","conditionsequenceflow":"","executionlisteners":{"executionListeners":[]},"defaultflow":"false"},"stencil":{"id":"SequenceFlow"},"childShapes":[],"outgoing":[{"resourceId":"sid-A19D26BF-D3EF-4DD7-A7BD-075BEF3A8079"}],"bounds":{"lowerRight":{"x":1250.1640625,"y":512.5},"upperLeft":{"x":1196.8203125,"y":512.5}},"dockers":[{"x":58,"y":47.5},{"x":14,"y":14}],"target":{"resourceId":"sid-A19D26BF-D3EF-4DD7-A7BD-075BEF3A8079"}},{"resourceId":"sid-2185CA6B-EB6B-4197-BCA2-43235E609FA9","properties":{"overrideid":"sid-2185CA6B-EB6B-4197-BCA2-43235E609FA9","name":"Approve","documentation":"","conditionsequenceflow":{"expression":{"index":"0","outcomeFormId":"4022","outcomeFormName":"Contracts RFI Input Form","rightOutcomeName":"Approve","operator":"==","type":"variables"}},"executionlisteners":{"executionListeners":[]},"defaultflow":"false"},"stencil":{"id":"SequenceFlow"},"childShapes":[],"outgoing":[{"resourceId":"sid-99C4BFE8-6C19-4B2F-8846-AAFC7F719C99"}],"bounds":{"lowerRight":{"x":1239.293027765847,"y":377.15951243313435},"upperLeft":{"x":1158.277284734153,"y":376.2792990587758}},"dockers":[{"x":20,"y":20},{"x":25,"y":20}],"target":{"resourceId":"sid-99C4BFE8-6C19-4B2F-8846-AAFC7F719C99"}},{"resourceId":"sid-572CC338-50B1-42A0-9E7C-DCE6D3EB370A","properties":{"scriptformat":"groovy","scripttext":"execution.setVariable('rfistatus','Final');\n","executionvariables":"","overrideid":"sid-572CC338-50B1-42A0-9E7C-DCE6D3EB370A","name":"Change Status","documentation":"","asynchronousdefinition":false,"exclusivedefinition":false,"executionlisteners":{"executionListeners":[]},"multiinstance_type":"None","multiinstance_cardinality":"","multiinstance_collection":"","multiinstance_variable":"","multiinstance_condition":"","isforcompensation":false},"stencil":{"id":"ScriptTask"},"childShapes":[],"outgoing":[{"resourceId":"sid-418F4D07-CEE4-491A-91B0-E4DFF230EC38"}],"bounds":{"lowerRight":{"x":1355,"y":397.37438709674996},"upperLeft":{"x":1305,"y":357.37438709674996}},"dockers":[]},{"resourceId":"sid-418F4D07-CEE4-491A-91B0-E4DFF230EC38","properties":{"overrideid":"sid-418F4D07-CEE4-491A-91B0-E4DFF230EC38","name":"","documentation":"","conditionsequenceflow":"","executionlisteners":{"executionListeners":[]},"defaultflow":"false"},"stencil":{"id":"SequenceFlow"},"childShapes":[],"outgoing":[{"resourceId":"sid-792AB6A4-095D-4087-9D3A-C9F63BC9AEAD"}],"bounds":{"lowerRight":{"x":1364.6258669269077,"y":376.3171315520378},"upperLeft":{"x":1355.3741330730923,"y":375.93164264146213}},"dockers":[{"x":25,"y":20},{"x":25,"y":20}],"target":{"resourceId":"sid-792AB6A4-095D-4087-9D3A-C9F63BC9AEAD"}},{"resourceId":"sid-3F326AF4-797B-4E42-B7AE-014D4ADD4734","properties":{"overrideid":"sid-3F326AF4-797B-4E42-B7AE-014D4ADD4734","name":"","documentation":"","conditionsequenceflow":"","executionlisteners":{"executionListeners":[]},"defaultflow":"false"},"stencil":{"id":"SequenceFlow"},"childShapes":[],"outgoing":[{"resourceId":"sid-572CC338-50B1-42A0-9E7C-DCE6D3EB370A"}],"bounds":{"lowerRight":{"x":1304.6252234682531,"y":376.8378522437015},"upperLeft":{"x":1290.3747765317469,"y":376.53653485304847}},"dockers":[{"x":25,"y":20},{"x":25,"y":20}],"target":{"resourceId":"sid-572CC338-50B1-42A0-9E7C-DCE6D3EB370A"}},{"resourceId":"sid-EB2B4DCD-570D-4650-8BB4-9B359C209A55","properties":{"overrideid":"sid-EB2B4DCD-570D-4650-8BB4-9B359C209A55","name":"","documentation":"","conditionsequenceflow":{"expression":{"index":"0","leftFormFieldId":"counterterrorism","rightValue":"true","operator":"==","type":"variables"}},"executionlisteners":{"executionListeners":[]},"defaultflow":"false"},"stencil":{"id":"SequenceFlow"},"childShapes":[],"outgoing":[{"resourceId":"sid-80F96554-A288-4E9C-AC11-C111544940C6"}],"bounds":{"lowerRight":{"x":773.4952853097209,"y":189.66499033234518},"upperLeft":{"x":662.8797146902791,"y":150.33500966765482}},"dockers":[{"x":20,"y":20},{"x":53.49999999999994,"y":44}],"target":{"resourceId":"sid-80F96554-A288-4E9C-AC11-C111544940C6"}},{"resourceId":"sid-E4E0E83E-4095-4E37-8B92-34A98ABA7031","properties":{"overrideid":"sid-E4E0E83E-4095-4E37-8B92-34A98ABA7031","name":"","documentation":"","conditionsequenceflow":{"expression":{"index":"0","leftFormFieldId":"cybersecurity","rightValue":"true","operator":"==","type":"variables"}},"executionlisteners":{"executionListeners":[]},"defaultflow":"false"},"stencil":{"id":"SequenceFlow"},"childShapes":[],"outgoing":[{"resourceId":"sid-EAFA708B-9CCC-44B6-A6F9-F3267391111E"}],"bounds":{"lowerRight":{"x":773.5234625424039,"y":140.2442193031589},"upperLeft":{"x":663.2421624575961,"y":105.22453069684109}},"dockers":[{"x":20,"y":20},{"x":53.99999999999994,"y":43}],"target":{"resourceId":"sid-EAFA708B-9CCC-44B6-A6F9-F3267391111E"}},{"resourceId":"sid-EBEA2764-69EB-4179-95D2-B4EC6C13F5B2","properties":{"overrideid":"sid-EBEA2764-69EB-4179-95D2-B4EC6C13F5B2","name":"","documentation":"","conditionsequenceflow":{"expression":{"index":"0","leftFormFieldId":"counterproliferation","rightValue":"true","operator":"==","type":"variables"}},"executionlisteners":{"executionListeners":[]},"defaultflow":"false"},"stencil":{"id":"SequenceFlow"},"childShapes":[],"outgoing":[{"resourceId":"sid-230EC404-F01C-4723-8724-062A14C37EFC"}],"bounds":{"lowerRight":{"x":778.3086757007026,"y":275.9138527080593},"upperLeft":{"x":659.0780430492974,"y":155.30880354194065}},"dockers":[{"x":20,"y":20},{"x":54.99999999999994,"y":44.5}],"target":{"resourceId":"sid-230EC404-F01C-4723-8724-062A14C37EFC"}},{"resourceId":"sid-151F8968-47BD-4FD7-8E70-093C6B82397A","properties":{"overrideid":"sid-151F8968-47BD-4FD7-8E70-093C6B82397A","name":"","documentation":"","conditionsequenceflow":{"expression":{"index":"0","leftFormFieldId":"counterintelligence","rightValue":"true","operator":"==","type":"variables"}},"executionlisteners":{"executionListeners":[]},"defaultflow":"false"},"stencil":{"id":"SequenceFlow"},"childShapes":[],"outgoing":[{"resourceId":"sid-328647FA-E171-4F73-9159-31178E73C7A0"}],"bounds":{"lowerRight":{"x":780.9193859935318,"y":393.7718913909499},"upperLeft":{"x":642.7847155689682,"y":157.94197579655005}},"dockers":[{"x":20,"y":20},{"x":53.99999999999994,"y":45.5}],"target":{"resourceId":"sid-328647FA-E171-4F73-9159-31178E73C7A0"}}],"bounds":{"lowerRight":{"x":1703,"y":1050},"upperLeft":{"x":0,"y":0}},"stencilset":{"url":"stencilsets/bpmn2.0/bpmn2.0.json","namespace":"http://b3mn.org/stencilset/bpmn2.0#"},"ssextensions":[]}