<?xml version='1.0' encoding='UTF-8'?>
<definitions xmlns="http://www.omg.org/spec/BPMN/20100524/MODEL" xmlns:xsi="http://www.w3.org/2001/XMLSchema-instance" xmlns:xsd="http://www.w3.org/2001/XMLSchema" xmlns:activiti="http://activiti.org/bpmn" xmlns:bpmndi="http://www.omg.org/spec/BPMN/20100524/DI" xmlns:omgdc="http://www.omg.org/spec/DD/20100524/DC" xmlns:omgdi="http://www.omg.org/spec/DD/20100524/DI" typeLanguage="http://www.w3.org/2001/XMLSchema" expressionLanguage="http://www.w3.org/1999/XPath" targetNamespace="http://www.activiti.org/processdef" xmlns:modeler="http://activiti.com/modeler" modeler:version="1.0en" modeler:exportDateTime="20210819154042113" modeler:modelId="4025" modeler:modelVersion="4" modeler:modelLastUpdated="1554232501929">
  <process id="RFI" name="RFIGEN - Request for Information Generator" isExecutable="true">
    <extensionElements>
      <modeler:executionvariables xmlns:modeler="http://activiti.com/modeler" modeler:variableName="myDate" modeler:variableType="string"/>
      <modeler:executionvariables xmlns:modeler="http://activiti.com/modeler" modeler:variableName="myRef" modeler:variableType="string"/>
      <modeler:executionvariables xmlns:modeler="http://activiti.com/modeler" modeler:variableName="ci_objID" modeler:variableType="string"/>
      <modeler:executionvariables xmlns:modeler="http://activiti.com/modeler" modeler:variableName="cp_objID" modeler:variableType="string"/>
      <modeler:executionvariables xmlns:modeler="http://activiti.com/modeler" modeler:variableName="ct_objID" modeler:variableType="string"/>
      <modeler:executionvariables xmlns:modeler="http://activiti.com/modeler" modeler:variableName="cs_objID" modeler:variableType="string"/>
      <modeler:executionvariables xmlns:modeler="http://activiti.com/modeler" modeler:variableName="rfistatus" modeler:variableType="string"/>
    </extensionElements>
    <startEvent id="startEvent1" name="Start" activiti:formKey="4019">
      <extensionElements>
        <modeler:form-reference-id><![CDATA[4019]]></modeler:form-reference-id>
        <modeler:form-reference-name><![CDATA[RFI Input]]></modeler:form-reference-name>
        <modeler:editor-resource-id><![CDATA[startEvent1]]></modeler:editor-resource-id>
      </extensionElements>
    </startEvent>
    <userTask id="sid-EAFA708B-9CCC-44B6-A6F9-F3267391111E" name="Cyber-Security Input" activiti:assignee="2002" activiti:formKey="4024">
      <extensionElements>
        <modeler:allow-send-email><![CDATA[true]]></modeler:allow-send-email>
        <modeler:form-reference-id><![CDATA[4024]]></modeler:form-reference-id>
        <modeler:form-reference-name><![CDATA[CS RFI Input Form]]></modeler:form-reference-name>
        <modeler:activiti-idm-assignee><![CDATA[true]]></modeler:activiti-idm-assignee>
        <modeler:assignee-info-email><![CDATA[csuser@example.com]]></modeler:assignee-info-email>
        <modeler:assignee-info-firstname><![CDATA[Christopher]]></modeler:assignee-info-firstname>
        <modeler:assignee-info-lastname><![CDATA[Smith]]></modeler:assignee-info-lastname>
        <modeler:assignee-info-externalid><![CDATA[csuser]]></modeler:assignee-info-externalid>
        <modeler:initiator-can-complete><![CDATA[true]]></modeler:initiator-can-complete>
        <modeler:editor-resource-id><![CDATA[sid-EAFA708B-9CCC-44B6-A6F9-F3267391111E]]></modeler:editor-resource-id>
      </extensionElements>
    </userTask>
    <userTask id="sid-80F96554-A288-4E9C-AC11-C111544940C6" name="Counter-Terrorism Input" activiti:assignee="2004" activiti:formKey="4023">
      <extensionElements>
        <modeler:allow-send-email><![CDATA[true]]></modeler:allow-send-email>
        <modeler:form-reference-id><![CDATA[4023]]></modeler:form-reference-id>
        <modeler:form-reference-name><![CDATA[CT RFI Input Form]]></modeler:form-reference-name>
        <modeler:activiti-idm-assignee><![CDATA[true]]></modeler:activiti-idm-assignee>
        <modeler:assignee-info-email><![CDATA[ctuser@example.com]]></modeler:assignee-info-email>
        <modeler:assignee-info-firstname><![CDATA[Terry]]></modeler:assignee-info-firstname>
        <modeler:assignee-info-lastname><![CDATA[Connor]]></modeler:assignee-info-lastname>
        <modeler:assignee-info-externalid><![CDATA[ctuser]]></modeler:assignee-info-externalid>
        <modeler:initiator-can-complete><![CDATA[true]]></modeler:initiator-can-complete>
        <modeler:editor-resource-id><![CDATA[sid-80F96554-A288-4E9C-AC11-C111544940C6]]></modeler:editor-resource-id>
      </extensionElements>
    </userTask>
    <userTask id="sid-230EC404-F01C-4723-8724-062A14C37EFC" name="Counter-Proliferation Input" activiti:assignee="2003" activiti:formKey="4020">
      <extensionElements>
        <modeler:allow-send-email><![CDATA[true]]></modeler:allow-send-email>
        <modeler:form-reference-id><![CDATA[4020]]></modeler:form-reference-id>
        <modeler:form-reference-name><![CDATA[CP RFI Input Form]]></modeler:form-reference-name>
        <modeler:activiti-idm-assignee><![CDATA[true]]></modeler:activiti-idm-assignee>
        <modeler:assignee-info-email><![CDATA[cpuser@example.com]]></modeler:assignee-info-email>
        <modeler:assignee-info-firstname><![CDATA[Cammy]]></modeler:assignee-info-firstname>
        <modeler:assignee-info-lastname><![CDATA[Peroli]]></modeler:assignee-info-lastname>
        <modeler:assignee-info-externalid><![CDATA[cpuser]]></modeler:assignee-info-externalid>
        <modeler:initiator-can-complete><![CDATA[true]]></modeler:initiator-can-complete>
        <modeler:editor-resource-id><![CDATA[sid-230EC404-F01C-4723-8724-062A14C37EFC]]></modeler:editor-resource-id>
      </extensionElements>
    </userTask>
    <userTask id="sid-328647FA-E171-4F73-9159-31178E73C7A0" name="Counter-Intelligence Input" activiti:assignee="2006" activiti:formKey="4021">
      <extensionElements>
        <modeler:allow-send-email><![CDATA[true]]></modeler:allow-send-email>
        <modeler:form-reference-id><![CDATA[4021]]></modeler:form-reference-id>
        <modeler:form-reference-name><![CDATA[CI RFI Input Form]]></modeler:form-reference-name>
        <modeler:activiti-idm-assignee><![CDATA[true]]></modeler:activiti-idm-assignee>
        <modeler:assignee-info-email><![CDATA[ciuser@example.com]]></modeler:assignee-info-email>
        <modeler:assignee-info-firstname><![CDATA[Chad]]></modeler:assignee-info-firstname>
        <modeler:assignee-info-lastname><![CDATA[Ibold]]></modeler:assignee-info-lastname>
        <modeler:assignee-info-externalid><![CDATA[ciuser]]></modeler:assignee-info-externalid>
        <modeler:initiator-can-complete><![CDATA[true]]></modeler:initiator-can-complete>
        <modeler:editor-resource-id><![CDATA[sid-328647FA-E171-4F73-9159-31178E73C7A0]]></modeler:editor-resource-id>
      </extensionElements>
    </userTask>
    <userTask id="sid-D0970BD2-F563-4084-953D-03B2B865353B" name="Contracts &amp; Legal" activiti:assignee="2005" activiti:formKey="4022">
      <extensionElements>
        <modeler:allow-send-email><![CDATA[true]]></modeler:allow-send-email>
        <modeler:form-reference-id><![CDATA[4022]]></modeler:form-reference-id>
        <modeler:form-reference-name><![CDATA[Contracts RFI Input Form]]></modeler:form-reference-name>
        <modeler:activiti-idm-assignee><![CDATA[true]]></modeler:activiti-idm-assignee>
        <modeler:assignee-info-email><![CDATA[lcuser@example.com]]></modeler:assignee-info-email>
        <modeler:assignee-info-firstname><![CDATA[Leslie]]></modeler:assignee-info-firstname>
        <modeler:assignee-info-lastname><![CDATA[Carrigan]]></modeler:assignee-info-lastname>
        <modeler:assignee-info-externalid><![CDATA[lcuser]]></modeler:assignee-info-externalid>
        <modeler:initiator-can-complete><![CDATA[true]]></modeler:initiator-can-complete>
        <modeler:editor-resource-id><![CDATA[sid-D0970BD2-F563-4084-953D-03B2B865353B]]></modeler:editor-resource-id>
      </extensionElements>
    </userTask>
    <serviceTask id="sid-B4045F47-A041-4E42-BD0C-DF70CE23D527" name="Generate RFI Main Page" activiti:async="true" activiti:delegateExpression="${activiti_generateDocumentDelegate}">
      <extensionElements>
        <activiti:field name="outputFormat">
          <activiti:string><![CDATA[word]]></activiti:string>
        </activiti:field>
        <activiti:field name="templateId">
          <activiti:string><![CDATA[3014]]></activiti:string>
        </activiti:field>
        <activiti:field name="templateName">
          <activiti:string><![CDATA[RFI_Template.docx]]></activiti:string>
        </activiti:field>
        <activiti:field name="fileName">
          <activiti:expression><![CDATA[${topic}_RFI]]></activiti:expression>
        </activiti:field>
        <activiti:field name="variableName">
          <activiti:string><![CDATA[rfi]]></activiti:string>
        </activiti:field>
        <modeler:executionvariables modeler:variableName="rfi" modeler:variableType="document"/>
        <modeler:editor-resource-id><![CDATA[sid-B4045F47-A041-4E42-BD0C-DF70CE23D527]]></modeler:editor-resource-id>
      </extensionElements>
    </serviceTask>
    <serviceTask id="sid-792AB6A4-095D-4087-9D3A-C9F63BC9AEAD" name="Publish to Alfresco" activiti:async="true" activiti:delegateExpression="${activiti_publishAlfrescoDelegate}">
      <extensionElements>
        <activiti:field name="contentSource">
          <activiti:string><![CDATA[process]]></activiti:string>
        </activiti:field>
        <activiti:field name="metaDataMapping">
          <activiti:string><![CDATA[[{"fileProperty":"rfi:rfinumber","propertyType":"string","propertyValueType":"variable","processVariable":{"id":"myRef","name":"myRef","type":"string"}},{"fileProperty":"rfi:rfitopic","propertyType":"string","propertyValueType":"field","formField":{"id":"topic","name":"Topic","type":"text"}},{"fileProperty":"rfi:rfistatus","propertyType":"string","propertyValueType":"variable","processVariable":{"id":"rfistatus","name":"rfistatus","type":"string"}},{"fileProperty":"cm:title","propertyType":"string","propertyValueType":"variable","processVariable":{"id":"myRef","name":"myRef","type":"string"}}]]]></activiti:string>
        </activiti:field>
        <activiti:field name="documentType">
          <activiti:string><![CDATA[cmis:document]]></activiti:string>
        </activiti:field>
        <activiti:field name="documentAspects">
          <activiti:string><![CDATA[[{"aspectName":"cm:titled"},{"aspectName":"rfi:rfi"}]]]></activiti:string>
        </activiti:field>
        <activiti:field name="account">
          <activiti:string><![CDATA[alfresco-1-alfresco-1]]></activiti:string>
        </activiti:field>
        <activiti:field name="site">
          <activiti:string><![CDATA[rfx]]></activiti:string>
        </activiti:field>
        <activiti:field name="publishAsType">
          <activiti:string><![CDATA[process_initiator]]></activiti:string>
        </activiti:field>
        <activiti:field name="path">
          <activiti:string><![CDATA[3c2a8882-2d21-40dc-989a-24b797f925c4]]></activiti:string>
        </activiti:field>
        <activiti:field name="createFolder">
          <activiti:expression><![CDATA[${topic}]]></activiti:expression>
        </activiti:field>
        <modeler:publish-task-type><![CDATA[alfresco]]></modeler:publish-task-type>
        <modeler:site_title><![CDATA[RFx]]></modeler:site_title>
        <modeler:path_title><![CDATA[documentLibrary > RFI]]></modeler:path_title>
        <modeler:editor-resource-id><![CDATA[sid-792AB6A4-095D-4087-9D3A-C9F63BC9AEAD]]></modeler:editor-resource-id>
      </extensionElements>
    </serviceTask>
    <serviceTask id="sid-12182CAE-8C18-40CF-8214-87A2F9E7DCEF" name="Notify Initiator of Completion" activiti:type="mail">
      <extensionElements>
        <activiti:field name="to">
          <activiti:expression><![CDATA[${emailBean.getProcessInitiator(execution)}]]></activiti:expression>
        </activiti:field>
        <activiti:field name="from">
          <activiti:string><![CDATA[demo@example.com]]></activiti:string>
        </activiti:field>
        <activiti:field name="subject">
          <activiti:string><![CDATA[Your RFI has been generated]]></activiti:string>
        </activiti:field>
        <activiti:field name="text">
          <activiti:string><![CDATA[Your RFI has been generated. ]]></activiti:string>
        </activiti:field>
        <modeler:mail-to-initiator><![CDATA[true]]></modeler:mail-to-initiator>
        <modeler:editor-resource-id><![CDATA[sid-12182CAE-8C18-40CF-8214-87A2F9E7DCEF]]></modeler:editor-resource-id>
      </extensionElements>
    </serviceTask>
    <scriptTask id="sid-7E81C114-F7B6-455F-94A4-937811EA5346" name="Get Date" scriptFormat="groovy" activiti:autoStoreVariables="false">
      <extensionElements>
        <modeler:editor-resource-id><![CDATA[sid-7E81C114-F7B6-455F-94A4-937811EA5346]]></modeler:editor-resource-id>
      </extensionElements>
      <script><![CDATA[def mydate = new Date()
mydate.setHours(mydate.getHours() - 4);
String myref = new Date().format( 'yyMMddHHmmssS' )
String mytextdate = new Date().format( 'MM/dd/yyyy' )
println "The Date Is " + mytextdate + "."
def d = execution.setVariable('myDate',mytextdate)
def r = execution.setVariable('myRef','RFI_' + myref)
def s = execution.setVariable('rfistatus','Draft')]]></script>
    </scriptTask>
    <sequenceFlow id="sid-9BCC0D34-FF00-4F6A-B1AD-04FBC807F721" sourceRef="sid-80F96554-A288-4E9C-AC11-C111544940C6" targetRef="sid-C1E67487-68D8-4AA8-A6F1-F82B38BE0BE5">
      <extensionElements>
        <modeler:editor-resource-id><![CDATA[sid-9BCC0D34-FF00-4F6A-B1AD-04FBC807F721]]></modeler:editor-resource-id>
      </extensionElements>
    </sequenceFlow>
    <sequenceFlow id="sid-68C2BF2A-4F93-430E-BE5A-2DBDC4CACE97" sourceRef="sid-230EC404-F01C-4723-8724-062A14C37EFC" targetRef="sid-C1E67487-68D8-4AA8-A6F1-F82B38BE0BE5">
      <extensionElements>
        <modeler:editor-resource-id><![CDATA[sid-68C2BF2A-4F93-430E-BE5A-2DBDC4CACE97]]></modeler:editor-resource-id>
      </extensionElements>
    </sequenceFlow>
    <sequenceFlow id="sid-E14A417E-333C-49B2-A0D5-3064EB7F0A8F" sourceRef="sid-328647FA-E171-4F73-9159-31178E73C7A0" targetRef="sid-C1E67487-68D8-4AA8-A6F1-F82B38BE0BE5">
      <extensionElements>
        <modeler:editor-resource-id><![CDATA[sid-E14A417E-333C-49B2-A0D5-3064EB7F0A8F]]></modeler:editor-resource-id>
      </extensionElements>
    </sequenceFlow>
    <inclusiveGateway id="sid-A6A985AC-BAA4-48A9-9434-5E3F5CFDA0DA">
      <extensionElements>
        <modeler:editor-resource-id><![CDATA[sid-A6A985AC-BAA4-48A9-9434-5E3F5CFDA0DA]]></modeler:editor-resource-id>
      </extensionElements>
    </inclusiveGateway>
    <inclusiveGateway id="sid-C1E67487-68D8-4AA8-A6F1-F82B38BE0BE5">
      <extensionElements>
        <modeler:editor-resource-id><![CDATA[sid-C1E67487-68D8-4AA8-A6F1-F82B38BE0BE5]]></modeler:editor-resource-id>
      </extensionElements>
    </inclusiveGateway>
    <sequenceFlow id="sid-576EEB08-E9F2-43CC-8A8B-714FDF3152AD" sourceRef="sid-EAFA708B-9CCC-44B6-A6F9-F3267391111E" targetRef="sid-C1E67487-68D8-4AA8-A6F1-F82B38BE0BE5">
      <extensionElements>
        <modeler:editor-resource-id><![CDATA[sid-576EEB08-E9F2-43CC-8A8B-714FDF3152AD]]></modeler:editor-resource-id>
      </extensionElements>
    </sequenceFlow>
    <sequenceFlow id="sid-91DA3AED-5442-46A3-BEC6-BB65A2E861C1" sourceRef="startEvent1" targetRef="sid-7E81C114-F7B6-455F-94A4-937811EA5346">
      <extensionElements>
        <modeler:editor-resource-id><![CDATA[sid-91DA3AED-5442-46A3-BEC6-BB65A2E861C1]]></modeler:editor-resource-id>
      </extensionElements>
    </sequenceFlow>
    <serviceTask id="sid-DDC831A4-9BC0-4B94-B8B6-B0DF673C615D" name="Generate CI RFI" activiti:async="true" activiti:delegateExpression="${activiti_generateDocumentDelegate}">
      <extensionElements>
        <activiti:field name="outputFormat">
          <activiti:string><![CDATA[word]]></activiti:string>
        </activiti:field>
        <activiti:field name="templateId">
          <activiti:string><![CDATA[3010]]></activiti:string>
        </activiti:field>
        <activiti:field name="templateName">
          <activiti:string><![CDATA[RFI_CI_Template.docx]]></activiti:string>
        </activiti:field>
        <activiti:field name="fileName">
          <activiti:expression><![CDATA[${topic}_RFI_CI]]></activiti:expression>
        </activiti:field>
        <activiti:field name="variableName">
          <activiti:string><![CDATA[rfi_ci]]></activiti:string>
        </activiti:field>
        <modeler:executionvariables modeler:variableName="rfi_ci" modeler:variableType="document"/>
        <modeler:editor-resource-id><![CDATA[sid-DDC831A4-9BC0-4B94-B8B6-B0DF673C615D]]></modeler:editor-resource-id>
      </extensionElements>
    </serviceTask>
    <serviceTask id="sid-41F88044-38A0-4D4F-8DB0-961FDE778942" name="Publish CI to Alfresco" activiti:async="true" activiti:delegateExpression="${activiti_publishAlfrescoDelegate}">
      <extensionElements>
        <activiti:field name="contentSource">
          <activiti:string><![CDATA[field]]></activiti:string>
        </activiti:field>
        <activiti:field name="metaDataMapping">
          <activiti:string><![CDATA[[{"fileProperty":"rfi:rfinumber","propertyType":"string","propertyValueType":"variable","processVariable":{"id":"myRef","name":"myRef","type":"string"}},{"fileProperty":"rfi:rfitopic","propertyType":"string","propertyValueType":"field","formField":{"id":"topic","name":"Topic","type":"text"}},{"fileProperty":"rfi:rfistatus","propertyType":"string","propertyValueType":"variable","processVariable":{"id":"rfistatus","name":"rfistatus","type":"string"}},{"fileProperty":"cm:title","propertyType":"string","propertyValueType":"variable","processVariable":{"id":"myRef","name":"myRef","type":"string"}}]]]></activiti:string>
        </activiti:field>
        <activiti:field name="documentType">
          <activiti:string><![CDATA[cmis:document]]></activiti:string>
        </activiti:field>
        <activiti:field name="documentAspects">
          <activiti:string><![CDATA[[{"aspectName":"cm:titled"},{"aspectName":"rfi:rfi"}]]]></activiti:string>
        </activiti:field>
        <activiti:field name="account">
          <activiti:string><![CDATA[alfresco-1-alfresco-1]]></activiti:string>
        </activiti:field>
        <activiti:field name="site">
          <activiti:string><![CDATA[rfx]]></activiti:string>
        </activiti:field>
        <activiti:field name="publishAsType">
          <activiti:string><![CDATA[process_initiator]]></activiti:string>
        </activiti:field>
        <activiti:field name="path">
          <activiti:string><![CDATA[3c2a8882-2d21-40dc-989a-24b797f925c4]]></activiti:string>
        </activiti:field>
        <activiti:field name="createFolder">
          <activiti:expression><![CDATA[${topic}]]></activiti:expression>
        </activiti:field>
        <activiti:field name="contentContainer">
          <activiti:string><![CDATA[rfi_ci]]></activiti:string>
        </activiti:field>
        <modeler:publish-task-type><![CDATA[alfresco]]></modeler:publish-task-type>
        <modeler:site_title><![CDATA[RFx]]></modeler:site_title>
        <modeler:path_title><![CDATA[documentLibrary > RFI]]></modeler:path_title>
        <modeler:editor-resource-id><![CDATA[sid-41F88044-38A0-4D4F-8DB0-961FDE778942]]></modeler:editor-resource-id>
      </extensionElements>
    </serviceTask>
    <sequenceFlow id="sid-C5148FFC-F320-4CE7-9B4F-512FF89DAA48" sourceRef="sid-DDC831A4-9BC0-4B94-B8B6-B0DF673C615D" targetRef="sid-41F88044-38A0-4D4F-8DB0-961FDE778942">
      <extensionElements>
        <modeler:editor-resource-id><![CDATA[sid-C5148FFC-F320-4CE7-9B4F-512FF89DAA48]]></modeler:editor-resource-id>
      </extensionElements>
    </sequenceFlow>
    <serviceTask id="sid-E4705A6E-CAB1-4E91-9FBB-5F87D32EB539" name="Get CI Alf Props" activiti:async="true" activiti:delegateExpression="${activiti_alfrescoGetMetadataDelegate}">
      <extensionElements>
        <activiti:field name="inputSourceField">
          <activiti:string><![CDATA[rfi_ci]]></activiti:string>
        </activiti:field>
        <activiti:field name="publishAsType">
          <activiti:string><![CDATA[process_initiator]]></activiti:string>
        </activiti:field>
        <modeler:metaDataMapping modeler:propertyValueType="variable" modeler:propertyType="string" modeler:processVariable="ci_objID" modeler:fileProperty="cmis:objectId"/>
        <modeler:editor-resource-id><![CDATA[sid-E4705A6E-CAB1-4E91-9FBB-5F87D32EB539]]></modeler:editor-resource-id>
      </extensionElements>
    </serviceTask>
    <sequenceFlow id="sid-051DBBCB-53C8-42F4-B21D-47AC85A827B7" sourceRef="sid-7E81C114-F7B6-455F-94A4-937811EA5346" targetRef="sid-A6A985AC-BAA4-48A9-9434-5E3F5CFDA0DA">
      <extensionElements>
        <modeler:editor-resource-id><![CDATA[sid-051DBBCB-53C8-42F4-B21D-47AC85A827B7]]></modeler:editor-resource-id>
      </extensionElements>
    </sequenceFlow>
    <scriptTask id="sid-212EF4B4-6DAB-44B7-B73E-6717DAAC7273" name="Cleanup CI Link" scriptFormat="groovy" activiti:autoStoreVariables="false">
      <extensionElements>
        <modeler:editor-resource-id><![CDATA[sid-212EF4B4-6DAB-44B7-B73E-6717DAAC7273]]></modeler:editor-resource-id>
      </extensionElements>
      <script><![CDATA[def objid = execution.getVariable('ci_objID');
objid = objid.reverse().drop(4).reverse();
execution.setVariable('ci_objID',objid);
println "doc var ci =" + rfi_ci]]></script>
    </scriptTask>
    <sequenceFlow id="sid-BC712964-F25B-4731-BAC1-541B9AC778D5" sourceRef="sid-E4705A6E-CAB1-4E91-9FBB-5F87D32EB539" targetRef="sid-212EF4B4-6DAB-44B7-B73E-6717DAAC7273">
      <extensionElements>
        <modeler:editor-resource-id><![CDATA[sid-BC712964-F25B-4731-BAC1-541B9AC778D5]]></modeler:editor-resource-id>
      </extensionElements>
    </sequenceFlow>
    <sequenceFlow id="sid-20D87EB9-29EA-41E3-8BE2-4681F9D24B9B" sourceRef="sid-212EF4B4-6DAB-44B7-B73E-6717DAAC7273" targetRef="sid-328647FA-E171-4F73-9159-31178E73C7A0">
      <extensionElements>
        <modeler:editor-resource-id><![CDATA[sid-20D87EB9-29EA-41E3-8BE2-4681F9D24B9B]]></modeler:editor-resource-id>
      </extensionElements>
    </sequenceFlow>
    <sequenceFlow id="sid-FFF2B857-A7D1-4493-90E7-0F2FEE232B8A" sourceRef="sid-41F88044-38A0-4D4F-8DB0-961FDE778942" targetRef="sid-E4705A6E-CAB1-4E91-9FBB-5F87D32EB539">
      <extensionElements>
        <modeler:editor-resource-id><![CDATA[sid-FFF2B857-A7D1-4493-90E7-0F2FEE232B8A]]></modeler:editor-resource-id>
      </extensionElements>
    </sequenceFlow>
    <sequenceFlow id="sid-F30F4C19-3343-4542-8ED9-4D88ACE868C9" sourceRef="sid-A6A985AC-BAA4-48A9-9434-5E3F5CFDA0DA" targetRef="sid-DDC831A4-9BC0-4B94-B8B6-B0DF673C615D">
      <extensionElements>
        <modeler:conditionDefinition modeler:index="0" modeler:leftFormFieldId="counterintelligence" modeler:rightValue="true" modeler:operator="=="/>
        <modeler:editor-resource-id><![CDATA[sid-F30F4C19-3343-4542-8ED9-4D88ACE868C9]]></modeler:editor-resource-id>
      </extensionElements>
      <conditionExpression xsi:type="tFormalExpression"><![CDATA[${(activiti_flowConditionsBean.exists(execution, 'counterintelligence') && counterintelligence == true)}]]></conditionExpression>
    </sequenceFlow>
    <serviceTask id="sid-99C4BFE8-6C19-4B2F-8846-AAFC7F719C99" name="Merge and Generate RFI" activiti:expression="${documentMergeBean.mergeDocuments('rfi;rfi_cs;rfi_ct;rfi_cp;rfi_ci', 'rfi_complete', execution)}" activiti:resultVariableName="rfi_complete">
      <extensionElements>
        <modeler:editor-resource-id><![CDATA[sid-99C4BFE8-6C19-4B2F-8846-AAFC7F719C99]]></modeler:editor-resource-id>
      </extensionElements>
    </serviceTask>
    <sequenceFlow id="sid-C7D4B4F0-A407-4557-9D8B-AC4897DF08C8" sourceRef="sid-A6A985AC-BAA4-48A9-9434-5E3F5CFDA0DA" targetRef="sid-548A9201-8D3B-4707-BD0F-56B7ACAFBF02">
      <extensionElements>
        <modeler:conditionDefinition modeler:index="0" modeler:leftFormFieldId="counterproliferation" modeler:rightValue="true" modeler:operator="=="/>
        <modeler:editor-resource-id><![CDATA[sid-C7D4B4F0-A407-4557-9D8B-AC4897DF08C8]]></modeler:editor-resource-id>
      </extensionElements>
      <conditionExpression xsi:type="tFormalExpression"><![CDATA[${(activiti_flowConditionsBean.exists(execution, 'counterproliferation') && counterproliferation == true)}]]></conditionExpression>
    </sequenceFlow>
    <serviceTask id="sid-E8B701E4-7C24-4488-A979-FB941D7F7465" name="Generate CS RFI" activiti:async="true" activiti:delegateExpression="${activiti_generateDocumentDelegate}">
      <extensionElements>
        <activiti:field name="outputFormat">
          <activiti:string><![CDATA[word]]></activiti:string>
        </activiti:field>
        <activiti:field name="templateId">
          <activiti:string><![CDATA[3012]]></activiti:string>
        </activiti:field>
        <activiti:field name="templateName">
          <activiti:string><![CDATA[RFI_CS_Template.docx]]></activiti:string>
        </activiti:field>
        <activiti:field name="fileName">
          <activiti:expression><![CDATA[${topic}_RFI_CS]]></activiti:expression>
        </activiti:field>
        <activiti:field name="variableName">
          <activiti:string><![CDATA[rfi_cs]]></activiti:string>
        </activiti:field>
        <modeler:executionvariables modeler:variableName="rfi_cs" modeler:variableType="document"/>
        <modeler:editor-resource-id><![CDATA[sid-E8B701E4-7C24-4488-A979-FB941D7F7465]]></modeler:editor-resource-id>
      </extensionElements>
    </serviceTask>
    <serviceTask id="sid-84DC7676-BB7E-4D67-97AA-5F5F9FEA35BF" name="Publish CS to Alfresco" activiti:async="true" activiti:delegateExpression="${activiti_publishAlfrescoDelegate}">
      <extensionElements>
        <activiti:field name="contentSource">
          <activiti:string><![CDATA[field]]></activiti:string>
        </activiti:field>
        <activiti:field name="metaDataMapping">
          <activiti:string><![CDATA[[{"fileProperty":"rfi:rfinumber","propertyType":"string","propertyValueType":"variable","processVariable":{"id":"myRef","name":"myRef","type":"string"}},{"fileProperty":"rfi:rfistatus","propertyType":"string","propertyValueType":"variable","processVariable":{"id":"rfistatus","name":"rfistatus","type":"string"}},{"fileProperty":"rfi:rfitopic","propertyType":"string","propertyValueType":"field","formField":{"id":"topic","name":"Topic","type":"text"}},{"fileProperty":"cm:title","propertyType":"string","propertyValueType":"variable","processVariable":{"id":"myRef","name":"myRef","type":"string"}}]]]></activiti:string>
        </activiti:field>
        <activiti:field name="documentType">
          <activiti:string><![CDATA[cmis:document]]></activiti:string>
        </activiti:field>
        <activiti:field name="documentAspects">
          <activiti:string><![CDATA[[{"aspectName":"cm:titled"},{"aspectName":"rfi:rfi"}]]]></activiti:string>
        </activiti:field>
        <activiti:field name="account">
          <activiti:string><![CDATA[alfresco-1-alfresco-1]]></activiti:string>
        </activiti:field>
        <activiti:field name="site">
          <activiti:string><![CDATA[rfx]]></activiti:string>
        </activiti:field>
        <activiti:field name="publishAsType">
          <activiti:string><![CDATA[process_initiator]]></activiti:string>
        </activiti:field>
        <activiti:field name="path">
          <activiti:string><![CDATA[3c2a8882-2d21-40dc-989a-24b797f925c4]]></activiti:string>
        </activiti:field>
        <activiti:field name="createFolder">
          <activiti:expression><![CDATA[${topic}]]></activiti:expression>
        </activiti:field>
        <activiti:field name="contentContainer">
          <activiti:string><![CDATA[rfi_cs]]></activiti:string>
        </activiti:field>
        <modeler:publish-task-type><![CDATA[alfresco]]></modeler:publish-task-type>
        <modeler:site_title><![CDATA[RFx]]></modeler:site_title>
        <modeler:path_title><![CDATA[documentLibrary > RFI]]></modeler:path_title>
        <modeler:editor-resource-id><![CDATA[sid-84DC7676-BB7E-4D67-97AA-5F5F9FEA35BF]]></modeler:editor-resource-id>
      </extensionElements>
    </serviceTask>
    <sequenceFlow id="sid-0EC793EE-61AF-4190-9614-F6F471CAF2CB" sourceRef="sid-E8B701E4-7C24-4488-A979-FB941D7F7465" targetRef="sid-84DC7676-BB7E-4D67-97AA-5F5F9FEA35BF">
      <extensionElements>
        <modeler:editor-resource-id><![CDATA[sid-0EC793EE-61AF-4190-9614-F6F471CAF2CB]]></modeler:editor-resource-id>
      </extensionElements>
    </sequenceFlow>
    <serviceTask id="sid-910813C9-D4BF-40C8-ABDD-9022C9068333" name="Get CS Alf Props" activiti:async="true" activiti:delegateExpression="${activiti_alfrescoGetMetadataDelegate}">
      <extensionElements>
        <activiti:field name="inputSourceField">
          <activiti:string><![CDATA[rfi_cs]]></activiti:string>
        </activiti:field>
        <activiti:field name="publishAsType">
          <activiti:string><![CDATA[process_initiator]]></activiti:string>
        </activiti:field>
        <modeler:metaDataMapping modeler:propertyValueType="variable" modeler:propertyType="string" modeler:processVariable="cs_objID" modeler:fileProperty="cmis:objectId"/>
        <modeler:editor-resource-id><![CDATA[sid-910813C9-D4BF-40C8-ABDD-9022C9068333]]></modeler:editor-resource-id>
      </extensionElements>
    </serviceTask>
    <scriptTask id="sid-473ED7FD-CAC9-44BC-94EB-5FBC6FCBBE07" name="Cleanup CS Link" scriptFormat="groovy" activiti:autoStoreVariables="false">
      <extensionElements>
        <modeler:editor-resource-id><![CDATA[sid-473ED7FD-CAC9-44BC-94EB-5FBC6FCBBE07]]></modeler:editor-resource-id>
      </extensionElements>
      <script><![CDATA[def objid = execution.getVariable('cs_objID');
objid = objid.reverse().drop(4).reverse();
execution.setVariable('cs_objID',objid);
println "doc var cs =" + rfi_cs]]></script>
    </scriptTask>
    <sequenceFlow id="sid-8D587FF4-2285-4A04-91E3-C6E3E02FB5D2" sourceRef="sid-910813C9-D4BF-40C8-ABDD-9022C9068333" targetRef="sid-473ED7FD-CAC9-44BC-94EB-5FBC6FCBBE07">
      <extensionElements>
        <modeler:editor-resource-id><![CDATA[sid-8D587FF4-2285-4A04-91E3-C6E3E02FB5D2]]></modeler:editor-resource-id>
      </extensionElements>
    </sequenceFlow>
    <sequenceFlow id="sid-7045DB1D-E06D-43BA-B5D4-964F8F9385CC" sourceRef="sid-84DC7676-BB7E-4D67-97AA-5F5F9FEA35BF" targetRef="sid-910813C9-D4BF-40C8-ABDD-9022C9068333">
      <extensionElements>
        <modeler:editor-resource-id><![CDATA[sid-7045DB1D-E06D-43BA-B5D4-964F8F9385CC]]></modeler:editor-resource-id>
      </extensionElements>
    </sequenceFlow>
    <sequenceFlow id="sid-20E5F1FF-6DC1-4ABB-AAD1-61B7FCDFE21B" sourceRef="sid-473ED7FD-CAC9-44BC-94EB-5FBC6FCBBE07" targetRef="sid-EAFA708B-9CCC-44B6-A6F9-F3267391111E">
      <extensionElements>
        <modeler:editor-resource-id><![CDATA[sid-20E5F1FF-6DC1-4ABB-AAD1-61B7FCDFE21B]]></modeler:editor-resource-id>
      </extensionElements>
    </sequenceFlow>
    <serviceTask id="sid-548A9201-8D3B-4707-BD0F-56B7ACAFBF02" name="Generate CP RFI" activiti:async="true" activiti:delegateExpression="${activiti_generateDocumentDelegate}">
      <extensionElements>
        <activiti:field name="outputFormat">
          <activiti:string><![CDATA[word]]></activiti:string>
        </activiti:field>
        <activiti:field name="templateId">
          <activiti:string><![CDATA[3011]]></activiti:string>
        </activiti:field>
        <activiti:field name="templateName">
          <activiti:string><![CDATA[RFI_CP_Template.docx]]></activiti:string>
        </activiti:field>
        <activiti:field name="fileName">
          <activiti:expression><![CDATA[${topic}_RFI_CP]]></activiti:expression>
        </activiti:field>
        <activiti:field name="variableName">
          <activiti:string><![CDATA[rfi_cp]]></activiti:string>
        </activiti:field>
        <modeler:executionvariables modeler:variableName="rfi_cp" modeler:variableType="document"/>
        <modeler:editor-resource-id><![CDATA[sid-548A9201-8D3B-4707-BD0F-56B7ACAFBF02]]></modeler:editor-resource-id>
      </extensionElements>
    </serviceTask>
    <serviceTask id="sid-DA3EDD5A-65AB-48A1-89E3-6B2425C20900" name="Publish CP to Alfresco" activiti:async="true" activiti:delegateExpression="${activiti_publishAlfrescoDelegate}">
      <extensionElements>
        <activiti:field name="contentSource">
          <activiti:string><![CDATA[field]]></activiti:string>
        </activiti:field>
        <activiti:field name="metaDataMapping">
          <activiti:string><![CDATA[[{"fileProperty":"rfi:rfinumber","propertyType":"string","propertyValueType":"variable","processVariable":{"id":"myRef","name":"myRef","type":"string"}},{"fileProperty":"rfi:rfistatus","propertyType":"string","propertyValueType":"variable","processVariable":{"id":"rfistatus","name":"rfistatus","type":"string"}},{"fileProperty":"rfi:rfitopic","propertyType":"string","propertyValueType":"field","formField":{"id":"topic","name":"Topic","type":"text"}},{"fileProperty":"cm:title","propertyType":"string","propertyValueType":"variable","processVariable":{"id":"myRef","name":"myRef","type":"string"}}]]]></activiti:string>
        </activiti:field>
        <activiti:field name="documentType">
          <activiti:string><![CDATA[cmis:document]]></activiti:string>
        </activiti:field>
        <activiti:field name="documentAspects">
          <activiti:string><![CDATA[[{"aspectName":"cm:titled"},{"aspectName":"rfi:rfi"}]]]></activiti:string>
        </activiti:field>
        <activiti:field name="account">
          <activiti:string><![CDATA[alfresco-1-alfresco-1]]></activiti:string>
        </activiti:field>
        <activiti:field name="site">
          <activiti:string><![CDATA[rfx]]></activiti:string>
        </activiti:field>
        <activiti:field name="publishAsType">
          <activiti:string><![CDATA[process_initiator]]></activiti:string>
        </activiti:field>
        <activiti:field name="path">
          <activiti:string><![CDATA[3c2a8882-2d21-40dc-989a-24b797f925c4]]></activiti:string>
        </activiti:field>
        <activiti:field name="createFolder">
          <activiti:expression><![CDATA[${topic}]]></activiti:expression>
        </activiti:field>
        <activiti:field name="contentContainer">
          <activiti:string><![CDATA[rfi_cp]]></activiti:string>
        </activiti:field>
        <modeler:publish-task-type><![CDATA[alfresco]]></modeler:publish-task-type>
        <modeler:site_title><![CDATA[RFx]]></modeler:site_title>
        <modeler:path_title><![CDATA[documentLibrary > RFI]]></modeler:path_title>
        <modeler:editor-resource-id><![CDATA[sid-DA3EDD5A-65AB-48A1-89E3-6B2425C20900]]></modeler:editor-resource-id>
      </extensionElements>
    </serviceTask>
    <sequenceFlow id="sid-3513DF69-D41B-4E3E-A5E0-ED3CEA12BA48" sourceRef="sid-548A9201-8D3B-4707-BD0F-56B7ACAFBF02" targetRef="sid-DA3EDD5A-65AB-48A1-89E3-6B2425C20900">
      <extensionElements>
        <modeler:editor-resource-id><![CDATA[sid-3513DF69-D41B-4E3E-A5E0-ED3CEA12BA48]]></modeler:editor-resource-id>
      </extensionElements>
    </sequenceFlow>
    <serviceTask id="sid-F5193A72-765C-4777-ACE2-8181D5CE269B" name="Get CP Alf Props" activiti:async="true" activiti:delegateExpression="${activiti_alfrescoGetMetadataDelegate}">
      <extensionElements>
        <activiti:field name="inputSourceField">
          <activiti:string><![CDATA[rfi_cp]]></activiti:string>
        </activiti:field>
        <activiti:field name="publishAsType">
          <activiti:string><![CDATA[process_initiator]]></activiti:string>
        </activiti:field>
        <modeler:metaDataMapping modeler:propertyValueType="variable" modeler:propertyType="string" modeler:processVariable="cp_objID" modeler:fileProperty="cmis:objectId"/>
        <modeler:editor-resource-id><![CDATA[sid-F5193A72-765C-4777-ACE2-8181D5CE269B]]></modeler:editor-resource-id>
      </extensionElements>
    </serviceTask>
    <scriptTask id="sid-DB439614-F016-44C4-8342-20407406BEBC" name="Cleanup CP Link" scriptFormat="groovy" activiti:autoStoreVariables="false">
      <extensionElements>
        <modeler:editor-resource-id><![CDATA[sid-DB439614-F016-44C4-8342-20407406BEBC]]></modeler:editor-resource-id>
      </extensionElements>
      <script><![CDATA[def objid = execution.getVariable('cp_objID');
objid = objid.reverse().drop(4).reverse();
execution.setVariable('cp_objID',objid);
println "doc var cp =" + rfi_cp]]></script>
    </scriptTask>
    <sequenceFlow id="sid-21A668F9-60A8-4175-BAA3-993F16C4DB5F" sourceRef="sid-DA3EDD5A-65AB-48A1-89E3-6B2425C20900" targetRef="sid-F5193A72-765C-4777-ACE2-8181D5CE269B">
      <extensionElements>
        <modeler:editor-resource-id><![CDATA[sid-21A668F9-60A8-4175-BAA3-993F16C4DB5F]]></modeler:editor-resource-id>
      </extensionElements>
    </sequenceFlow>
    <serviceTask id="sid-7E86B57A-632D-4A70-A631-6B6F1837802F" name="Generate CT RFI" activiti:async="true" activiti:delegateExpression="${activiti_generateDocumentDelegate}">
      <extensionElements>
        <activiti:field name="outputFormat">
          <activiti:string><![CDATA[word]]></activiti:string>
        </activiti:field>
        <activiti:field name="templateId">
          <activiti:string><![CDATA[3013]]></activiti:string>
        </activiti:field>
        <activiti:field name="templateName">
          <activiti:string><![CDATA[RFI_CT_Template.docx]]></activiti:string>
        </activiti:field>
        <activiti:field name="fileName">
          <activiti:expression><![CDATA[${topic}_RFI_CT]]></activiti:expression>
        </activiti:field>
        <activiti:field name="variableName">
          <activiti:string><![CDATA[rfi_ct]]></activiti:string>
        </activiti:field>
        <modeler:executionvariables modeler:variableName="rfi_ct" modeler:variableType="document"/>
        <modeler:editor-resource-id><![CDATA[sid-7E86B57A-632D-4A70-A631-6B6F1837802F]]></modeler:editor-resource-id>
      </extensionElements>
    </serviceTask>
    <serviceTask id="sid-3BD38208-5B64-4D6F-A591-1E352B8C2C3D" name="Publish CT to Alfresco" activiti:async="true" activiti:delegateExpression="${activiti_publishAlfrescoDelegate}">
      <extensionElements>
        <activiti:field name="contentSource">
          <activiti:string><![CDATA[field]]></activiti:string>
        </activiti:field>
        <activiti:field name="metaDataMapping">
          <activiti:string><![CDATA[[{"fileProperty":"rfi:rfinumber","propertyType":"string","propertyValueType":"variable","processVariable":{"id":"myRef","name":"myRef","type":"string"}},{"fileProperty":"rfi:rfistatus","propertyType":"string","propertyValueType":"variable","processVariable":{"id":"rfistatus","name":"rfistatus","type":"string"}},{"fileProperty":"rfi:rfitopic","propertyType":"string","propertyValueType":"field","formField":{"id":"topic","name":"Topic","type":"text"}},{"fileProperty":"cm:title","propertyType":"string","propertyValueType":"variable","processVariable":{"id":"myRef","name":"myRef","type":"string"}}]]]></activiti:string>
        </activiti:field>
        <activiti:field name="documentType">
          <activiti:string><![CDATA[cmis:document]]></activiti:string>
        </activiti:field>
        <activiti:field name="documentAspects">
          <activiti:string><![CDATA[[{"aspectName":"cm:titled"},{"aspectName":"rfi:rfi"}]]]></activiti:string>
        </activiti:field>
        <activiti:field name="account">
          <activiti:string><![CDATA[alfresco-1-alfresco-1]]></activiti:string>
        </activiti:field>
        <activiti:field name="site">
          <activiti:string><![CDATA[rfx]]></activiti:string>
        </activiti:field>
        <activiti:field name="publishAsType">
          <activiti:string><![CDATA[process_initiator]]></activiti:string>
        </activiti:field>
        <activiti:field name="path">
          <activiti:string><![CDATA[3c2a8882-2d21-40dc-989a-24b797f925c4]]></activiti:string>
        </activiti:field>
        <activiti:field name="createFolder">
          <activiti:expression><![CDATA[${topic}]]></activiti:expression>
        </activiti:field>
        <activiti:field name="contentContainer">
          <activiti:string><![CDATA[rfi_ct]]></activiti:string>
        </activiti:field>
        <modeler:publish-task-type><![CDATA[alfresco]]></modeler:publish-task-type>
        <modeler:site_title><![CDATA[RFx]]></modeler:site_title>
        <modeler:path_title><![CDATA[documentLibrary > RFI]]></modeler:path_title>
        <modeler:editor-resource-id><![CDATA[sid-3BD38208-5B64-4D6F-A591-1E352B8C2C3D]]></modeler:editor-resource-id>
      </extensionElements>
    </serviceTask>
    <sequenceFlow id="sid-EA33E3CF-53BF-49A7-B017-D1E4AF40F17A" sourceRef="sid-7E86B57A-632D-4A70-A631-6B6F1837802F" targetRef="sid-3BD38208-5B64-4D6F-A591-1E352B8C2C3D">
      <extensionElements>
        <modeler:editor-resource-id><![CDATA[sid-EA33E3CF-53BF-49A7-B017-D1E4AF40F17A]]></modeler:editor-resource-id>
      </extensionElements>
    </sequenceFlow>
    <serviceTask id="sid-2A8A5F6F-268E-4667-8AF2-69E6AF6E84A6" name="Get CT Alf Props" activiti:async="true" activiti:delegateExpression="${activiti_alfrescoGetMetadataDelegate}">
      <extensionElements>
        <activiti:field name="inputSourceField">
          <activiti:string><![CDATA[rfi_ct]]></activiti:string>
        </activiti:field>
        <activiti:field name="publishAsType">
          <activiti:string><![CDATA[process_initiator]]></activiti:string>
        </activiti:field>
        <modeler:metaDataMapping modeler:propertyValueType="variable" modeler:propertyType="string" modeler:processVariable="ct_objID" modeler:fileProperty="cmis:objectId"/>
        <modeler:editor-resource-id><![CDATA[sid-2A8A5F6F-268E-4667-8AF2-69E6AF6E84A6]]></modeler:editor-resource-id>
      </extensionElements>
    </serviceTask>
    <scriptTask id="sid-CAEBEC80-B526-4EF1-965B-BADE8A028958" name="Cleanup CT Link" scriptFormat="groovy" activiti:autoStoreVariables="false">
      <extensionElements>
        <modeler:editor-resource-id><![CDATA[sid-CAEBEC80-B526-4EF1-965B-BADE8A028958]]></modeler:editor-resource-id>
      </extensionElements>
      <script><![CDATA[def objid = execution.getVariable('ct_objID');
objid = objid.reverse().drop(4).reverse();
execution.setVariable('ct_objID',objid);
println "doc var ct =" + rfi_ct]]></script>
    </scriptTask>
    <sequenceFlow id="sid-E1EDB88F-6880-4B7A-9F8F-9A8EDDD060A9" sourceRef="sid-2A8A5F6F-268E-4667-8AF2-69E6AF6E84A6" targetRef="sid-CAEBEC80-B526-4EF1-965B-BADE8A028958">
      <extensionElements>
        <modeler:editor-resource-id><![CDATA[sid-E1EDB88F-6880-4B7A-9F8F-9A8EDDD060A9]]></modeler:editor-resource-id>
      </extensionElements>
    </sequenceFlow>
    <sequenceFlow id="sid-8A35DD68-E8E2-4A71-96AE-F94821158074" sourceRef="sid-3BD38208-5B64-4D6F-A591-1E352B8C2C3D" targetRef="sid-2A8A5F6F-268E-4667-8AF2-69E6AF6E84A6">
      <extensionElements>
        <modeler:editor-resource-id><![CDATA[sid-8A35DD68-E8E2-4A71-96AE-F94821158074]]></modeler:editor-resource-id>
      </extensionElements>
    </sequenceFlow>
    <sequenceFlow id="sid-BC1FA3BD-4C79-4659-AE61-2C2A1078FCF5" sourceRef="sid-A6A985AC-BAA4-48A9-9434-5E3F5CFDA0DA" targetRef="sid-7E86B57A-632D-4A70-A631-6B6F1837802F">
      <extensionElements>
        <modeler:conditionDefinition modeler:index="0" modeler:leftFormFieldId="counterterrorism" modeler:rightValue="true" modeler:operator="=="/>
        <modeler:editor-resource-id><![CDATA[sid-BC1FA3BD-4C79-4659-AE61-2C2A1078FCF5]]></modeler:editor-resource-id>
      </extensionElements>
      <conditionExpression xsi:type="tFormalExpression"><![CDATA[${(activiti_flowConditionsBean.exists(execution, 'counterterrorism') && counterterrorism == true)}]]></conditionExpression>
    </sequenceFlow>
    <sequenceFlow id="sid-3B3F6781-B3A6-4494-86BD-E006C6E6243F" sourceRef="sid-CAEBEC80-B526-4EF1-965B-BADE8A028958" targetRef="sid-80F96554-A288-4E9C-AC11-C111544940C6">
      <extensionElements>
        <modeler:editor-resource-id><![CDATA[sid-3B3F6781-B3A6-4494-86BD-E006C6E6243F]]></modeler:editor-resource-id>
      </extensionElements>
    </sequenceFlow>
    <sequenceFlow id="sid-FF79A58E-8A4E-4777-96A9-008E7D68F6F2" sourceRef="sid-A6A985AC-BAA4-48A9-9434-5E3F5CFDA0DA" targetRef="sid-E8B701E4-7C24-4488-A979-FB941D7F7465">
      <extensionElements>
        <modeler:conditionDefinition modeler:index="0" modeler:leftFormFieldId="cybersecurity" modeler:rightValue="true" modeler:operator="=="/>
        <modeler:editor-resource-id><![CDATA[sid-FF79A58E-8A4E-4777-96A9-008E7D68F6F2]]></modeler:editor-resource-id>
      </extensionElements>
      <conditionExpression xsi:type="tFormalExpression"><![CDATA[${(activiti_flowConditionsBean.exists(execution, 'cybersecurity') && cybersecurity == true)}]]></conditionExpression>
    </sequenceFlow>
    <sequenceFlow id="sid-16FB1133-86C5-4356-80DA-DE0BC55C1776" sourceRef="sid-F5193A72-765C-4777-ACE2-8181D5CE269B" targetRef="sid-DB439614-F016-44C4-8342-20407406BEBC">
      <extensionElements>
        <modeler:editor-resource-id><![CDATA[sid-16FB1133-86C5-4356-80DA-DE0BC55C1776]]></modeler:editor-resource-id>
      </extensionElements>
    </sequenceFlow>
    <sequenceFlow id="sid-067DD64F-1161-4F48-802E-390EE3E067FA" sourceRef="sid-DB439614-F016-44C4-8342-20407406BEBC" targetRef="sid-230EC404-F01C-4723-8724-062A14C37EFC">
      <extensionElements>
        <modeler:editor-resource-id><![CDATA[sid-067DD64F-1161-4F48-802E-390EE3E067FA]]></modeler:editor-resource-id>
      </extensionElements>
    </sequenceFlow>
    <endEvent id="sid-AF1F8F2B-4BF8-481C-9830-DFB67D675846">
      <extensionElements>
        <modeler:editor-resource-id><![CDATA[sid-AF1F8F2B-4BF8-481C-9830-DFB67D675846]]></modeler:editor-resource-id>
      </extensionElements>
    </endEvent>
    <sequenceFlow id="sid-9734167B-D7E7-488E-AB3D-D3A7B0A1E001" sourceRef="sid-12182CAE-8C18-40CF-8214-87A2F9E7DCEF" targetRef="sid-AF1F8F2B-4BF8-481C-9830-DFB67D675846">
      <extensionElements>
        <modeler:editor-resource-id><![CDATA[sid-9734167B-D7E7-488E-AB3D-D3A7B0A1E001]]></modeler:editor-resource-id>
      </extensionElements>
    </sequenceFlow>
    <sequenceFlow id="sid-E4535A5D-4A19-413F-9530-F87239B620F3" sourceRef="sid-792AB6A4-095D-4087-9D3A-C9F63BC9AEAD" targetRef="sid-12182CAE-8C18-40CF-8214-87A2F9E7DCEF">
      <extensionElements>
        <modeler:editor-resource-id><![CDATA[sid-E4535A5D-4A19-413F-9530-F87239B620F3]]></modeler:editor-resource-id>
      </extensionElements>
    </sequenceFlow>
    <sequenceFlow id="sid-B2866033-C8D8-4CF4-9819-B769E6BF21E1" sourceRef="sid-C1E67487-68D8-4AA8-A6F1-F82B38BE0BE5" targetRef="sid-B4045F47-A041-4E42-BD0C-DF70CE23D527">
      <extensionElements>
        <modeler:editor-resource-id><![CDATA[sid-B2866033-C8D8-4CF4-9819-B769E6BF21E1]]></modeler:editor-resource-id>
      </extensionElements>
    </sequenceFlow>
    <serviceTask id="sid-032181C1-7CD1-4173-A5B7-411522B05B62" name="Publish to Alfresco" activiti:async="true" activiti:delegateExpression="${activiti_publishAlfrescoDelegate}">
      <extensionElements>
        <activiti:field name="contentSource">
          <activiti:string><![CDATA[field]]></activiti:string>
        </activiti:field>
        <activiti:field name="metaDataMapping">
          <activiti:string><![CDATA[[{"fileProperty":"rfi:rfinumber","propertyType":"string","propertyValueType":"variable","processVariable":{"id":"myRef","name":"myRef","type":"string"}},{"fileProperty":"rfi:rfitopic","propertyType":"string","propertyValueType":"field","formField":{"id":"topic","name":"Topic","type":"text"}},{"fileProperty":"rfi:rfistatus","propertyType":"string","propertyValueType":"variable","processVariable":{"id":"rfistatus","name":"rfistatus","type":"string"}},{"fileProperty":"cm:title","propertyType":"string","propertyValueType":"variable","processVariable":{"id":"myRef","name":"myRef","type":"string"}}]]]></activiti:string>
        </activiti:field>
        <activiti:field name="documentType">
          <activiti:string><![CDATA[cmis:document]]></activiti:string>
        </activiti:field>
        <activiti:field name="documentAspects">
          <activiti:string><![CDATA[[{"aspectName":"cm:titled"},{"aspectName":"rfi:rfi"}]]]></activiti:string>
        </activiti:field>
        <activiti:field name="account">
          <activiti:string><![CDATA[alfresco-1-alfresco-1]]></activiti:string>
        </activiti:field>
        <activiti:field name="site">
          <activiti:string><![CDATA[rfx]]></activiti:string>
        </activiti:field>
        <activiti:field name="publishAsType">
          <activiti:string><![CDATA[process_initiator]]></activiti:string>
        </activiti:field>
        <activiti:field name="path">
          <activiti:string><![CDATA[3c2a8882-2d21-40dc-989a-24b797f925c4]]></activiti:string>
        </activiti:field>
        <activiti:field name="createFolder">
          <activiti:expression><![CDATA[${topic}]]></activiti:expression>
        </activiti:field>
        <activiti:field name="contentContainer">
          <activiti:string><![CDATA[rfi]]></activiti:string>
        </activiti:field>
        <modeler:publish-task-type><![CDATA[alfresco]]></modeler:publish-task-type>
        <modeler:site_title><![CDATA[RFx]]></modeler:site_title>
        <modeler:path_title><![CDATA[documentLibrary > RFI]]></modeler:path_title>
        <modeler:editor-resource-id><![CDATA[sid-032181C1-7CD1-4173-A5B7-411522B05B62]]></modeler:editor-resource-id>
      </extensionElements>
    </serviceTask>
    <sequenceFlow id="sid-9BE11923-A057-4E1A-A46B-EDF9AAD2E446" sourceRef="sid-B4045F47-A041-4E42-BD0C-DF70CE23D527" targetRef="sid-032181C1-7CD1-4173-A5B7-411522B05B62">
      <extensionElements>
        <modeler:editor-resource-id><![CDATA[sid-9BE11923-A057-4E1A-A46B-EDF9AAD2E446]]></modeler:editor-resource-id>
      </extensionElements>
    </sequenceFlow>
    <sequenceFlow id="sid-8FBFB400-AC5C-4F44-807A-59A280787E14" sourceRef="sid-032181C1-7CD1-4173-A5B7-411522B05B62" targetRef="sid-D0970BD2-F563-4084-953D-03B2B865353B">
      <extensionElements>
        <modeler:editor-resource-id><![CDATA[sid-8FBFB400-AC5C-4F44-807A-59A280787E14]]></modeler:editor-resource-id>
      </extensionElements>
    </sequenceFlow>
    <exclusiveGateway id="sid-F8DC688B-930E-4E9B-AA37-C225C7327948">
      <extensionElements>
        <modeler:editor-resource-id><![CDATA[sid-F8DC688B-930E-4E9B-AA37-C225C7327948]]></modeler:editor-resource-id>
      </extensionElements>
    </exclusiveGateway>
    <sequenceFlow id="sid-D98E6964-016C-468D-92C0-81133E94ED59" sourceRef="sid-D0970BD2-F563-4084-953D-03B2B865353B" targetRef="sid-F8DC688B-930E-4E9B-AA37-C225C7327948">
      <extensionElements>
        <modeler:editor-resource-id><![CDATA[sid-D98E6964-016C-468D-92C0-81133E94ED59]]></modeler:editor-resource-id>
      </extensionElements>
    </sequenceFlow>
    <inclusiveGateway id="sid-02B8EF61-ABCC-480A-A744-DE016550D1CB" name="Rejected by Contracts and Legal">
      <extensionElements>
        <modeler:editor-resource-id><![CDATA[sid-02B8EF61-ABCC-480A-A744-DE016550D1CB]]></modeler:editor-resource-id>
      </extensionElements>
    </inclusiveGateway>
    <serviceTask id="sid-0203411B-1496-4362-8121-A069BBC23BED" name="Notify Initiator of Cancellation" activiti:type="mail">
      <extensionElements>
        <activiti:field name="to">
          <activiti:expression><![CDATA[${emailBean.getProcessInitiator(execution)}]]></activiti:expression>
        </activiti:field>
        <activiti:field name="from">
          <activiti:string><![CDATA[demo@example.com]]></activiti:string>
        </activiti:field>
        <activiti:field name="subject">
          <activiti:string><![CDATA[Your RFI has been generated]]></activiti:string>
        </activiti:field>
        <activiti:field name="text">
          <activiti:string><![CDATA[Your RFI has been generated. ]]></activiti:string>
        </activiti:field>
        <modeler:mail-to-initiator><![CDATA[true]]></modeler:mail-to-initiator>
        <modeler:editor-resource-id><![CDATA[sid-0203411B-1496-4362-8121-A069BBC23BED]]></modeler:editor-resource-id>
      </extensionElements>
    </serviceTask>
    <sequenceFlow id="sid-3D6A6DB1-34B6-440B-8DD5-418DF084D47A" name="Cancel" sourceRef="sid-F8DC688B-930E-4E9B-AA37-C225C7327948" targetRef="sid-0203411B-1496-4362-8121-A069BBC23BED">
      <extensionElements>
        <modeler:conditionDefinition modeler:index="0" modeler:outcomeFormId="4022" modeler:outcomeFormName="Contracts RFI Input Form" modeler:rightOutcomeName="Cancel" modeler:operator="=="/>
        <modeler:editor-resource-id><![CDATA[sid-3D6A6DB1-34B6-440B-8DD5-418DF084D47A]]></modeler:editor-resource-id>
      </extensionElements>
      <conditionExpression xsi:type="tFormalExpression"><![CDATA[${(activiti_flowConditionsBean.exists(execution, 'form4022outcome') && form4022outcome == 'Cancel')}]]></conditionExpression>
    </sequenceFlow>
    <sequenceFlow id="sid-DF21AE41-71E6-41BD-AC86-E4D68D2AE194" name="Reject" sourceRef="sid-F8DC688B-930E-4E9B-AA37-C225C7327948" targetRef="sid-02B8EF61-ABCC-480A-A744-DE016550D1CB">
      <extensionElements>
        <modeler:conditionDefinition modeler:index="0" modeler:outcomeFormId="4022" modeler:outcomeFormName="Contracts RFI Input Form" modeler:rightOutcomeName="Reject" modeler:operator="=="/>
        <modeler:editor-resource-id><![CDATA[sid-DF21AE41-71E6-41BD-AC86-E4D68D2AE194]]></modeler:editor-resource-id>
      </extensionElements>
      <conditionExpression xsi:type="tFormalExpression"><![CDATA[${(activiti_flowConditionsBean.exists(execution, 'form4022outcome') && form4022outcome == 'Reject')}]]></conditionExpression>
    </sequenceFlow>
    <endEvent id="sid-A19D26BF-D3EF-4DD7-A7BD-075BEF3A8079">
      <extensionElements>
        <modeler:editor-resource-id><![CDATA[sid-A19D26BF-D3EF-4DD7-A7BD-075BEF3A8079]]></modeler:editor-resource-id>
      </extensionElements>
    </endEvent>
    <sequenceFlow id="sid-19778B8F-6447-4E5B-8F95-3CED55684C02" sourceRef="sid-0203411B-1496-4362-8121-A069BBC23BED" targetRef="sid-A19D26BF-D3EF-4DD7-A7BD-075BEF3A8079">
      <extensionElements>
        <modeler:editor-resource-id><![CDATA[sid-19778B8F-6447-4E5B-8F95-3CED55684C02]]></modeler:editor-resource-id>
      </extensionElements>
    </sequenceFlow>
    <sequenceFlow id="sid-2185CA6B-EB6B-4197-BCA2-43235E609FA9" name="Approve" sourceRef="sid-F8DC688B-930E-4E9B-AA37-C225C7327948" targetRef="sid-99C4BFE8-6C19-4B2F-8846-AAFC7F719C99">
      <extensionElements>
        <modeler:conditionDefinition modeler:index="0" modeler:outcomeFormId="4022" modeler:outcomeFormName="Contracts RFI Input Form" modeler:rightOutcomeName="Approve" modeler:operator="=="/>
        <modeler:editor-resource-id><![CDATA[sid-2185CA6B-EB6B-4197-BCA2-43235E609FA9]]></modeler:editor-resource-id>
      </extensionElements>
      <conditionExpression xsi:type="tFormalExpression"><![CDATA[${(activiti_flowConditionsBean.exists(execution, 'form4022outcome') && form4022outcome == 'Approve')}]]></conditionExpression>
    </sequenceFlow>
    <scriptTask id="sid-572CC338-50B1-42A0-9E7C-DCE6D3EB370A" name="Change Status" scriptFormat="groovy" activiti:autoStoreVariables="false">
      <extensionElements>
        <modeler:editor-resource-id><![CDATA[sid-572CC338-50B1-42A0-9E7C-DCE6D3EB370A]]></modeler:editor-resource-id>
      </extensionElements>
      <script><![CDATA[execution.setVariable('rfistatus','Final');
]]></script>
    </scriptTask>
    <sequenceFlow id="sid-418F4D07-CEE4-491A-91B0-E4DFF230EC38" sourceRef="sid-572CC338-50B1-42A0-9E7C-DCE6D3EB370A" targetRef="sid-792AB6A4-095D-4087-9D3A-C9F63BC9AEAD">
      <extensionElements>
        <modeler:editor-resource-id><![CDATA[sid-418F4D07-CEE4-491A-91B0-E4DFF230EC38]]></modeler:editor-resource-id>
      </extensionElements>
    </sequenceFlow>
    <sequenceFlow id="sid-3F326AF4-797B-4E42-B7AE-014D4ADD4734" sourceRef="sid-99C4BFE8-6C19-4B2F-8846-AAFC7F719C99" targetRef="sid-572CC338-50B1-42A0-9E7C-DCE6D3EB370A">
      <extensionElements>
        <modeler:editor-resource-id><![CDATA[sid-3F326AF4-797B-4E42-B7AE-014D4ADD4734]]></modeler:editor-resource-id>
      </extensionElements>
    </sequenceFlow>
    <sequenceFlow id="sid-EB2B4DCD-570D-4650-8BB4-9B359C209A55" sourceRef="sid-02B8EF61-ABCC-480A-A744-DE016550D1CB" targetRef="sid-80F96554-A288-4E9C-AC11-C111544940C6">
      <extensionElements>
        <modeler:conditionDefinition modeler:index="0" modeler:leftFormFieldId="counterterrorism" modeler:rightValue="true" modeler:operator="=="/>
        <modeler:editor-resource-id><![CDATA[sid-EB2B4DCD-570D-4650-8BB4-9B359C209A55]]></modeler:editor-resource-id>
      </extensionElements>
      <conditionExpression xsi:type="tFormalExpression"><![CDATA[${(activiti_flowConditionsBean.exists(execution, 'counterterrorism') && counterterrorism == true)}]]></conditionExpression>
    </sequenceFlow>
    <sequenceFlow id="sid-E4E0E83E-4095-4E37-8B92-34A98ABA7031" sourceRef="sid-02B8EF61-ABCC-480A-A744-DE016550D1CB" targetRef="sid-EAFA708B-9CCC-44B6-A6F9-F3267391111E">
      <extensionElements>
        <modeler:conditionDefinition modeler:index="0" modeler:leftFormFieldId="cybersecurity" modeler:rightValue="true" modeler:operator="=="/>
        <modeler:editor-resource-id><![CDATA[sid-E4E0E83E-4095-4E37-8B92-34A98ABA7031]]></modeler:editor-resource-id>
      </extensionElements>
      <conditionExpression xsi:type="tFormalExpression"><![CDATA[${(activiti_flowConditionsBean.exists(execution, 'cybersecurity') && cybersecurity == true)}]]></conditionExpression>
    </sequenceFlow>
    <sequenceFlow id="sid-EBEA2764-69EB-4179-95D2-B4EC6C13F5B2" sourceRef="sid-02B8EF61-ABCC-480A-A744-DE016550D1CB" targetRef="sid-230EC404-F01C-4723-8724-062A14C37EFC">
      <extensionElements>
        <modeler:conditionDefinition modeler:index="0" modeler:leftFormFieldId="counterproliferation" modeler:rightValue="true" modeler:operator="=="/>
        <modeler:editor-resource-id><![CDATA[sid-EBEA2764-69EB-4179-95D2-B4EC6C13F5B2]]></modeler:editor-resource-id>
      </extensionElements>
      <conditionExpression xsi:type="tFormalExpression"><![CDATA[${(activiti_flowConditionsBean.exists(execution, 'counterproliferation') && counterproliferation == true)}]]></conditionExpression>
    </sequenceFlow>
    <sequenceFlow id="sid-151F8968-47BD-4FD7-8E70-093C6B82397A" sourceRef="sid-02B8EF61-ABCC-480A-A744-DE016550D1CB" targetRef="sid-328647FA-E171-4F73-9159-31178E73C7A0">
      <extensionElements>
        <modeler:conditionDefinition modeler:index="0" modeler:leftFormFieldId="counterintelligence" modeler:rightValue="true" modeler:operator="=="/>
        <modeler:editor-resource-id><![CDATA[sid-151F8968-47BD-4FD7-8E70-093C6B82397A]]></modeler:editor-resource-id>
      </extensionElements>
      <conditionExpression xsi:type="tFormalExpression"><![CDATA[${(activiti_flowConditionsBean.exists(execution, 'counterintelligence') && counterintelligence == true)}]]></conditionExpression>
    </sequenceFlow>
  </process>
  <bpmndi:BPMNDiagram id="BPMNDiagram_RFI">
    <bpmndi:BPMNPlane bpmnElement="RFI" id="BPMNPlane_RFI">
      <bpmndi:BPMNShape bpmnElement="startEvent1" id="BPMNShape_startEvent1">
        <omgdc:Bounds height="30.0" width="30.0" x="15.0" y="240.0"/>
      </bpmndi:BPMNShape>
      <bpmndi:BPMNShape bpmnElement="sid-EAFA708B-9CCC-44B6-A6F9-F3267391111E" id="BPMNShape_sid-EAFA708B-9CCC-44B6-A6F9-F3267391111E">
        <omgdc:Bounds height="86.0" width="107.99999999999989" x="555.0" y="45.0"/>
      </bpmndi:BPMNShape>
      <bpmndi:BPMNShape bpmnElement="sid-80F96554-A288-4E9C-AC11-C111544940C6" id="BPMNShape_sid-80F96554-A288-4E9C-AC11-C111544940C6">
        <omgdc:Bounds height="88.0" width="106.99999999999989" x="555.0" y="165.0"/>
      </bpmndi:BPMNShape>
      <bpmndi:BPMNShape bpmnElement="sid-230EC404-F01C-4723-8724-062A14C37EFC" id="BPMNShape_sid-230EC404-F01C-4723-8724-062A14C37EFC">
        <omgdc:Bounds height="89.0" width="109.99999999999989" x="560.0" y="276.0"/>
      </bpmndi:BPMNShape>
      <bpmndi:BPMNShape bpmnElement="sid-328647FA-E171-4F73-9159-31178E73C7A0" id="BPMNShape_sid-328647FA-E171-4F73-9159-31178E73C7A0">
        <omgdc:Bounds height="91.0" width="107.99999999999989" x="562.0000000000001" y="394.0"/>
      </bpmndi:BPMNShape>
      <bpmndi:BPMNShape bpmnElement="sid-D0970BD2-F563-4084-953D-03B2B865353B" id="BPMNShape_sid-D0970BD2-F563-4084-953D-03B2B865353B">
        <omgdc:Bounds height="102.0" width="125.0" x="975.0" y="315.0"/>
      </bpmndi:BPMNShape>
      <bpmndi:BPMNShape bpmnElement="sid-B4045F47-A041-4E42-BD0C-DF70CE23D527" id="BPMNShape_sid-B4045F47-A041-4E42-BD0C-DF70CE23D527">
        <omgdc:Bounds height="40.0" width="50.0" x="840.0" y="353.5"/>
      </bpmndi:BPMNShape>
      <bpmndi:BPMNShape bpmnElement="sid-792AB6A4-095D-4087-9D3A-C9F63BC9AEAD" id="BPMNShape_sid-792AB6A4-095D-4087-9D3A-C9F63BC9AEAD">
        <omgdc:Bounds height="40.0" width="50.0" x="1365.0" y="354.87438709674996"/>
      </bpmndi:BPMNShape>
      <bpmndi:BPMNShape bpmnElement="sid-12182CAE-8C18-40CF-8214-87A2F9E7DCEF" id="BPMNShape_sid-12182CAE-8C18-40CF-8214-87A2F9E7DCEF">
        <omgdc:Bounds height="85.0" width="117.0" x="1440.0" y="334.87438709674996"/>
      </bpmndi:BPMNShape>
      <bpmndi:BPMNShape bpmnElement="sid-7E81C114-F7B6-455F-94A4-937811EA5346" id="BPMNShape_sid-7E81C114-F7B6-455F-94A4-937811EA5346">
        <omgdc:Bounds height="40.0" width="50.0" x="75.0" y="240.0"/>
      </bpmndi:BPMNShape>
      <bpmndi:BPMNShape bpmnElement="sid-A6A985AC-BAA4-48A9-9434-5E3F5CFDA0DA" id="BPMNShape_sid-A6A985AC-BAA4-48A9-9434-5E3F5CFDA0DA">
        <omgdc:Bounds height="40.0" width="40.0" x="150.0" y="246.0"/>
      </bpmndi:BPMNShape>
      <bpmndi:BPMNShape bpmnElement="sid-C1E67487-68D8-4AA8-A6F1-F82B38BE0BE5" id="BPMNShape_sid-C1E67487-68D8-4AA8-A6F1-F82B38BE0BE5">
        <omgdc:Bounds height="40.0" width="40.0" x="768.5" y="356.0"/>
      </bpmndi:BPMNShape>
      <bpmndi:BPMNShape bpmnElement="sid-DDC831A4-9BC0-4B94-B8B6-B0DF673C615D" id="BPMNShape_sid-DDC831A4-9BC0-4B94-B8B6-B0DF673C615D">
        <omgdc:Bounds height="40.0" width="50.0" x="240.0" y="370.95812903225"/>
      </bpmndi:BPMNShape>
      <bpmndi:BPMNShape bpmnElement="sid-41F88044-38A0-4D4F-8DB0-961FDE778942" id="BPMNShape_sid-41F88044-38A0-4D4F-8DB0-961FDE778942">
        <omgdc:Bounds height="40.0" width="50.0" x="305.12109677399997" y="370.95812903225"/>
      </bpmndi:BPMNShape>
      <bpmndi:BPMNShape bpmnElement="sid-E4705A6E-CAB1-4E91-9FBB-5F87D32EB539" id="BPMNShape_sid-E4705A6E-CAB1-4E91-9FBB-5F87D32EB539">
        <omgdc:Bounds height="40.0" width="50.0" x="385.0" y="370.95812903225"/>
      </bpmndi:BPMNShape>
      <bpmndi:BPMNShape bpmnElement="sid-212EF4B4-6DAB-44B7-B73E-6717DAAC7273" id="BPMNShape_sid-212EF4B4-6DAB-44B7-B73E-6717DAAC7273">
        <omgdc:Bounds height="40.0" width="50.0" x="460.0" y="370.95812903225"/>
      </bpmndi:BPMNShape>
      <bpmndi:BPMNShape bpmnElement="sid-99C4BFE8-6C19-4B2F-8846-AAFC7F719C99" id="BPMNShape_sid-99C4BFE8-6C19-4B2F-8846-AAFC7F719C99">
        <omgdc:Bounds height="40.0" width="50.0" x="1240.0" y="356.0"/>
      </bpmndi:BPMNShape>
      <bpmndi:BPMNShape bpmnElement="sid-E8B701E4-7C24-4488-A979-FB941D7F7465" id="BPMNShape_sid-E8B701E4-7C24-4488-A979-FB941D7F7465">
        <omgdc:Bounds height="40.0" width="50.0" x="240.0" y="150.0"/>
      </bpmndi:BPMNShape>
      <bpmndi:BPMNShape bpmnElement="sid-84DC7676-BB7E-4D67-97AA-5F5F9FEA35BF" id="BPMNShape_sid-84DC7676-BB7E-4D67-97AA-5F5F9FEA35BF">
        <omgdc:Bounds height="40.0" width="50.0" x="305.12109677399997" y="150.0"/>
      </bpmndi:BPMNShape>
      <bpmndi:BPMNShape bpmnElement="sid-910813C9-D4BF-40C8-ABDD-9022C9068333" id="BPMNShape_sid-910813C9-D4BF-40C8-ABDD-9022C9068333">
        <omgdc:Bounds height="40.0" width="50.0" x="375.0" y="150.0"/>
      </bpmndi:BPMNShape>
      <bpmndi:BPMNShape bpmnElement="sid-473ED7FD-CAC9-44BC-94EB-5FBC6FCBBE07" id="BPMNShape_sid-473ED7FD-CAC9-44BC-94EB-5FBC6FCBBE07">
        <omgdc:Bounds height="40.0" width="50.0" x="450.0" y="150.0"/>
      </bpmndi:BPMNShape>
      <bpmndi:BPMNShape bpmnElement="sid-548A9201-8D3B-4707-BD0F-56B7ACAFBF02" id="BPMNShape_sid-548A9201-8D3B-4707-BD0F-56B7ACAFBF02">
        <omgdc:Bounds height="40.0" width="50.0" x="240.0" y="300.0"/>
      </bpmndi:BPMNShape>
      <bpmndi:BPMNShape bpmnElement="sid-DA3EDD5A-65AB-48A1-89E3-6B2425C20900" id="BPMNShape_sid-DA3EDD5A-65AB-48A1-89E3-6B2425C20900">
        <omgdc:Bounds height="40.0" width="50.0" x="305.12109677399997" y="300.0"/>
      </bpmndi:BPMNShape>
      <bpmndi:BPMNShape bpmnElement="sid-F5193A72-765C-4777-ACE2-8181D5CE269B" id="BPMNShape_sid-F5193A72-765C-4777-ACE2-8181D5CE269B">
        <omgdc:Bounds height="40.0" width="50.0" x="385.0" y="300.0"/>
      </bpmndi:BPMNShape>
      <bpmndi:BPMNShape bpmnElement="sid-DB439614-F016-44C4-8342-20407406BEBC" id="BPMNShape_sid-DB439614-F016-44C4-8342-20407406BEBC">
        <omgdc:Bounds height="40.0" width="50.0" x="460.0" y="300.0"/>
      </bpmndi:BPMNShape>
      <bpmndi:BPMNShape bpmnElement="sid-7E86B57A-632D-4A70-A631-6B6F1837802F" id="BPMNShape_sid-7E86B57A-632D-4A70-A631-6B6F1837802F">
        <omgdc:Bounds height="40.0" width="50.0" x="240.0" y="225.0"/>
      </bpmndi:BPMNShape>
      <bpmndi:BPMNShape bpmnElement="sid-3BD38208-5B64-4D6F-A591-1E352B8C2C3D" id="BPMNShape_sid-3BD38208-5B64-4D6F-A591-1E352B8C2C3D">
        <omgdc:Bounds height="40.0" width="50.0" x="305.12109677399997" y="225.0"/>
      </bpmndi:BPMNShape>
      <bpmndi:BPMNShape bpmnElement="sid-2A8A5F6F-268E-4667-8AF2-69E6AF6E84A6" id="BPMNShape_sid-2A8A5F6F-268E-4667-8AF2-69E6AF6E84A6">
        <omgdc:Bounds height="40.0" width="50.0" x="385.0" y="225.0"/>
      </bpmndi:BPMNShape>
      <bpmndi:BPMNShape bpmnElement="sid-CAEBEC80-B526-4EF1-965B-BADE8A028958" id="BPMNShape_sid-CAEBEC80-B526-4EF1-965B-BADE8A028958">
        <omgdc:Bounds height="40.0" width="50.0" x="460.0" y="225.0"/>
      </bpmndi:BPMNShape>
      <bpmndi:BPMNShape bpmnElement="sid-AF1F8F2B-4BF8-481C-9830-DFB67D675846" id="BPMNShape_sid-AF1F8F2B-4BF8-481C-9830-DFB67D675846">
        <omgdc:Bounds height="28.0" width="28.0" x="1575.0" y="359.5"/>
      </bpmndi:BPMNShape>
      <bpmndi:BPMNShape bpmnElement="sid-032181C1-7CD1-4173-A5B7-411522B05B62" id="BPMNShape_sid-032181C1-7CD1-4173-A5B7-411522B05B62">
        <omgdc:Bounds height="40.0" width="50.0" x="905.0" y="357.37438709674996"/>
      </bpmndi:BPMNShape>
      <bpmndi:BPMNShape bpmnElement="sid-F8DC688B-930E-4E9B-AA37-C225C7327948" id="BPMNShape_sid-F8DC688B-930E-4E9B-AA37-C225C7327948">
        <omgdc:Bounds height="40.0" width="40.0" x="1118.5" y="357.37438709674996"/>
      </bpmndi:BPMNShape>
      <bpmndi:BPMNShape bpmnElement="sid-02B8EF61-ABCC-480A-A744-DE016550D1CB" id="BPMNShape_sid-02B8EF61-ABCC-480A-A744-DE016550D1CB">
        <omgdc:Bounds height="40.0" width="40.0" x="768.5" y="125.0"/>
      </bpmndi:BPMNShape>
      <bpmndi:BPMNShape bpmnElement="sid-0203411B-1496-4362-8121-A069BBC23BED" id="BPMNShape_sid-0203411B-1496-4362-8121-A069BBC23BED">
        <omgdc:Bounds height="95.0" width="116.0" x="1080.5" y="465.0"/>
      </bpmndi:BPMNShape>
      <bpmndi:BPMNShape bpmnElement="sid-A19D26BF-D3EF-4DD7-A7BD-075BEF3A8079" id="BPMNShape_sid-A19D26BF-D3EF-4DD7-A7BD-075BEF3A8079">
        <omgdc:Bounds height="28.0" width="28.0" x="1251.0" y="498.5"/>
      </bpmndi:BPMNShape>
      <bpmndi:BPMNShape bpmnElement="sid-572CC338-50B1-42A0-9E7C-DCE6D3EB370A" id="BPMNShape_sid-572CC338-50B1-42A0-9E7C-DCE6D3EB370A">
        <omgdc:Bounds height="40.0" width="50.0" x="1305.0" y="357.37438709674996"/>
      </bpmndi:BPMNShape>
      <bpmndi:BPMNEdge bpmnElement="sid-20D87EB9-29EA-41E3-8BE2-4681F9D24B9B" id="BPMNEdge_sid-20D87EB9-29EA-41E3-8BE2-4681F9D24B9B">
        <omgdi:waypoint x="510.0" y="400.22184486579005"/>
        <omgdi:waypoint x="562.0000000000001" y="419.4903737995535"/>
      </bpmndi:BPMNEdge>
      <bpmndi:BPMNEdge bpmnElement="sid-2185CA6B-EB6B-4197-BCA2-43235E609FA9" id="BPMNEdge_sid-2185CA6B-EB6B-4197-BCA2-43235E609FA9">
        <omgdi:waypoint x="1158.2850410660096" y="377.1594281627595"/>
        <omgdi:waypoint x="1240.0" y="376.27161800331027"/>
      </bpmndi:BPMNEdge>
      <bpmndi:BPMNEdge bpmnElement="sid-7045DB1D-E06D-43BA-B5D4-964F8F9385CC" id="BPMNEdge_sid-7045DB1D-E06D-43BA-B5D4-964F8F9385CC">
        <omgdi:waypoint x="355.12109677399997" y="170.0"/>
        <omgdi:waypoint x="375.0" y="170.0"/>
      </bpmndi:BPMNEdge>
      <bpmndi:BPMNEdge bpmnElement="sid-8A35DD68-E8E2-4A71-96AE-F94821158074" id="BPMNEdge_sid-8A35DD68-E8E2-4A71-96AE-F94821158074">
        <omgdi:waypoint x="355.12109677399997" y="245.0"/>
        <omgdi:waypoint x="385.0" y="245.0"/>
      </bpmndi:BPMNEdge>
      <bpmndi:BPMNEdge bpmnElement="sid-3513DF69-D41B-4E3E-A5E0-ED3CEA12BA48" id="BPMNEdge_sid-3513DF69-D41B-4E3E-A5E0-ED3CEA12BA48">
        <omgdi:waypoint x="290.0" y="320.0"/>
        <omgdi:waypoint x="305.12109677399997" y="320.0"/>
      </bpmndi:BPMNEdge>
      <bpmndi:BPMNEdge bpmnElement="sid-0EC793EE-61AF-4190-9614-F6F471CAF2CB" id="BPMNEdge_sid-0EC793EE-61AF-4190-9614-F6F471CAF2CB">
        <omgdi:waypoint x="290.0" y="170.0"/>
        <omgdi:waypoint x="305.12109677399997" y="170.0"/>
      </bpmndi:BPMNEdge>
      <bpmndi:BPMNEdge bpmnElement="sid-C7D4B4F0-A407-4557-9D8B-AC4897DF08C8" id="BPMNEdge_sid-C7D4B4F0-A407-4557-9D8B-AC4897DF08C8">
        <omgdi:waypoint x="182.751677852349" y="273.248322147651"/>
        <omgdi:waypoint x="240.0" y="305.7894736842105"/>
      </bpmndi:BPMNEdge>
      <bpmndi:BPMNEdge bpmnElement="sid-9734167B-D7E7-488E-AB3D-D3A7B0A1E001" id="BPMNEdge_sid-9734167B-D7E7-488E-AB3D-D3A7B0A1E001">
        <omgdi:waypoint x="1557.0" y="377.37438709674996"/>
        <omgdi:waypoint x="1567.5" y="377.37438709674996"/>
        <omgdi:waypoint x="1575.2219239092458" y="375.98286512670035"/>
      </bpmndi:BPMNEdge>
      <bpmndi:BPMNEdge bpmnElement="sid-FF79A58E-8A4E-4777-96A9-008E7D68F6F2" id="BPMNEdge_sid-FF79A58E-8A4E-4777-96A9-008E7D68F6F2">
        <omgdi:waypoint x="179.9476439790576" y="255.9476439790576"/>
        <omgdi:waypoint x="245.20833333333331" y="190.0"/>
      </bpmndi:BPMNEdge>
      <bpmndi:BPMNEdge bpmnElement="sid-68C2BF2A-4F93-430E-BE5A-2DBDC4CACE97" id="BPMNEdge_sid-68C2BF2A-4F93-430E-BE5A-2DBDC4CACE97">
        <omgdi:waypoint x="669.9999999999999" y="338.09365994236305"/>
        <omgdi:waypoint x="773.3471615720524" y="371.1528384279476"/>
      </bpmndi:BPMNEdge>
      <bpmndi:BPMNEdge bpmnElement="sid-576EEB08-E9F2-43CC-8A8B-714FDF3152AD" id="BPMNEdge_sid-576EEB08-E9F2-43CC-8A8B-714FDF3152AD">
        <omgdi:waypoint x="635.8003472222222" y="131.0"/>
        <omgdi:waypoint x="780.8208556149733" y="363.67914438502675"/>
      </bpmndi:BPMNEdge>
      <bpmndi:BPMNEdge bpmnElement="sid-16FB1133-86C5-4356-80DA-DE0BC55C1776" id="BPMNEdge_sid-16FB1133-86C5-4356-80DA-DE0BC55C1776">
        <omgdi:waypoint x="435.0" y="320.0"/>
        <omgdi:waypoint x="460.0" y="320.0"/>
      </bpmndi:BPMNEdge>
      <bpmndi:BPMNEdge bpmnElement="sid-F30F4C19-3343-4542-8ED9-4D88ACE868C9" id="BPMNEdge_sid-F30F4C19-3343-4542-8ED9-4D88ACE868C9">
        <omgdi:waypoint x="178.63800764427043" y="277.36199235572957"/>
        <omgdi:waypoint x="249.79490678425861" y="370.95812903225"/>
      </bpmndi:BPMNEdge>
      <bpmndi:BPMNEdge bpmnElement="sid-9BE11923-A057-4E1A-A46B-EDF9AAD2E446" id="BPMNEdge_sid-9BE11923-A057-4E1A-A46B-EDF9AAD2E446">
        <omgdi:waypoint x="890.0" y="374.99014888336535"/>
        <omgdi:waypoint x="905.0" y="375.8842382133846"/>
      </bpmndi:BPMNEdge>
      <bpmndi:BPMNEdge bpmnElement="sid-3F326AF4-797B-4E42-B7AE-014D4ADD4734" id="BPMNEdge_sid-3F326AF4-797B-4E42-B7AE-014D4ADD4734">
        <omgdi:waypoint x="1290.0" y="376.5286104218269"/>
        <omgdi:waypoint x="1305.0" y="376.84577667492306"/>
      </bpmndi:BPMNEdge>
      <bpmndi:BPMNEdge bpmnElement="sid-DF21AE41-71E6-41BD-AC86-E4D68D2AE194" id="BPMNEdge_sid-DF21AE41-71E6-41BD-AC86-E4D68D2AE194">
        <omgdi:waypoint x="1138.5429416052348" y="357.41732870198473"/>
        <omgdi:waypoint x="1139.0" y="145.0"/>
        <omgdi:waypoint x="808.5" y="145.0"/>
      </bpmndi:BPMNEdge>
      <bpmndi:BPMNEdge bpmnElement="sid-20E5F1FF-6DC1-4ABB-AAD1-61B7FCDFE21B" id="BPMNEdge_sid-20E5F1FF-6DC1-4ABB-AAD1-61B7FCDFE21B">
        <omgdi:waypoint x="500.0" y="154.70149253731344"/>
        <omgdi:waypoint x="555.0" y="121.04477611940298"/>
      </bpmndi:BPMNEdge>
      <bpmndi:BPMNEdge bpmnElement="sid-E1EDB88F-6880-4B7A-9F8F-9A8EDDD060A9" id="BPMNEdge_sid-E1EDB88F-6880-4B7A-9F8F-9A8EDDD060A9">
        <omgdi:waypoint x="435.0" y="245.0"/>
        <omgdi:waypoint x="460.0" y="245.0"/>
      </bpmndi:BPMNEdge>
      <bpmndi:BPMNEdge bpmnElement="sid-C5148FFC-F320-4CE7-9B4F-512FF89DAA48" id="BPMNEdge_sid-C5148FFC-F320-4CE7-9B4F-512FF89DAA48">
        <omgdi:waypoint x="290.0" y="390.95812903225"/>
        <omgdi:waypoint x="305.12109677399997" y="390.95812903225"/>
      </bpmndi:BPMNEdge>
      <bpmndi:BPMNEdge bpmnElement="sid-3B3F6781-B3A6-4494-86BD-E006C6E6243F" id="BPMNEdge_sid-3B3F6781-B3A6-4494-86BD-E006C6E6243F">
        <omgdi:waypoint x="510.0" y="237.71255060728745"/>
        <omgdi:waypoint x="555.0" y="224.59514170040487"/>
      </bpmndi:BPMNEdge>
      <bpmndi:BPMNEdge bpmnElement="sid-19778B8F-6447-4E5B-8F95-3CED55684C02" id="BPMNEdge_sid-19778B8F-6447-4E5B-8F95-3CED55684C02">
        <omgdi:waypoint x="1196.5" y="512.5"/>
        <omgdi:waypoint x="1251.0" y="512.5"/>
      </bpmndi:BPMNEdge>
      <bpmndi:BPMNEdge bpmnElement="sid-EA33E3CF-53BF-49A7-B017-D1E4AF40F17A" id="BPMNEdge_sid-EA33E3CF-53BF-49A7-B017-D1E4AF40F17A">
        <omgdi:waypoint x="290.0" y="245.0"/>
        <omgdi:waypoint x="305.12109677399997" y="245.0"/>
      </bpmndi:BPMNEdge>
      <bpmndi:BPMNEdge bpmnElement="sid-21A668F9-60A8-4175-BAA3-993F16C4DB5F" id="BPMNEdge_sid-21A668F9-60A8-4175-BAA3-993F16C4DB5F">
        <omgdi:waypoint x="355.12109677399997" y="320.0"/>
        <omgdi:waypoint x="385.0" y="320.0"/>
      </bpmndi:BPMNEdge>
      <bpmndi:BPMNEdge bpmnElement="sid-BC1FA3BD-4C79-4659-AE61-2C2A1078FCF5" id="BPMNEdge_sid-BC1FA3BD-4C79-4659-AE61-2C2A1078FCF5">
        <omgdi:waypoint x="186.3793103448276" y="262.37931034482756"/>
        <omgdi:waypoint x="240.0" y="250.52631578947367"/>
      </bpmndi:BPMNEdge>
      <bpmndi:BPMNEdge bpmnElement="sid-EB2B4DCD-570D-4650-8BB4-9B359C209A55" id="BPMNEdge_sid-EB2B4DCD-570D-4650-8BB4-9B359C209A55">
        <omgdi:waypoint x="773.7459016393443" y="150.24590163934425"/>
        <omgdi:waypoint x="661.9999999999999" y="189.97777777777782"/>
      </bpmndi:BPMNEdge>
      <bpmndi:BPMNEdge bpmnElement="sid-EBEA2764-69EB-4179-95D2-B4EC6C13F5B2" id="BPMNEdge_sid-EBEA2764-69EB-4179-95D2-B4EC6C13F5B2">
        <omgdi:waypoint x="778.5573065902579" y="155.0573065902579"/>
        <omgdi:waypoint x="658.9928774928775" y="276.0"/>
      </bpmndi:BPMNEdge>
      <bpmndi:BPMNEdge bpmnElement="sid-E4535A5D-4A19-413F-9530-F87239B620F3" id="BPMNEdge_sid-E4535A5D-4A19-413F-9530-F87239B620F3">
        <omgdi:waypoint x="1415.0" y="375.4504239631094"/>
        <omgdi:waypoint x="1440.0" y="376.0264608294689"/>
      </bpmndi:BPMNEdge>
      <bpmndi:BPMNEdge bpmnElement="sid-067DD64F-1161-4F48-802E-390EE3E067FA" id="BPMNEdge_sid-067DD64F-1161-4F48-802E-390EE3E067FA">
        <omgdi:waypoint x="510.0" y="320.09615384615387"/>
        <omgdi:waypoint x="560.0" y="320.28846153846155"/>
      </bpmndi:BPMNEdge>
      <bpmndi:BPMNEdge bpmnElement="sid-3D6A6DB1-34B6-440B-8DD5-418DF084D47A" id="BPMNEdge_sid-3D6A6DB1-34B6-440B-8DD5-418DF084D47A">
        <omgdi:waypoint x="1138.5" y="397.37438709674996"/>
        <omgdi:waypoint x="1138.5" y="465.0"/>
      </bpmndi:BPMNEdge>
      <bpmndi:BPMNEdge bpmnElement="sid-FFF2B857-A7D1-4493-90E7-0F2FEE232B8A" id="BPMNEdge_sid-FFF2B857-A7D1-4493-90E7-0F2FEE232B8A">
        <omgdi:waypoint x="355.12109677399997" y="390.95812903225"/>
        <omgdi:waypoint x="385.0" y="390.95812903225"/>
      </bpmndi:BPMNEdge>
      <bpmndi:BPMNEdge bpmnElement="sid-418F4D07-CEE4-491A-91B0-E4DFF230EC38" id="BPMNEdge_sid-418F4D07-CEE4-491A-91B0-E4DFF230EC38">
        <omgdi:waypoint x="1355.0" y="376.33272043008327"/>
        <omgdi:waypoint x="1365.0" y="375.91605376341664"/>
      </bpmndi:BPMNEdge>
      <bpmndi:BPMNEdge bpmnElement="sid-E14A417E-333C-49B2-A0D5-3064EB7F0A8F" id="BPMNEdge_sid-E14A417E-333C-49B2-A0D5-3064EB7F0A8F">
        <omgdi:waypoint x="670.0" y="419.6217391304348"/>
        <omgdi:waypoint x="773.8813559322034" y="381.3813559322034"/>
      </bpmndi:BPMNEdge>
      <bpmndi:BPMNEdge bpmnElement="sid-151F8968-47BD-4FD7-8E70-093C6B82397A" id="BPMNEdge_sid-151F8968-47BD-4FD7-8E70-093C6B82397A">
        <omgdi:waypoint x="781.1124197002141" y="157.61241970021413"/>
        <omgdi:waypoint x="642.651103565365" y="394.0"/>
      </bpmndi:BPMNEdge>
      <bpmndi:BPMNEdge bpmnElement="sid-051DBBCB-53C8-42F4-B21D-47AC85A827B7" id="BPMNEdge_sid-051DBBCB-53C8-42F4-B21D-47AC85A827B7">
        <omgdi:waypoint x="125.0" y="262.14285714285717"/>
        <omgdi:waypoint x="151.57894736842104" y="264.42105263157896"/>
      </bpmndi:BPMNEdge>
      <bpmndi:BPMNEdge bpmnElement="sid-8FBFB400-AC5C-4F44-807A-59A280787E14" id="BPMNEdge_sid-8FBFB400-AC5C-4F44-807A-59A280787E14">
        <omgdi:waypoint x="955.0" y="374.7291807951802"/>
        <omgdi:waypoint x="975.0" y="372.6130157539244"/>
      </bpmndi:BPMNEdge>
      <bpmndi:BPMNEdge bpmnElement="sid-9BCC0D34-FF00-4F6A-B1AD-04FBC807F721" id="BPMNEdge_sid-9BCC0D34-FF00-4F6A-B1AD-04FBC807F721">
        <omgdi:waypoint x="655.9251497005988" y="253.0"/>
        <omgdi:waypoint x="778.1253602305476" y="366.3746397694525"/>
      </bpmndi:BPMNEdge>
      <bpmndi:BPMNEdge bpmnElement="sid-E4E0E83E-4095-4E37-8B92-34A98ABA7031" id="BPMNEdge_sid-E4E0E83E-4095-4E37-8B92-34A98ABA7031">
        <omgdi:waypoint x="773.3202959830867" y="140.17970401691332"/>
        <omgdi:waypoint x="662.9999999999999" y="105.14763231197767"/>
      </bpmndi:BPMNEdge>
      <bpmndi:BPMNEdge bpmnElement="sid-BC712964-F25B-4731-BAC1-541B9AC778D5" id="BPMNEdge_sid-BC712964-F25B-4731-BAC1-541B9AC778D5">
        <omgdi:waypoint x="435.0" y="390.95812903225"/>
        <omgdi:waypoint x="460.0" y="390.95812903225"/>
      </bpmndi:BPMNEdge>
      <bpmndi:BPMNEdge bpmnElement="sid-D98E6964-016C-468D-92C0-81133E94ED59" id="BPMNEdge_sid-D98E6964-016C-468D-92C0-81133E94ED59">
        <omgdi:waypoint x="1100.0" y="373.0386058767017"/>
        <omgdi:waypoint x="1120.5243735944841" y="375.3500135022658"/>
      </bpmndi:BPMNEdge>
      <bpmndi:BPMNEdge bpmnElement="sid-B2866033-C8D8-4CF4-9819-B769E6BF21E1" id="BPMNEdge_sid-B2866033-C8D8-4CF4-9819-B769E6BF21E1">
        <omgdi:waypoint x="807.867088607595" y="375.36708860759495"/>
        <omgdi:waypoint x="840.0" y="374.3169934640523"/>
      </bpmndi:BPMNEdge>
      <bpmndi:BPMNEdge bpmnElement="sid-8D587FF4-2285-4A04-91E3-C6E3E02FB5D2" id="BPMNEdge_sid-8D587FF4-2285-4A04-91E3-C6E3E02FB5D2">
        <omgdi:waypoint x="425.0" y="170.0"/>
        <omgdi:waypoint x="450.0" y="170.0"/>
      </bpmndi:BPMNEdge>
      <bpmndi:BPMNEdge bpmnElement="sid-91DA3AED-5442-46A3-BEC6-BB65A2E861C1" id="BPMNEdge_sid-91DA3AED-5442-46A3-BEC6-BB65A2E861C1">
        <omgdi:waypoint x="44.961880497461024" y="256.06870574981866"/>
        <omgdi:waypoint x="75.0" y="258.2142857142857"/>
      </bpmndi:BPMNEdge>
    </bpmndi:BPMNPlane>
  </bpmndi:BPMNDiagram>
</definitions>