{"name":"FSFrom7311","description":"EMPLOYEE’S WITHHOLDING CERTIFICATE\nFOR LOCAL TAXES CITY OR COUNTY","definition":{"models":[{"id":3006,"name":"FS Form 7311","version":65,"modelType":0,"description":"FS Form 7311 \nDepartment of the Treasury\nBureau of the Fiscal Service Revision June 2017\n\nEMPLOYEE’S WITHHOLDING CERTIFICATE\nFOR LOCAL TAXES CITY OR COUNTY","stencilSetId":0,"createdByFullName":"Demo User","createdBy":2,"lastUpdatedByFullName":"Demo User","lastUpdatedBy":2,"lastUpdated":"2019-03-22T18:31:27.461+0000"}],"theme":"theme-4","icon":"glyphicon-signal","publishIdentityInfo":[]}}