{"referenceId":null,"name":"fbi","description":null,"editorJson":{"id":50,"name":"fbi","entities":[{"name":"employees","description":"Auto-imported entity","tableName":"employees","attributes":[{"name":"empid","type":"number","description":"Auto-imported attribute","mappedName":"empid","primaryKey":true,"generatedValue":false,"identity":false,"required":true},{"name":"empfullname","type":"string","description":"Auto-imported attribute","mappedName":"empfullname","primaryKey":false,"generatedValue":false,"identity":false,"required":false},{"name":"emppayscale","type":"string","description":"Auto-imported attribute","mappedName":"emppayscale","primaryKey":false,"generatedValue":false,"identity":false,"required":false}]}]}}