{"name":"Bert Tester","description":"","definition":{"models":[{"id":7011,"name":"Create Folder With APS Data","version":31,"modelType":0,"description":"","stencilSetId":0,"createdByFullName":"Demo User","createdBy":2,"lastUpdatedByFullName":"Demo User","lastUpdatedBy":2,"lastUpdated":"2018-09-28T17:40:07.889+0000"},{"id":7008,"name":"StartProcessByAttachingFile","version":21,"modelType":0,"description":"","stencilSetId":0,"createdByFullName":"Demo User","createdBy":2,"lastUpdatedByFullName":"Demo User","lastUpdatedBy":2,"lastUpdated":"2018-09-28T17:40:07.899+0000"}],"theme":"theme-1","icon":"glyphicon-asterisk","publishIdentityInfo":[]}}