{"resourceId":9035,"properties":{"process_id":"SharePointUpload","name":"SharePoint Upload","documentation":"","process_author":"","process_version":"","process_namespace":"http://www.activiti.org/processdef","executionlisteners":"","eventlisteners":"","signaldefinitions":"","messagedefinitions":"","executionvariables":"","metadata":""},"stencil":{"id":"BPMNDiagram"},"childShapes":[{"resourceId":"startEvent1","properties":{"overrideid":"","name":"","documentation":"","executionlisteners":"","initiator":"","formkeydefinition":"","formreference":{"id":9036,"name":"SharePoint Upload Start Form","referenceId":null},"fieldstovariables":"","formproperties":""},"stencil":{"id":"StartNoneEvent"},"childShapes":[],"outgoing":[{"resourceId":"sid-64094C59-42A0-4856-B2B6-8EF8F196540A"}],"bounds":{"lowerRight":{"x":120,"y":180},"upperLeft":{"x":90,"y":150}},"dockers":[]},{"resourceId":"sid-64094C59-42A0-4856-B2B6-8EF8F196540A","properties":{"overrideid":"","name":"","documentation":"","conditionsequenceflow":"","executionlisteners":"","defaultflow":"false"},"stencil":{"id":"SequenceFlow"},"childShapes":[],"outgoing":[{"resourceId":"sid-C75B6AF2-9347-4D52-8774-4550B4FBD8B4"}],"bounds":{"lowerRight":{"x":174.3125,"y":165},"upperLeft":{"x":120.0625,"y":165}},"dockers":[{"x":15,"y":15},{"x":50,"y":40}],"target":{"resourceId":"sid-C75B6AF2-9347-4D52-8774-4550B4FBD8B4"}},{"resourceId":"sid-C75B6AF2-9347-4D52-8774-4550B4FBD8B4","properties":{"overrideid":"","name":"Generate Document","documentation":"","generatedocumenttemplate":{"id":3006,"name":"DocTemplate.docx"},"generatedocumenttaskoutputformat":"pdf","executionvariable_document":{"variableName":"generatedDoc","variableType":"document"},"generatedocumentfilename":"","executionlisteners":"","fieldstovariables":"","formreference":"","multiinstance_collection":"","formproperties":"","categorydefinition":"","prioritydefinition":"","usertasksendemail":true,"type":"http://b3mn.org/stencilset/bpmn2.0#UserTask","emailtemplate":"","asynchronousdefinition":"false","exclusivedefinition":"false","formkeydefinition":"","multiinstance_type":"None","multiinstance_cardinality":"","duedatedefinition":"","multiinstance_variable":"","multiinstance_condition":"","isforcompensation":"false","tasklisteners":"","usertaskassignment":""},"stencil":{"id":"GenerateDocumentTask"},"childShapes":[],"outgoing":[{"resourceId":"sid-A30CD07E-2E8A-445B-AB71-AD9DDCD043E5"}],"bounds":{"lowerRight":{"x":275,"y":205},"upperLeft":{"x":175,"y":125}},"dockers":[]},{"resourceId":"sid-A30CD07E-2E8A-445B-AB71-AD9DDCD043E5","properties":{"overrideid":"","name":"","documentation":"","conditionsequenceflow":"","executionlisteners":"","defaultflow":"false"},"stencil":{"id":"SequenceFlow"},"childShapes":[],"outgoing":[{"resourceId":"sid-F3A8DF7C-3751-44E8-B3F1-857899A312B9"}],"bounds":{"lowerRight":{"x":319.15625,"y":165},"upperLeft":{"x":275.84375,"y":165}},"dockers":[{"x":50,"y":40},{"x":50,"y":40}],"target":{"resourceId":"sid-F3A8DF7C-3751-44E8-B3F1-857899A312B9"}},{"resourceId":"sid-F3A8DF7C-3751-44E8-B3F1-857899A312B9","properties":{"name":"Upload To SharePoint","documentation":"","foldername":"folderName","contentfield":"generatedDoc","result":"result","multiinstance_condition":"","usertasksendemail":true,"type":"http://b3mn.org/stencilset/bpmn2.0#UserTask","emailtemplate":"","asynchronousdefinition":"false","exclusivedefinition":"false","executionlisteners":"","multiinstance_type":"None","multiinstance_cardinality":"","multiinstance_collection":"","multiinstance_variable":"","tasklisteners":"","isforcompensation":"false","overrideid":"","usertaskassignment":"","formkeydefinition":"","formreference":"","fieldstovariables":"","duedatedefinition":"","prioritydefinition":"","categorydefinition":"","formproperties":""},"stencil":{"id":"store_document"},"childShapes":[],"outgoing":[{"resourceId":"sid-EF52D76D-172A-43AB-A6AD-7FDCADA2545E"}],"bounds":{"lowerRight":{"x":420,"y":205},"upperLeft":{"x":320,"y":125}},"dockers":[]},{"resourceId":"sid-A6E36BA1-1A25-4BB4-9FC2-3CAC3F6F908A","properties":{"overrideid":"","name":"Confirmation","documentation":"","asynchronousdefinition":"false","exclusivedefinition":"false","executionlisteners":"","multiinstance_type":"None","multiinstance_cardinality":"","multiinstance_collection":"","multiinstance_variable":"","multiinstance_condition":"","isforcompensation":"false","usertasksendemail":true,"usertaskassignment":"","formkeydefinition":"","formreference":{"id":9037,"name":"SharePoint Upload Confirmation","referenceId":9035},"fieldstovariables":"","duedatedefinition":"","prioritydefinition":"","categorydefinition":"","formproperties":"","tasklisteners":"","emailtemplate":""},"stencil":{"id":"UserTask"},"childShapes":[],"outgoing":[{"resourceId":"sid-53821A8D-B1B0-4CB0-B7CE-0044F3851F26"}],"bounds":{"lowerRight":{"x":565,"y":205},"upperLeft":{"x":465,"y":125}},"dockers":[]},{"resourceId":"sid-EF52D76D-172A-43AB-A6AD-7FDCADA2545E","properties":{"overrideid":"","name":"","documentation":"","conditionsequenceflow":"","executionlisteners":"","defaultflow":"false"},"stencil":{"id":"SequenceFlow"},"childShapes":[],"outgoing":[{"resourceId":"sid-A6E36BA1-1A25-4BB4-9FC2-3CAC3F6F908A"}],"bounds":{"lowerRight":{"x":464.15625,"y":165},"upperLeft":{"x":420.84375,"y":165}},"dockers":[{"x":50,"y":40},{"x":50,"y":40}],"target":{"resourceId":"sid-A6E36BA1-1A25-4BB4-9FC2-3CAC3F6F908A"}},{"resourceId":"sid-528DA469-77D1-4CC4-ADD7-9EFE289687C8","properties":{"overrideid":"","name":"","documentation":"","executionlisteners":""},"stencil":{"id":"EndNoneEvent"},"childShapes":[],"outgoing":[],"bounds":{"lowerRight":{"x":638,"y":179},"upperLeft":{"x":610,"y":151}},"dockers":[]},{"resourceId":"sid-53821A8D-B1B0-4CB0-B7CE-0044F3851F26","properties":{"overrideid":"","name":"","documentation":"","conditionsequenceflow":"","executionlisteners":"","defaultflow":"false"},"stencil":{"id":"SequenceFlow"},"childShapes":[],"outgoing":[{"resourceId":"sid-528DA469-77D1-4CC4-ADD7-9EFE289687C8"}],"bounds":{"lowerRight":{"x":609.375,"y":165},"upperLeft":{"x":565.390625,"y":165}},"dockers":[{"x":50,"y":40},{"x":14,"y":14}],"target":{"resourceId":"sid-528DA469-77D1-4CC4-ADD7-9EFE289687C8"}}],"bounds":{"lowerRight":{"x":1200,"y":1050},"upperLeft":{"x":0,"y":0}},"stencilset":{"url":"stencilsets/bpmn2.0/bpmn2.0.json","namespace":"http://b3mn.org/stencilset/bpmn2.0#"},"ssextensions":[]}