<?xml version='1.0' encoding='UTF-8'?>
<definitions xmlns="http://www.omg.org/spec/BPMN/20100524/MODEL" xmlns:xsi="http://www.w3.org/2001/XMLSchema-instance" xmlns:xsd="http://www.w3.org/2001/XMLSchema" xmlns:activiti="http://activiti.org/bpmn" xmlns:bpmndi="http://www.omg.org/spec/BPMN/20100524/DI" xmlns:omgdc="http://www.omg.org/spec/DD/20100524/DC" xmlns:omgdi="http://www.omg.org/spec/DD/20100524/DI" typeLanguage="http://www.w3.org/2001/XMLSchema" expressionLanguage="http://www.w3.org/1999/XPath" targetNamespace="http://www.activiti.org/processdef" xmlns:modeler="http://activiti.com/modeler" modeler:version="1.0en" modeler:exportDateTime="20171121174019838" modeler:modelId="9035" modeler:modelVersion="2" modeler:modelLastUpdated="1511285884931" modeler:modelStencilSet="4004">
  <process id="SharePointUpload" name="SharePoint Upload" isExecutable="true">
    <startEvent id="startEvent1" activiti:formKey="9036">
      <extensionElements>
        <modeler:form-reference-id><![CDATA[9036]]></modeler:form-reference-id>
        <modeler:form-reference-name><![CDATA[SharePoint Upload Start Form]]></modeler:form-reference-name>
        <modeler:editor-resource-id><![CDATA[startEvent1]]></modeler:editor-resource-id>
      </extensionElements>
    </startEvent>
    <sequenceFlow id="sid-64094C59-42A0-4856-B2B6-8EF8F196540A" sourceRef="startEvent1" targetRef="sid-C75B6AF2-9347-4D52-8774-4550B4FBD8B4">
      <extensionElements>
        <modeler:editor-resource-id><![CDATA[sid-64094C59-42A0-4856-B2B6-8EF8F196540A]]></modeler:editor-resource-id>
      </extensionElements>
    </sequenceFlow>
    <serviceTask id="sid-C75B6AF2-9347-4D52-8774-4550B4FBD8B4" name="Generate Document" activiti:async="true" activiti:delegateExpression="${activiti_generateDocumentDelegate}">
      <extensionElements>
        <activiti:field name="outputFormat">
          <activiti:string><![CDATA[pdf]]></activiti:string>
        </activiti:field>
        <activiti:field name="templateId">
          <activiti:string><![CDATA[3006]]></activiti:string>
        </activiti:field>
        <activiti:field name="templateName">
          <activiti:string><![CDATA[DocTemplate.docx]]></activiti:string>
        </activiti:field>
        <activiti:field name="variableName">
          <activiti:string><![CDATA[generatedDoc]]></activiti:string>
        </activiti:field>
        <modeler:executionvariables modeler:variableName="generatedDoc" modeler:variableType="document"/>
        <modeler:editor-resource-id><![CDATA[sid-C75B6AF2-9347-4D52-8774-4550B4FBD8B4]]></modeler:editor-resource-id>
      </extensionElements>
    </serviceTask>
    <sequenceFlow id="sid-A30CD07E-2E8A-445B-AB71-AD9DDCD043E5" sourceRef="sid-C75B6AF2-9347-4D52-8774-4550B4FBD8B4" targetRef="sid-F3A8DF7C-3751-44E8-B3F1-857899A312B9">
      <extensionElements>
        <modeler:editor-resource-id><![CDATA[sid-A30CD07E-2E8A-445B-AB71-AD9DDCD043E5]]></modeler:editor-resource-id>
      </extensionElements>
    </sequenceFlow>
    <serviceTask id="sid-F3A8DF7C-3751-44E8-B3F1-857899A312B9" name="Upload To SharePoint" activiti:delegateExpression="${sharePointDelegate}" activiti:extensionId="store_document">
      <extensionElements>
        <activiti:field name="folderName">
          <activiti:string><![CDATA[folderName]]></activiti:string>
        </activiti:field>
        <activiti:field name="contentField">
          <activiti:string><![CDATA[generatedDoc]]></activiti:string>
        </activiti:field>
        <activiti:field name="result">
          <activiti:string><![CDATA[result]]></activiti:string>
        </activiti:field>
        <modeler:editor-resource-id><![CDATA[sid-F3A8DF7C-3751-44E8-B3F1-857899A312B9]]></modeler:editor-resource-id>
      </extensionElements>
    </serviceTask>
    <userTask id="sid-A6E36BA1-1A25-4BB4-9FC2-3CAC3F6F908A" name="Confirmation" activiti:assignee="$INITIATOR" activiti:formKey="9037">
      <extensionElements>
        <modeler:allow-send-email><![CDATA[true]]></modeler:allow-send-email>
        <modeler:form-reference-id><![CDATA[9037]]></modeler:form-reference-id>
        <modeler:form-reference-name><![CDATA[SharePoint Upload Confirmation]]></modeler:form-reference-name>
        <modeler:activiti-idm-initiator><![CDATA[true]]></modeler:activiti-idm-initiator>
        <modeler:editor-resource-id><![CDATA[sid-A6E36BA1-1A25-4BB4-9FC2-3CAC3F6F908A]]></modeler:editor-resource-id>
      </extensionElements>
    </userTask>
    <sequenceFlow id="sid-EF52D76D-172A-43AB-A6AD-7FDCADA2545E" sourceRef="sid-F3A8DF7C-3751-44E8-B3F1-857899A312B9" targetRef="sid-A6E36BA1-1A25-4BB4-9FC2-3CAC3F6F908A">
      <extensionElements>
        <modeler:editor-resource-id><![CDATA[sid-EF52D76D-172A-43AB-A6AD-7FDCADA2545E]]></modeler:editor-resource-id>
      </extensionElements>
    </sequenceFlow>
    <endEvent id="sid-528DA469-77D1-4CC4-ADD7-9EFE289687C8">
      <extensionElements>
        <modeler:editor-resource-id><![CDATA[sid-528DA469-77D1-4CC4-ADD7-9EFE289687C8]]></modeler:editor-resource-id>
      </extensionElements>
    </endEvent>
    <sequenceFlow id="sid-53821A8D-B1B0-4CB0-B7CE-0044F3851F26" sourceRef="sid-A6E36BA1-1A25-4BB4-9FC2-3CAC3F6F908A" targetRef="sid-528DA469-77D1-4CC4-ADD7-9EFE289687C8">
      <extensionElements>
        <modeler:editor-resource-id><![CDATA[sid-53821A8D-B1B0-4CB0-B7CE-0044F3851F26]]></modeler:editor-resource-id>
      </extensionElements>
    </sequenceFlow>
  </process>
  <bpmndi:BPMNDiagram id="BPMNDiagram_SharePointUpload">
    <bpmndi:BPMNPlane bpmnElement="SharePointUpload" id="BPMNPlane_SharePointUpload">
      <bpmndi:BPMNShape bpmnElement="startEvent1" id="BPMNShape_startEvent1">
        <omgdc:Bounds height="30.0" width="30.0" x="90.0" y="150.0"/>
      </bpmndi:BPMNShape>
      <bpmndi:BPMNShape bpmnElement="sid-C75B6AF2-9347-4D52-8774-4550B4FBD8B4" id="BPMNShape_sid-C75B6AF2-9347-4D52-8774-4550B4FBD8B4">
        <omgdc:Bounds height="80.0" width="100.0" x="175.0" y="125.0"/>
      </bpmndi:BPMNShape>
      <bpmndi:BPMNShape bpmnElement="sid-F3A8DF7C-3751-44E8-B3F1-857899A312B9" id="BPMNShape_sid-F3A8DF7C-3751-44E8-B3F1-857899A312B9">
        <omgdc:Bounds height="80.0" width="100.0" x="320.0" y="125.0"/>
      </bpmndi:BPMNShape>
      <bpmndi:BPMNShape bpmnElement="sid-A6E36BA1-1A25-4BB4-9FC2-3CAC3F6F908A" id="BPMNShape_sid-A6E36BA1-1A25-4BB4-9FC2-3CAC3F6F908A">
        <omgdc:Bounds height="80.0" width="100.0" x="465.0" y="125.0"/>
      </bpmndi:BPMNShape>
      <bpmndi:BPMNShape bpmnElement="sid-528DA469-77D1-4CC4-ADD7-9EFE289687C8" id="BPMNShape_sid-528DA469-77D1-4CC4-ADD7-9EFE289687C8">
        <omgdc:Bounds height="28.0" width="28.0" x="610.0" y="151.0"/>
      </bpmndi:BPMNShape>
      <bpmndi:BPMNEdge bpmnElement="sid-64094C59-42A0-4856-B2B6-8EF8F196540A" id="BPMNEdge_sid-64094C59-42A0-4856-B2B6-8EF8F196540A">
        <omgdi:waypoint x="120.0" y="165.0"/>
        <omgdi:waypoint x="175.0" y="165.0"/>
      </bpmndi:BPMNEdge>
      <bpmndi:BPMNEdge bpmnElement="sid-53821A8D-B1B0-4CB0-B7CE-0044F3851F26" id="BPMNEdge_sid-53821A8D-B1B0-4CB0-B7CE-0044F3851F26">
        <omgdi:waypoint x="565.0" y="165.0"/>
        <omgdi:waypoint x="610.0" y="165.0"/>
      </bpmndi:BPMNEdge>
      <bpmndi:BPMNEdge bpmnElement="sid-A30CD07E-2E8A-445B-AB71-AD9DDCD043E5" id="BPMNEdge_sid-A30CD07E-2E8A-445B-AB71-AD9DDCD043E5">
        <omgdi:waypoint x="275.0" y="165.0"/>
        <omgdi:waypoint x="320.0" y="165.0"/>
      </bpmndi:BPMNEdge>
      <bpmndi:BPMNEdge bpmnElement="sid-EF52D76D-172A-43AB-A6AD-7FDCADA2545E" id="BPMNEdge_sid-EF52D76D-172A-43AB-A6AD-7FDCADA2545E">
        <omgdi:waypoint x="420.0" y="165.0"/>
        <omgdi:waypoint x="465.0" y="165.0"/>
      </bpmndi:BPMNEdge>
    </bpmndi:BPMNPlane>
  </bpmndi:BPMNDiagram>
</definitions>