<?xml version='1.0' encoding='UTF-8'?>
<definitions xmlns="http://www.omg.org/spec/BPMN/20100524/MODEL" xmlns:xsi="http://www.w3.org/2001/XMLSchema-instance" xmlns:xsd="http://www.w3.org/2001/XMLSchema" xmlns:activiti="http://activiti.org/bpmn" xmlns:bpmndi="http://www.omg.org/spec/BPMN/20100524/DI" xmlns:omgdc="http://www.omg.org/spec/DD/20100524/DC" xmlns:omgdi="http://www.omg.org/spec/DD/20100524/DI" typeLanguage="http://www.w3.org/2001/XMLSchema" expressionLanguage="http://www.w3.org/1999/XPath" targetNamespace="http://www.activiti.org/processdef" xmlns:modeler="http://activiti.com/modeler" modeler:version="1.0en" modeler:exportDateTime="20190327031437923" modeler:modelId="2005" modeler:modelVersion="13" modeler:modelLastUpdated="1553655903914">
  <process id="Embed" name="Embed" isExecutable="true">
    <extensionElements>
      <modeler:executionvariables xmlns:modeler="http://activiti.com/modeler" modeler:variableName="theFile" modeler:variableType="string"/>
    </extensionElements>
    <startEvent id="startEvent1" activiti:formKey="2002">
      <extensionElements>
        <modeler:form-reference-id><![CDATA[2002]]></modeler:form-reference-id>
        <modeler:form-reference-name><![CDATA[EmbedImage Start Form]]></modeler:form-reference-name>
        <modeler:editor-resource-id><![CDATA[startEvent1]]></modeler:editor-resource-id>
      </extensionElements>
    </startEvent>
    <serviceTask id="sid-A12DC1EB-2C4C-45A5-B4F8-B9B38A549173" name="Generate Doc with Image" activiti:async="true" activiti:delegateExpression="${activiti_generateDocumentDelegate}">
      <extensionElements>
        <activiti:field name="outputFormat">
          <activiti:string><![CDATA[pdf]]></activiti:string>
        </activiti:field>
        <activiti:field name="templateId">
          <activiti:string><![CDATA[1002]]></activiti:string>
        </activiti:field>
        <activiti:field name="templateName">
          <activiti:string><![CDATA[Doc-Template (3).docx]]></activiti:string>
        </activiti:field>
        <activiti:field name="fileName">
          <activiti:string><![CDATA[doc]]></activiti:string>
        </activiti:field>
        <activiti:field name="variableName">
          <activiti:string><![CDATA[doc]]></activiti:string>
        </activiti:field>
        <modeler:executionvariables modeler:variableName="doc" modeler:variableType="document"/>
        <modeler:editor-resource-id><![CDATA[sid-A12DC1EB-2C4C-45A5-B4F8-B9B38A549173]]></modeler:editor-resource-id>
      </extensionElements>
    </serviceTask>
    <scriptTask id="sid-1EA07568-18E8-40A3-9A39-CEB6C4E8CF4D" name="File Processing" activiti:async="true" activiti:exclusive="false" scriptFormat="groovy" activiti:autoStoreVariables="false">
      <extensionElements>
        <activiti:executionListener event="start" class="com.activiti.runtime.activiti.ContentProcessorExecutionListener">
          <activiti:field name="externalContentHandler">
            <activiti:expression><![CDATA[${externalContentHandler}]]></activiti:expression>
          </activiti:field>
        </activiti:executionListener>
        <modeler:editor-resource-id><![CDATA[sid-1EA07568-18E8-40A3-9A39-CEB6C4E8CF4D]]></modeler:editor-resource-id>
        <modeler:ignore-listener-on-import><![CDATA[com.activiti.runtime.activiti.ContentProcessorExecutionListener]]></modeler:ignore-listener-on-import>
      </extensionElements>
      <script><![CDATA[import com.activiti.service.runtime.RelatedContentService;
import com.activiti.service.runtime.RelatedContentStreamProvider;
import com.activiti.domain.runtime.RelatedContent;
import java.io.InputStream;
import org.apache.commons.io.IOUtils;
import java.nio.charset.StandardCharsets;

out.println("!!!!!!!!!!!!!!!!!!!!!!!!!!!!!!!!!!!!!!!!!!!!!!!!!!!!!!!!!!!!!!!!!!!!!!!!!!!!!!!!!!");
String fileVariableName = "image"; 

List<RelatedContent> contentList = relatedContentService.getFieldContentForProcessInstance(execution.getProcessInstanceId(), fileVariableName, 1, 0).getContent();
RelatedContent content = contentList.get(0);
out.println("GDH :" + content.getName());
InputStream is = relatedContentStreamProvider.getContentStream(content);

execution.setVariable('docBase64',IOUtils.toByteArray(is))]]></script>
    </scriptTask>
    <userTask id="sid-2F4261D6-04B5-4488-AF9D-AE0EA8707114" name="Confirmation" activiti:assignee="$INITIATOR">
      <extensionElements>
        <modeler:allow-send-email><![CDATA[true]]></modeler:allow-send-email>
        <modeler:activiti-idm-initiator><![CDATA[true]]></modeler:activiti-idm-initiator>
        <modeler:editor-resource-id><![CDATA[sid-2F4261D6-04B5-4488-AF9D-AE0EA8707114]]></modeler:editor-resource-id>
      </extensionElements>
    </userTask>
    <sequenceFlow id="sid-84A83F57-E318-4CDB-B5A6-FF1C478E72E8" sourceRef="sid-A12DC1EB-2C4C-45A5-B4F8-B9B38A549173" targetRef="sid-2F4261D6-04B5-4488-AF9D-AE0EA8707114">
      <extensionElements>
        <modeler:editor-resource-id><![CDATA[sid-84A83F57-E318-4CDB-B5A6-FF1C478E72E8]]></modeler:editor-resource-id>
      </extensionElements>
    </sequenceFlow>
    <sequenceFlow id="sid-39CA79AF-EFD8-4C8F-9886-9D65D6DFD150" sourceRef="sid-1EA07568-18E8-40A3-9A39-CEB6C4E8CF4D" targetRef="sid-A12DC1EB-2C4C-45A5-B4F8-B9B38A549173">
      <extensionElements>
        <modeler:editor-resource-id><![CDATA[sid-39CA79AF-EFD8-4C8F-9886-9D65D6DFD150]]></modeler:editor-resource-id>
      </extensionElements>
    </sequenceFlow>
    <sequenceFlow id="sid-766350D8-DB7E-426E-B582-02D7B5457B62" sourceRef="startEvent1" targetRef="sid-1EA07568-18E8-40A3-9A39-CEB6C4E8CF4D">
      <extensionElements>
        <modeler:editor-resource-id><![CDATA[sid-766350D8-DB7E-426E-B582-02D7B5457B62]]></modeler:editor-resource-id>
      </extensionElements>
    </sequenceFlow>
    <endEvent id="sid-1AE087DD-FC94-45BE-80B9-2E705F3EE5BC">
      <extensionElements>
        <modeler:editor-resource-id><![CDATA[sid-1AE087DD-FC94-45BE-80B9-2E705F3EE5BC]]></modeler:editor-resource-id>
      </extensionElements>
    </endEvent>
    <sequenceFlow id="sid-7BBE5572-6C02-488C-9065-19DCD5DCFB93" sourceRef="sid-2F4261D6-04B5-4488-AF9D-AE0EA8707114" targetRef="sid-1AE087DD-FC94-45BE-80B9-2E705F3EE5BC">
      <extensionElements>
        <modeler:editor-resource-id><![CDATA[sid-7BBE5572-6C02-488C-9065-19DCD5DCFB93]]></modeler:editor-resource-id>
      </extensionElements>
    </sequenceFlow>
  </process>
  <bpmndi:BPMNDiagram id="BPMNDiagram_Embed">
    <bpmndi:BPMNPlane bpmnElement="Embed" id="BPMNPlane_Embed">
      <bpmndi:BPMNShape bpmnElement="startEvent1" id="BPMNShape_startEvent1">
        <omgdc:Bounds height="30.0" width="30.0" x="60.0" y="150.0"/>
      </bpmndi:BPMNShape>
      <bpmndi:BPMNShape bpmnElement="sid-A12DC1EB-2C4C-45A5-B4F8-B9B38A549173" id="BPMNShape_sid-A12DC1EB-2C4C-45A5-B4F8-B9B38A549173">
        <omgdc:Bounds height="80.0" width="100.0" x="315.0" y="125.0"/>
      </bpmndi:BPMNShape>
      <bpmndi:BPMNShape bpmnElement="sid-1EA07568-18E8-40A3-9A39-CEB6C4E8CF4D" id="BPMNShape_sid-1EA07568-18E8-40A3-9A39-CEB6C4E8CF4D">
        <omgdc:Bounds height="80.0" width="100.0" x="180.0" y="120.0"/>
      </bpmndi:BPMNShape>
      <bpmndi:BPMNShape bpmnElement="sid-2F4261D6-04B5-4488-AF9D-AE0EA8707114" id="BPMNShape_sid-2F4261D6-04B5-4488-AF9D-AE0EA8707114">
        <omgdc:Bounds height="80.0" width="100.0" x="465.0" y="125.0"/>
      </bpmndi:BPMNShape>
      <bpmndi:BPMNShape bpmnElement="sid-1AE087DD-FC94-45BE-80B9-2E705F3EE5BC" id="BPMNShape_sid-1AE087DD-FC94-45BE-80B9-2E705F3EE5BC">
        <omgdc:Bounds height="28.0" width="28.0" x="615.0" y="151.0"/>
      </bpmndi:BPMNShape>
      <bpmndi:BPMNEdge bpmnElement="sid-84A83F57-E318-4CDB-B5A6-FF1C478E72E8" id="BPMNEdge_sid-84A83F57-E318-4CDB-B5A6-FF1C478E72E8">
        <omgdi:waypoint x="415.0" y="165.0"/>
        <omgdi:waypoint x="465.0" y="165.0"/>
      </bpmndi:BPMNEdge>
      <bpmndi:BPMNEdge bpmnElement="sid-766350D8-DB7E-426E-B582-02D7B5457B62" id="BPMNEdge_sid-766350D8-DB7E-426E-B582-02D7B5457B62">
        <omgdi:waypoint x="90.0" y="165.0"/>
        <omgdi:waypoint x="180.0" y="165.0"/>
      </bpmndi:BPMNEdge>
      <bpmndi:BPMNEdge bpmnElement="sid-39CA79AF-EFD8-4C8F-9886-9D65D6DFD150" id="BPMNEdge_sid-39CA79AF-EFD8-4C8F-9886-9D65D6DFD150">
        <omgdi:waypoint x="280.0" y="161.85185185185185"/>
        <omgdi:waypoint x="315.0" y="163.14814814814815"/>
      </bpmndi:BPMNEdge>
      <bpmndi:BPMNEdge bpmnElement="sid-7BBE5572-6C02-488C-9065-19DCD5DCFB93" id="BPMNEdge_sid-7BBE5572-6C02-488C-9065-19DCD5DCFB93">
        <omgdi:waypoint x="565.0" y="165.0"/>
        <omgdi:waypoint x="615.0" y="165.0"/>
      </bpmndi:BPMNEdge>
    </bpmndi:BPMNPlane>
  </bpmndi:BPMNDiagram>
</definitions>