{"resourceId":2005,"properties":{"process_id":"Embed","name":"Embed","documentation":"","process_author":"","process_version":"","process_namespace":"http://www.activiti.org/processdef","executionlisteners":"","eventlisteners":"","signaldefinitions":"","messagedefinitions":"","executionvariables":"[{\"variableName\":\"theFile\",\"variableType\":\"string\",\"$$hashKey\":\"uiGrid-0009\"}]","metadata":""},"stencil":{"id":"BPMNDiagram"},"childShapes":[{"resourceId":"startEvent1","properties":{"overrideid":"","name":"","documentation":"","executionlisteners":"","initiator":"","formkeydefinition":"","formreference":{"id":2002,"name":"EmbedImage Start Form","referenceId":null,"variablesmapping":[]},"fieldstovariables":"","formproperties":""},"stencil":{"id":"StartNoneEvent"},"childShapes":[],"outgoing":[{"resourceId":"sid-766350D8-DB7E-426E-B582-02D7B5457B62"}],"bounds":{"lowerRight":{"x":90,"y":180},"upperLeft":{"x":60,"y":150}},"dockers":[]},{"resourceId":"sid-A12DC1EB-2C4C-45A5-B4F8-B9B38A549173","properties":{"overrideid":"","name":"Generate Doc with Image","documentation":"","generatedocumenttemplate":{"id":1002,"name":"Doc-Template (3).docx"},"generatedocumenttaskoutputformat":"pdf","executionvariable_document":{"variableName":"doc","variableType":"document"},"generatedocumentfilename":"doc","additionaldatasources_document":"","additionaldatasourcenames_document":"","type":"http://b3mn.org/stencilset/bpmn2.0#UserTask","asynchronousdefinition":"false","exclusivedefinition":"false","executionlisteners":"","multiinstance_type":"None","multiinstance_cardinality":"","multiinstance_collection":"","multiinstance_variable":"","multiinstance_condition":"","isforcompensation":"false","usertasksendemail":true,"usertaskassignment":"","formkeydefinition":"","formreference":"","fieldstovariables":"","duedatedefinition":"","prioritydefinition":"","categorydefinition":"","formproperties":"","tasklisteners":"","emailtemplate":""},"stencil":{"id":"GenerateDocumentTask"},"childShapes":[],"outgoing":[{"resourceId":"sid-84A83F57-E318-4CDB-B5A6-FF1C478E72E8"}],"bounds":{"lowerRight":{"x":415,"y":205},"upperLeft":{"x":315,"y":125}},"dockers":[]},{"resourceId":"sid-1EA07568-18E8-40A3-9A39-CEB6C4E8CF4D","properties":{"scriptformat":"groovy","scripttext":"import com.activiti.service.runtime.RelatedContentService;\r\nimport com.activiti.service.runtime.RelatedContentStreamProvider;\r\nimport com.activiti.domain.runtime.RelatedContent;\r\nimport java.io.InputStream;\r\nimport org.apache.commons.io.IOUtils;\r\nimport java.nio.charset.StandardCharsets;\r\n\r\nout.println(\"!!!!!!!!!!!!!!!!!!!!!!!!!!!!!!!!!!!!!!!!!!!!!!!!!!!!!!!!!!!!!!!!!!!!!!!!!!!!!!!!!!\");\r\nString fileVariableName = \"image\"; \r\n\r\nList<RelatedContent> contentList = relatedContentService.getFieldContentForProcessInstance(execution.getProcessInstanceId(), fileVariableName, 1, 0).getContent();\r\nRelatedContent content = contentList.get(0);\r\nout.println(\"GDH :\" + content.getName());\r\nInputStream is = relatedContentStreamProvider.getContentStream(content);\r\n\r\nexecution.setVariable('docBase64',IOUtils.toByteArray(is))","executionvariables":"","overrideid":"","name":"File Processing","documentation":"","asynchronousdefinition":"false","exclusivedefinition":"false","executionlisteners":"","multiinstance_type":"None","multiinstance_cardinality":"","multiinstance_collection":"","multiinstance_variable":"","multiinstance_condition":"","isforcompensation":"false"},"stencil":{"id":"ScriptTask"},"childShapes":[],"outgoing":[{"resourceId":"sid-39CA79AF-EFD8-4C8F-9886-9D65D6DFD150"}],"bounds":{"lowerRight":{"x":280,"y":200},"upperLeft":{"x":180,"y":120}},"dockers":[]},{"resourceId":"sid-2F4261D6-04B5-4488-AF9D-AE0EA8707114","properties":{"overrideid":"","name":"Confirmation","documentation":"","asynchronousdefinition":"false","exclusivedefinition":"false","executionlisteners":"","multiinstance_type":"None","multiinstance_cardinality":"","multiinstance_collection":"","multiinstance_variable":"","multiinstance_condition":"","isforcompensation":"false","usertasksendemail":true,"usertaskassignment":"","formkeydefinition":"","formreference":"","fieldstovariables":"","duedatedefinition":"","prioritydefinition":"","categorydefinition":"","formproperties":"","tasklisteners":"","emailtemplate":""},"stencil":{"id":"UserTask"},"childShapes":[],"outgoing":[{"resourceId":"sid-7BBE5572-6C02-488C-9065-19DCD5DCFB93"}],"bounds":{"lowerRight":{"x":565,"y":205},"upperLeft":{"x":465,"y":125}},"dockers":[]},{"resourceId":"sid-84A83F57-E318-4CDB-B5A6-FF1C478E72E8","properties":{"overrideid":"","name":"","documentation":"","conditionsequenceflow":"","executionlisteners":"","defaultflow":"false"},"stencil":{"id":"SequenceFlow"},"childShapes":[],"outgoing":[{"resourceId":"sid-2F4261D6-04B5-4488-AF9D-AE0EA8707114"}],"bounds":{"lowerRight":{"x":464.78125,"y":165},"upperLeft":{"x":415.21875,"y":165}},"dockers":[{"x":50,"y":40},{"x":50,"y":40}],"target":{"resourceId":"sid-2F4261D6-04B5-4488-AF9D-AE0EA8707114"}},{"resourceId":"sid-39CA79AF-EFD8-4C8F-9886-9D65D6DFD150","properties":{"overrideid":"","name":"","documentation":"","conditionsequenceflow":"","executionlisteners":"","defaultflow":"false"},"stencil":{"id":"SequenceFlow"},"childShapes":[],"outgoing":[{"resourceId":"sid-A12DC1EB-2C4C-45A5-B4F8-B9B38A549173"}],"bounds":{"lowerRight":{"x":314.4303726662332,"y":163.12705083949012},"upperLeft":{"x":280.5696273337668,"y":161.87294916050988}},"dockers":[{"x":50,"y":40},{"x":50,"y":40}],"target":{"resourceId":"sid-A12DC1EB-2C4C-45A5-B4F8-B9B38A549173"}},{"resourceId":"sid-766350D8-DB7E-426E-B582-02D7B5457B62","properties":{"overrideid":"","name":"","documentation":"","conditionsequenceflow":"","executionlisteners":"","defaultflow":"false","showdiamondmarker":false},"stencil":{"id":"SequenceFlow"},"childShapes":[],"outgoing":[{"resourceId":"sid-1EA07568-18E8-40A3-9A39-CEB6C4E8CF4D"}],"bounds":{"lowerRight":{"x":179.57861328125,"y":165},"upperLeft":{"x":90.9853515625,"y":165}},"dockers":[{"x":15,"y":15},{"x":69.375,"y":45}],"target":{"resourceId":"sid-1EA07568-18E8-40A3-9A39-CEB6C4E8CF4D"}},{"resourceId":"sid-1AE087DD-FC94-45BE-80B9-2E705F3EE5BC","properties":{"overrideid":"","name":"","documentation":"","executionlisteners":""},"stencil":{"id":"EndNoneEvent"},"childShapes":[],"outgoing":[],"bounds":{"lowerRight":{"x":643,"y":179},"upperLeft":{"x":615,"y":151}},"dockers":[]},{"resourceId":"sid-7BBE5572-6C02-488C-9065-19DCD5DCFB93","properties":{"overrideid":"","name":"","documentation":"","conditionsequenceflow":"","executionlisteners":"","defaultflow":"false"},"stencil":{"id":"SequenceFlow"},"childShapes":[],"outgoing":[{"resourceId":"sid-1AE087DD-FC94-45BE-80B9-2E705F3EE5BC"}],"bounds":{"lowerRight":{"x":614.640625,"y":165},"upperLeft":{"x":565.875,"y":165}},"dockers":[{"x":50,"y":40},{"x":14,"y":14}],"target":{"resourceId":"sid-1AE087DD-FC94-45BE-80B9-2E705F3EE5BC"}}],"bounds":{"lowerRight":{"x":1200,"y":1050},"upperLeft":{"x":0,"y":0}},"stencilset":{"url":"stencilsets/bpmn2.0/bpmn2.0.json","namespace":"http://b3mn.org/stencilset/bpmn2.0#"},"ssextensions":[]}