{"resourceId":3006,"properties":{"process_id":"DirectDepositeForm","name":"FSForm7311","documentation":"Form FS 1200 (June 2018)","process_author":"","process_version":"","process_namespace":"http://www.activiti.org/processdef","executionlisteners":"{\"executionListeners\":[]}","eventlisteners":"{\"eventListeners\":[]}","signaldefinitions":"[]","messagedefinitions":"[]","executionvariables":"[{\"variableName\":\"record\",\"variableType\":\"string\",\"$$hashKey\":\"uiGrid-0069\"},{\"variableName\":\"busKey\",\"variableType\":\"string\",\"$$hashKey\":\"uiGrid-006B\"},{\"variableName\":\"statusReview\",\"variableType\":\"string\",\"$$hashKey\":\"uiGrid-006D\"},{\"variableName\":\"statusApprove\",\"variableType\":\"string\",\"$$hashKey\":\"uiGrid-006F\"},{\"variableName\":\"IsRecord\",\"variableType\":\"string\",\"$$hashKey\":\"uiGrid-006H\"},{\"variableName\":\"userName\",\"variableType\":\"string\",\"$$hashKey\":\"uiGrid-006J\"},{\"variableName\":\"businessKey\",\"variableType\":\"string\",\"$$hashKey\":\"uiGrid-006L\"},{\"variableName\":\"form\",\"variableType\":\"string\",\"$$hashKey\":\"uiGrid-006N\"}]","metadata":"","original_model_id":1035,"original_model_version":29},"stencil":{"id":"BPMNDiagram"},"childShapes":[{"resourceId":"startEvent1","properties":{"overrideid":"startEvent1","name":"Start","documentation":"","executionlisteners":{"executionListeners":[]},"initiator":"","formkeydefinition":"","formreference":{"id":3011,"name":"FSForm7311 Task Assignment","referenceId":null,"variablesmapping":[]},"fieldstovariables":"","formproperties":"","asynchronousdefinition":false,"exclusivedefinition":false},"stencil":{"id":"StartNoneEvent"},"childShapes":[],"outgoing":[{"resourceId":"sid-68A119C9-2691-4068-B6D4-0A1B384CC2AB"}],"bounds":{"lowerRight":{"x":75,"y":149},"upperLeft":{"x":45,"y":119}},"dockers":[]},{"resourceId":"sid-A3466113-AA68-4D9C-9A21-D077E104C980","properties":{"overrideid":"sid-A3466113-AA68-4D9C-9A21-D077E104C980","name":"","documentation":"","conditionsequenceflow":"","executionlisteners":{"executionListeners":[]},"defaultflow":"false","showdiamondmarker":false},"stencil":{"id":"SequenceFlow"},"childShapes":[],"outgoing":[{"resourceId":"sid-7C1761ED-6C1D-4B3B-BC2E-8705D8C35FA4"}],"bounds":{"lowerRight":{"x":479.59803009033203,"y":134},"upperLeft":{"x":430.36755180358887,"y":134}},"dockers":[{"x":50,"y":40},{"x":19.227294921875,"y":40}],"target":{"resourceId":"sid-7C1761ED-6C1D-4B3B-BC2E-8705D8C35FA4"}},{"resourceId":"sid-9E896A07-7F63-4383-A5AC-13421CF601FF","properties":{"overrideid":"sid-9E896A07-7F63-4383-A5AC-13421CF601FF","name":"End-Approved","documentation":"","executionlisteners":{"executionListeners":[]},"asynchronousdefinition":false,"exclusivedefinition":false},"stencil":{"id":"EndNoneEvent"},"childShapes":[],"outgoing":[],"bounds":{"lowerRight":{"x":1003,"y":260.0000021674416},"upperLeft":{"x":975,"y":232.0000021674416}},"dockers":[]},{"resourceId":"sid-0CE5785B-DAC7-4CB6-8F11-A9F9166655FE","properties":{"scriptformat":"javascript","scripttext":"var busKey = \"file-\"+execution.getProcessInstanceId();\r\nexecution.setVariable(\"businessKey\", busKey);\r\nexecution.getEngineServices().getRuntimeService().updateBusinessKey(execution.getProcessInstanceId(),busKey);\r\n\r\nexecution.setVariable(\"statusReview\",\"Review\");\r\nexecution.setVariable(\"statusApprove\",\"Approve\");\r\nexecution.setVariable(\"record\",\"true\");\r\nexecution.setVariable(\"form\",\"7311\");\r\n\r\nprint(\"-----------------------------------------------\");\r\nprint(\"statusReview :\" + statusReview);\r\nprint(\"statusApprove :\" + statusApprove);\r\nprint(\"businessKey :\" + businessKey);\r\nprint(\"assignedUser :\" + assignedUser);\r\n\r\n\r\n//execution.setVariable('fullname',userInfoBean.getUser(assignedUser, execution).fullName);\r\nprint(\"fullName :\" + userInfoBean.getUser(assignedUser, execution).fullName);","executionvariables":"","overrideid":"sid-0CE5785B-DAC7-4CB6-8F11-A9F9166655FE","name":"Set Variables","documentation":"","asynchronousdefinition":true,"exclusivedefinition":false,"executionlisteners":{"executionListeners":[]},"multiinstance_type":"None","multiinstance_cardinality":"","multiinstance_collection":"","multiinstance_variable":"","multiinstance_condition":"","isforcompensation":false},"stencil":{"id":"ScriptTask"},"childShapes":[],"outgoing":[{"resourceId":"sid-153183F9-44EA-4A40-9AD2-55C32BF0C442"}],"bounds":{"lowerRight":{"x":265,"y":174},"upperLeft":{"x":165,"y":94}},"dockers":[]},{"resourceId":"sid-153183F9-44EA-4A40-9AD2-55C32BF0C442","properties":{"overrideid":"sid-153183F9-44EA-4A40-9AD2-55C32BF0C442","name":"","documentation":"","conditionsequenceflow":"","executionlisteners":{"executionListeners":[]},"defaultflow":"false","showdiamondmarker":false},"stencil":{"id":"SequenceFlow"},"childShapes":[],"outgoing":[{"resourceId":"sid-DED11E4D-91A8-4119-85B3-D2335AA6EB96"}],"bounds":{"lowerRight":{"x":330,"y":134},"upperLeft":{"x":265.84375,"y":134}},"dockers":[{"x":50,"y":40},{"x":1,"y":40}],"target":{"resourceId":"sid-DED11E4D-91A8-4119-85B3-D2335AA6EB96"}},{"resourceId":"sid-68A119C9-2691-4068-B6D4-0A1B384CC2AB","properties":{"overrideid":"sid-68A119C9-2691-4068-B6D4-0A1B384CC2AB","name":"","documentation":"","conditionsequenceflow":"","executionlisteners":{"executionListeners":[]},"defaultflow":"false"},"stencil":{"id":"SequenceFlow"},"childShapes":[],"outgoing":[{"resourceId":"sid-0CE5785B-DAC7-4CB6-8F11-A9F9166655FE"}],"bounds":{"lowerRight":{"x":164.3515625,"y":134},"upperLeft":{"x":75.53125,"y":134}},"dockers":[{"x":15,"y":15},{"x":50,"y":40}],"target":{"resourceId":"sid-0CE5785B-DAC7-4CB6-8F11-A9F9166655FE"}},{"resourceId":"sid-FF6248F5-813B-4598-8733-24AAB5B79CDF","properties":{"overrideid":"sid-FF6248F5-813B-4598-8733-24AAB5B79CDF","name":"","documentation":"","conditionsequenceflow":"","executionlisteners":{"executionListeners":[]},"defaultflow":"false","showdiamondmarker":false},"stencil":{"id":"SequenceFlow"},"childShapes":[],"outgoing":[{"resourceId":"sid-B805A8C9-74A6-4FD5-9092-5F26AF522085"}],"bounds":{"lowerRight":{"x":645,"y":134},"upperLeft":{"x":580.84375,"y":134}},"dockers":[{"x":50,"y":40},{"x":1,"y":40}],"target":{"resourceId":"sid-B805A8C9-74A6-4FD5-9092-5F26AF522085"}},{"resourceId":"sid-B805A8C9-74A6-4FD5-9092-5F26AF522085","properties":{"overrideid":"revieewtask","name":"Review FSForm7311","documentation":"","asynchronousdefinition":"false","exclusivedefinition":"false","executionlisteners":"","multiinstance_type":"None","multiinstance_cardinality":"","multiinstance_collection":"","multiinstance_variable":"","multiinstance_condition":"","isforcompensation":"false","usertasksendemail":true,"usertaskassignment":{"assignment":{"type":"idm","initiatorCanCompleteTask":true,"idm":{"type":"initiator"}}},"formkeydefinition":"","formreference":{"id":4009,"name":"FSForm7311_Review","referenceId":null,"variablesmapping":[]},"fieldstovariables":"","duedatedefinition":"","prioritydefinition":"","categorydefinition":"","formproperties":"","tasklisteners":"","emailtemplate":""},"stencil":{"id":"UserTask"},"childShapes":[],"outgoing":[{"resourceId":"sid-39D2C3CE-3839-4106-8137-739B7961F8B4"}],"bounds":{"lowerRight":{"x":745,"y":174},"upperLeft":{"x":645,"y":94}},"dockers":[]},{"resourceId":"sid-3CC603C4-8745-4413-895B-EB37BA528140","properties":{"overrideid":"","name":"","documentation":"","asynchronousdefinition":"false","exclusivedefinition":"false","sequencefloworder":""},"stencil":{"id":"ExclusiveGateway"},"childShapes":[],"outgoing":[{"resourceId":"sid-37048E81-D34F-43D1-96FD-8D2794AEE07A"},{"resourceId":"sid-3AF30FFF-CB00-44B2-9EC5-9AF7D4EDC44C"}],"bounds":{"lowerRight":{"x":715,"y":266.0000021674416},"upperLeft":{"x":675,"y":226.0000021674416}},"dockers":[]},{"resourceId":"sid-DED11E4D-91A8-4119-85B3-D2335AA6EB96","properties":{"overrideid":"sid-1848C7E5-EFEA-4F48-97C6-1A587182372E","name":"Complete FSForm7311","documentation":"","asynchronousdefinition":false,"exclusivedefinition":false,"executionlisteners":{"executionListeners":[]},"multiinstance_type":"None","multiinstance_cardinality":"","multiinstance_collection":"","multiinstance_variable":"","multiinstance_condition":"","isforcompensation":false,"usertasksendemail":true,"usertaskassignment":{"assignment":{"type":"idm","idm":{"type":"user","assigneeField":{"id":"assignedUser","name":"Assign User","type":"people"}},"initiatorCanCompleteTask":true}},"formkeydefinition":"","formreference":{"id":3008,"name":"FSForm7311_May2017","referenceId":null,"variablesmapping":[]},"fieldstovariables":"","duedatedefinition":"","prioritydefinition":"","categorydefinition":"","formproperties":"","tasklisteners":{"taskListeners":[]},"emailtemplate":"","type":"http://b3mn.org/stencilset/bpmn2.0#UserTask","generatedocumenttemplate":"","generatedocumenttaskoutputformat":"","executionvariable_document":"","generatedocumentfilename":"","additionaldatasources_document":"","additionaldatasourcenames_document":""},"stencil":{"id":"UserTask"},"childShapes":[],"outgoing":[{"resourceId":"sid-A3466113-AA68-4D9C-9A21-D077E104C980"}],"bounds":{"lowerRight":{"x":430,"y":174},"upperLeft":{"x":330,"y":94}},"dockers":[]},{"resourceId":"sid-7C1761ED-6C1D-4B3B-BC2E-8705D8C35FA4","properties":{"overrideid":"FSForm7311","name":"Create FSForm7311 Document","documentation":"","generatedocumenttemplate":{"id":3007,"name":"FSForm7311_May2017reviewed (1).docx"},"generatedocumenttaskoutputformat":"pdf","executionvariable_document":{"variableName":"FSForm7311","variableType":"document"},"generatedocumentfilename":"FSForm7311","additionaldatasources_document":"","additionaldatasourcenames_document":"","type":"http://b3mn.org/stencilset/bpmn2.0#GenerateDocumentTask","asynchronousdefinition":true,"exclusivedefinition":true,"executionlisteners":{"executionListeners":[]},"multiinstance_type":"None","multiinstance_cardinality":"","multiinstance_collection":"","multiinstance_variable":"","multiinstance_condition":"","isforcompensation":false,"usertasksendemail":true,"usertaskassignment":"","formkeydefinition":"","formreference":"","fieldstovariables":"","duedatedefinition":"","prioritydefinition":"","categorydefinition":"","formproperties":"","tasklisteners":"","emailtemplate":""},"stencil":{"id":"GenerateDocumentTask"},"childShapes":[],"outgoing":[{"resourceId":"sid-FF6248F5-813B-4598-8733-24AAB5B79CDF"}],"bounds":{"lowerRight":{"x":580,"y":174},"upperLeft":{"x":480,"y":94}},"dockers":[]},{"resourceId":"sid-F70BA7A4-D117-49F0-AD2B-ADEB4B259B8B","properties":{"overrideid":"sid-F70BA7A4-D117-49F0-AD2B-ADEB4B259B8B","name":"Declare Record","documentation":"","alfresco_cloud_content":{"source":"process","metaDataColumnDefinitions":[{"fileProperty":"BFS:fullName","propertyType":"string","propertyValueType":"field","formField":{"id":"fullname","name":"Full Name","type":"text"}},{"fileProperty":"BFS:SSN","propertyType":"string","propertyValueType":"field","formField":{"id":"SSN","name":"Social Security Number","type":"text"}},{"fileProperty":"BFS:Status","propertyType":"string","propertyValueType":"variable","processVariable":{"id":"statusApprove","name":"statusApprove","type":"string"}},{"fileProperty":"BFS:Record","propertyType":"string","propertyValueType":"variable","processVariable":{"id":"record","name":"record","type":"string"}},{"fileProperty":"BFS:Form","propertyType":"string","propertyValueType":"variable","processVariable":{"id":"form","name":"form","type":"string"}}],"documentAspects":[{"aspectName":"cm:titled"},{"aspectName":"BFS:FSForm-7311"}],"documentType":"cmis:document"},"alfresco_cloud_destination":{"account":"alfresco-1-alfresco-1","site":"hr-forms-processing","path":"304186aa-f544-49ec-972b-c8def2aa3f51","path_title":"documentLibrary > Automated Process","site_title":"HR Forms Processing","publish_as_type":"process_initiator","folder":"fullname"},"executionlisteners":{"executionListeners":[]},"isforcompensation":false,"asynchronousdefinition":true,"exclusivedefinition":true},"stencil":{"id":"PublishToAlfrescoCloudTask"},"childShapes":[],"outgoing":[{"resourceId":"sid-F503EF8C-FB75-486C-B0D3-F7434992CA9A"}],"bounds":{"lowerRight":{"x":895.2421935480002,"y":286.08374410294164},"upperLeft":{"x":795,"y":205.91626023194158}},"dockers":[]},{"resourceId":"sid-F503EF8C-FB75-486C-B0D3-F7434992CA9A","properties":{"overrideid":"","name":"","documentation":"","conditionsequenceflow":"","executionlisteners":"","defaultflow":"false","showdiamondmarker":false},"stencil":{"id":"SequenceFlow"},"childShapes":[],"outgoing":[{"resourceId":"sid-9E896A07-7F63-4383-A5AC-13421CF601FF"}],"bounds":{"lowerRight":{"x":974.3618472782032,"y":246.0000021674416},"upperLeft":{"x":895.4421411288752,"y":246.0000021674416}},"dockers":[{"x":77.62109677400008,"y":40.08374193550003},{"x":14,"y":14}],"target":{"resourceId":"sid-9E896A07-7F63-4383-A5AC-13421CF601FF"}},{"resourceId":"sid-39D2C3CE-3839-4106-8137-739B7961F8B4","properties":{"overrideid":"","name":"","documentation":"","conditionsequenceflow":{"expression":{"type":"variables","outcomeFormId":4009,"outcomeFormName":"FSForm7311_Review","operator":"==","rightOutcomeFormId":4009,"rightOutcomeFormName":"FSForm7311_Review","rightOutcomeName":"Approve"}},"executionlisteners":"","defaultflow":"false","showdiamondmarker":false},"stencil":{"id":"SequenceFlow"},"childShapes":[],"outgoing":[{"resourceId":"sid-3CC603C4-8745-4413-895B-EB37BA528140"}],"bounds":{"lowerRight":{"x":695.4057118495363,"y":225.28516790437595},"upperLeft":{"x":695.1802256504637,"y":174.55077213559468}},"dockers":[{"x":50,"y":40},{"x":20.5,"y":20.5}],"target":{"resourceId":"sid-3CC603C4-8745-4413-895B-EB37BA528140"}},{"resourceId":"sid-3AF30FFF-CB00-44B2-9EC5-9AF7D4EDC44C","properties":{"overrideid":"Approved","name":"Approved","documentation":"","conditionsequenceflow":{"expression":{"type":"variables","outcomeFormId":4009,"outcomeFormName":"FSForm7311_Review","operator":"==","rightOutcomeFormId":4009,"rightOutcomeFormName":"FSForm7311_Review","rightOutcomeName":"Approve"}},"executionlisteners":"","defaultflow":false,"showdiamondmarker":false},"stencil":{"id":"SequenceFlow"},"childShapes":[],"outgoing":[{"resourceId":"sid-F70BA7A4-D117-49F0-AD2B-ADEB4B259B8B"}],"bounds":{"lowerRight":{"x":794.455153697153,"y":246.41782190177187},"upperLeft":{"x":715.3891527540034,"y":246.0911279976465}},"dockers":[{"x":20.5,"y":20.500000000000014},{"x":1.2421935480000457,"y":40.16748387100003}],"target":{"resourceId":"sid-F70BA7A4-D117-49F0-AD2B-ADEB4B259B8B"}},{"resourceId":"sid-37048E81-D34F-43D1-96FD-8D2794AEE07A","properties":{"overrideid":"Return","name":"Return","documentation":"","conditionsequenceflow":{"expression":{"type":"variables","outcomeFormId":4009,"outcomeFormName":"FSForm7311_Review","operator":"==","rightOutcomeFormId":4009,"rightOutcomeFormName":"FSForm7311_Review","rightOutcomeName":"Reject"}},"executionlisteners":"","defaultflow":false,"showdiamondmarker":false},"stencil":{"id":"SequenceFlow"},"childShapes":[],"outgoing":[{"resourceId":"sid-DED11E4D-91A8-4119-85B3-D2335AA6EB96"}],"bounds":{"lowerRight":{"x":674.78125,"y":246.5000021674416},"upperLeft":{"x":380,"y":174.57421876693314}},"dockers":[{"x":20.5,"y":20.500000000000014},{"x":380,"y":246.5000021674416},{"x":50,"y":79}],"target":{"resourceId":"sid-DED11E4D-91A8-4119-85B3-D2335AA6EB96"}}],"bounds":{"lowerRight":{"x":1200,"y":1050},"upperLeft":{"x":0,"y":0}},"stencilset":{"url":"stencilsets/bpmn2.0/bpmn2.0.json","namespace":"http://b3mn.org/stencilset/bpmn2.0#"},"ssextensions":[]}