<?xml version='1.0' encoding='UTF-8'?>
<definitions xmlns="http://www.omg.org/spec/BPMN/20100524/MODEL" xmlns:xsi="http://www.w3.org/2001/XMLSchema-instance" xmlns:xsd="http://www.w3.org/2001/XMLSchema" xmlns:activiti="http://activiti.org/bpmn" xmlns:bpmndi="http://www.omg.org/spec/BPMN/20100524/DI" xmlns:omgdc="http://www.omg.org/spec/DD/20100524/DC" xmlns:omgdi="http://www.omg.org/spec/DD/20100524/DI" typeLanguage="http://www.w3.org/2001/XMLSchema" expressionLanguage="http://www.w3.org/1999/XPath" targetNamespace="http://www.activiti.org/processdef" xmlns:modeler="http://activiti.com/modeler" modeler:version="1.0en" modeler:exportDateTime="20210819154128245" modeler:modelId="3006" modeler:modelVersion="65" modeler:modelLastUpdated="1553279487461" modeler:originalModelId="1035" modeler:originalModelVersion="29">
  <process id="DirectDepositeForm" name="FSForm7311" isExecutable="true">
    <documentation>Form FS 1200 (June 2018)</documentation>
    <extensionElements>
      <modeler:executionvariables xmlns:modeler="http://activiti.com/modeler" modeler:variableName="record" modeler:variableType="string"/>
      <modeler:executionvariables xmlns:modeler="http://activiti.com/modeler" modeler:variableName="busKey" modeler:variableType="string"/>
      <modeler:executionvariables xmlns:modeler="http://activiti.com/modeler" modeler:variableName="statusReview" modeler:variableType="string"/>
      <modeler:executionvariables xmlns:modeler="http://activiti.com/modeler" modeler:variableName="statusApprove" modeler:variableType="string"/>
      <modeler:executionvariables xmlns:modeler="http://activiti.com/modeler" modeler:variableName="IsRecord" modeler:variableType="string"/>
      <modeler:executionvariables xmlns:modeler="http://activiti.com/modeler" modeler:variableName="userName" modeler:variableType="string"/>
      <modeler:executionvariables xmlns:modeler="http://activiti.com/modeler" modeler:variableName="businessKey" modeler:variableType="string"/>
      <modeler:executionvariables xmlns:modeler="http://activiti.com/modeler" modeler:variableName="form" modeler:variableType="string"/>
    </extensionElements>
    <startEvent id="startEvent1" name="Start" activiti:formKey="3011">
      <extensionElements>
        <modeler:form-reference-id><![CDATA[3011]]></modeler:form-reference-id>
        <modeler:form-reference-name><![CDATA[FSForm7311 Task Assignment]]></modeler:form-reference-name>
        <modeler:editor-resource-id><![CDATA[startEvent1]]></modeler:editor-resource-id>
      </extensionElements>
    </startEvent>
    <sequenceFlow id="sid-A3466113-AA68-4D9C-9A21-D077E104C980" sourceRef="sid-1848C7E5-EFEA-4F48-97C6-1A587182372E" targetRef="FSForm7311">
      <extensionElements>
        <modeler:editor-resource-id><![CDATA[sid-A3466113-AA68-4D9C-9A21-D077E104C980]]></modeler:editor-resource-id>
      </extensionElements>
    </sequenceFlow>
    <endEvent id="sid-9E896A07-7F63-4383-A5AC-13421CF601FF" name="End-Approved">
      <extensionElements>
        <modeler:editor-resource-id><![CDATA[sid-9E896A07-7F63-4383-A5AC-13421CF601FF]]></modeler:editor-resource-id>
      </extensionElements>
    </endEvent>
    <scriptTask id="sid-0CE5785B-DAC7-4CB6-8F11-A9F9166655FE" name="Set Variables" activiti:async="true" activiti:exclusive="false" scriptFormat="javascript" activiti:autoStoreVariables="false">
      <extensionElements>
        <modeler:editor-resource-id><![CDATA[sid-0CE5785B-DAC7-4CB6-8F11-A9F9166655FE]]></modeler:editor-resource-id>
      </extensionElements>
      <script><![CDATA[var busKey = "file-"+execution.getProcessInstanceId();
execution.setVariable("businessKey", busKey);
execution.getEngineServices().getRuntimeService().updateBusinessKey(execution.getProcessInstanceId(),busKey);

execution.setVariable("statusReview","Review");
execution.setVariable("statusApprove","Approve");
execution.setVariable("record","true");
execution.setVariable("form","7311");

print("-----------------------------------------------");
print("statusReview :" + statusReview);
print("statusApprove :" + statusApprove);
print("businessKey :" + businessKey);
print("assignedUser :" + assignedUser);


//execution.setVariable('fullname',userInfoBean.getUser(assignedUser, execution).fullName);
print("fullName :" + userInfoBean.getUser(assignedUser, execution).fullName);]]></script>
    </scriptTask>
    <sequenceFlow id="sid-153183F9-44EA-4A40-9AD2-55C32BF0C442" sourceRef="sid-0CE5785B-DAC7-4CB6-8F11-A9F9166655FE" targetRef="sid-1848C7E5-EFEA-4F48-97C6-1A587182372E">
      <extensionElements>
        <modeler:editor-resource-id><![CDATA[sid-153183F9-44EA-4A40-9AD2-55C32BF0C442]]></modeler:editor-resource-id>
      </extensionElements>
    </sequenceFlow>
    <sequenceFlow id="sid-68A119C9-2691-4068-B6D4-0A1B384CC2AB" sourceRef="startEvent1" targetRef="sid-0CE5785B-DAC7-4CB6-8F11-A9F9166655FE">
      <extensionElements>
        <modeler:editor-resource-id><![CDATA[sid-68A119C9-2691-4068-B6D4-0A1B384CC2AB]]></modeler:editor-resource-id>
      </extensionElements>
    </sequenceFlow>
    <sequenceFlow id="sid-FF6248F5-813B-4598-8733-24AAB5B79CDF" sourceRef="FSForm7311" targetRef="revieewtask">
      <extensionElements>
        <modeler:editor-resource-id><![CDATA[sid-FF6248F5-813B-4598-8733-24AAB5B79CDF]]></modeler:editor-resource-id>
      </extensionElements>
    </sequenceFlow>
    <userTask id="revieewtask" name="Review FSForm7311" activiti:assignee="$INITIATOR" activiti:formKey="4009">
      <extensionElements>
        <modeler:allow-send-email><![CDATA[true]]></modeler:allow-send-email>
        <modeler:form-reference-id><![CDATA[4009]]></modeler:form-reference-id>
        <modeler:form-reference-name><![CDATA[FSForm7311_Review]]></modeler:form-reference-name>
        <modeler:activiti-idm-initiator><![CDATA[true]]></modeler:activiti-idm-initiator>
        <modeler:initiator-can-complete><![CDATA[true]]></modeler:initiator-can-complete>
        <modeler:editor-resource-id><![CDATA[sid-B805A8C9-74A6-4FD5-9092-5F26AF522085]]></modeler:editor-resource-id>
      </extensionElements>
    </userTask>
    <exclusiveGateway id="sid-3CC603C4-8745-4413-895B-EB37BA528140">
      <extensionElements>
        <modeler:editor-resource-id><![CDATA[sid-3CC603C4-8745-4413-895B-EB37BA528140]]></modeler:editor-resource-id>
      </extensionElements>
    </exclusiveGateway>
    <userTask id="sid-1848C7E5-EFEA-4F48-97C6-1A587182372E" name="Complete FSForm7311" activiti:assignee="${taskAssignmentBean.assignTaskToAssignee('assignedUser', execution)}" activiti:formKey="3008">
      <extensionElements>
        <modeler:allow-send-email><![CDATA[true]]></modeler:allow-send-email>
        <modeler:form-reference-id><![CDATA[3008]]></modeler:form-reference-id>
        <modeler:form-reference-name><![CDATA[FSForm7311_May2017]]></modeler:form-reference-name>
        <modeler:activiti-idm-assignee-field><![CDATA[assignedUser]]></modeler:activiti-idm-assignee-field>
        <modeler:assignee-field-info-name><![CDATA[Assign User]]></modeler:assignee-field-info-name>
        <modeler:initiator-can-complete><![CDATA[true]]></modeler:initiator-can-complete>
        <modeler:editor-resource-id><![CDATA[sid-DED11E4D-91A8-4119-85B3-D2335AA6EB96]]></modeler:editor-resource-id>
      </extensionElements>
    </userTask>
    <serviceTask id="FSForm7311" name="Create FSForm7311 Document" activiti:async="true" activiti:delegateExpression="${activiti_generateDocumentDelegate}">
      <extensionElements>
        <activiti:field name="outputFormat">
          <activiti:string><![CDATA[pdf]]></activiti:string>
        </activiti:field>
        <activiti:field name="templateId">
          <activiti:string><![CDATA[3007]]></activiti:string>
        </activiti:field>
        <activiti:field name="templateName">
          <activiti:string><![CDATA[FSForm7311_May2017reviewed (1).docx]]></activiti:string>
        </activiti:field>
        <activiti:field name="fileName">
          <activiti:string><![CDATA[FSForm7311]]></activiti:string>
        </activiti:field>
        <activiti:field name="variableName">
          <activiti:string><![CDATA[FSForm7311]]></activiti:string>
        </activiti:field>
        <modeler:executionvariables modeler:variableName="FSForm7311" modeler:variableType="document"/>
        <modeler:editor-resource-id><![CDATA[sid-7C1761ED-6C1D-4B3B-BC2E-8705D8C35FA4]]></modeler:editor-resource-id>
      </extensionElements>
    </serviceTask>
    <serviceTask id="sid-F70BA7A4-D117-49F0-AD2B-ADEB4B259B8B" name="Declare Record" activiti:async="true" activiti:delegateExpression="${activiti_publishAlfrescoDelegate}">
      <extensionElements>
        <activiti:field name="contentSource">
          <activiti:string><![CDATA[process]]></activiti:string>
        </activiti:field>
        <activiti:field name="metaDataMapping">
          <activiti:string><![CDATA[[{"fileProperty":"BFS:fullName","propertyType":"string","propertyValueType":"field","formField":{"id":"fullname","name":"Full Name","type":"text"}},{"fileProperty":"BFS:SSN","propertyType":"string","propertyValueType":"field","formField":{"id":"SSN","name":"Social Security Number","type":"text"}},{"fileProperty":"BFS:Status","propertyType":"string","propertyValueType":"variable","processVariable":{"id":"statusApprove","name":"statusApprove","type":"string"}},{"fileProperty":"BFS:Record","propertyType":"string","propertyValueType":"variable","processVariable":{"id":"record","name":"record","type":"string"}},{"fileProperty":"BFS:Form","propertyType":"string","propertyValueType":"variable","processVariable":{"id":"form","name":"form","type":"string"}}]]]></activiti:string>
        </activiti:field>
        <activiti:field name="documentType">
          <activiti:string><![CDATA[cmis:document]]></activiti:string>
        </activiti:field>
        <activiti:field name="documentAspects">
          <activiti:string><![CDATA[[{"aspectName":"cm:titled"},{"aspectName":"BFS:FSForm-7311"}]]]></activiti:string>
        </activiti:field>
        <activiti:field name="account">
          <activiti:string><![CDATA[alfresco-1-alfresco-1]]></activiti:string>
        </activiti:field>
        <activiti:field name="site">
          <activiti:string><![CDATA[hr-forms-processing]]></activiti:string>
        </activiti:field>
        <activiti:field name="publishAsType">
          <activiti:string><![CDATA[process_initiator]]></activiti:string>
        </activiti:field>
        <activiti:field name="path">
          <activiti:string><![CDATA[304186aa-f544-49ec-972b-c8def2aa3f51]]></activiti:string>
        </activiti:field>
        <activiti:field name="createFolder">
          <activiti:expression><![CDATA[${fullname}]]></activiti:expression>
        </activiti:field>
        <modeler:publish-task-type><![CDATA[alfresco]]></modeler:publish-task-type>
        <modeler:site_title><![CDATA[HR Forms Processing]]></modeler:site_title>
        <modeler:path_title><![CDATA[documentLibrary > Automated Process]]></modeler:path_title>
        <modeler:editor-resource-id><![CDATA[sid-F70BA7A4-D117-49F0-AD2B-ADEB4B259B8B]]></modeler:editor-resource-id>
      </extensionElements>
    </serviceTask>
    <sequenceFlow id="sid-F503EF8C-FB75-486C-B0D3-F7434992CA9A" sourceRef="sid-F70BA7A4-D117-49F0-AD2B-ADEB4B259B8B" targetRef="sid-9E896A07-7F63-4383-A5AC-13421CF601FF">
      <extensionElements>
        <modeler:editor-resource-id><![CDATA[sid-F503EF8C-FB75-486C-B0D3-F7434992CA9A]]></modeler:editor-resource-id>
      </extensionElements>
    </sequenceFlow>
    <sequenceFlow id="sid-39D2C3CE-3839-4106-8137-739B7961F8B4" sourceRef="revieewtask" targetRef="sid-3CC603C4-8745-4413-895B-EB37BA528140">
      <extensionElements>
        <modeler:conditionDefinition modeler:index="0" modeler:outcomeFormId="4009" modeler:outcomeFormName="FSForm7311_Review" modeler:rightOutcomeName="Approve" modeler:operator="=="/>
        <modeler:editor-resource-id><![CDATA[sid-39D2C3CE-3839-4106-8137-739B7961F8B4]]></modeler:editor-resource-id>
      </extensionElements>
      <conditionExpression xsi:type="tFormalExpression"><![CDATA[${(activiti_flowConditionsBean.exists(execution, 'form4009outcome') && form4009outcome == 'Approve')}]]></conditionExpression>
    </sequenceFlow>
    <sequenceFlow id="Approved" name="Approved" sourceRef="sid-3CC603C4-8745-4413-895B-EB37BA528140" targetRef="sid-F70BA7A4-D117-49F0-AD2B-ADEB4B259B8B">
      <extensionElements>
        <modeler:conditionDefinition modeler:index="0" modeler:outcomeFormId="4009" modeler:outcomeFormName="FSForm7311_Review" modeler:rightOutcomeName="Approve" modeler:operator="=="/>
        <modeler:editor-resource-id><![CDATA[sid-3AF30FFF-CB00-44B2-9EC5-9AF7D4EDC44C]]></modeler:editor-resource-id>
      </extensionElements>
      <conditionExpression xsi:type="tFormalExpression"><![CDATA[${(activiti_flowConditionsBean.exists(execution, 'form4009outcome') && form4009outcome == 'Approve')}]]></conditionExpression>
    </sequenceFlow>
    <sequenceFlow id="Return" name="Return" sourceRef="sid-3CC603C4-8745-4413-895B-EB37BA528140" targetRef="sid-1848C7E5-EFEA-4F48-97C6-1A587182372E">
      <extensionElements>
        <modeler:conditionDefinition modeler:index="0" modeler:outcomeFormId="4009" modeler:outcomeFormName="FSForm7311_Review" modeler:rightOutcomeName="Reject" modeler:operator="=="/>
        <modeler:editor-resource-id><![CDATA[sid-37048E81-D34F-43D1-96FD-8D2794AEE07A]]></modeler:editor-resource-id>
      </extensionElements>
      <conditionExpression xsi:type="tFormalExpression"><![CDATA[${(activiti_flowConditionsBean.exists(execution, 'form4009outcome') && form4009outcome == 'Reject')}]]></conditionExpression>
    </sequenceFlow>
  </process>
  <bpmndi:BPMNDiagram id="BPMNDiagram_DirectDepositeForm">
    <bpmndi:BPMNPlane bpmnElement="DirectDepositeForm" id="BPMNPlane_DirectDepositeForm">
      <bpmndi:BPMNShape bpmnElement="startEvent1" id="BPMNShape_startEvent1">
        <omgdc:Bounds height="30.0" width="30.0" x="45.0" y="119.0"/>
      </bpmndi:BPMNShape>
      <bpmndi:BPMNShape bpmnElement="sid-9E896A07-7F63-4383-A5AC-13421CF601FF" id="BPMNShape_sid-9E896A07-7F63-4383-A5AC-13421CF601FF">
        <omgdc:Bounds height="28.0" width="28.0" x="975.0" y="232.0000021674416"/>
      </bpmndi:BPMNShape>
      <bpmndi:BPMNShape bpmnElement="sid-0CE5785B-DAC7-4CB6-8F11-A9F9166655FE" id="BPMNShape_sid-0CE5785B-DAC7-4CB6-8F11-A9F9166655FE">
        <omgdc:Bounds height="80.0" width="100.0" x="165.0" y="94.0"/>
      </bpmndi:BPMNShape>
      <bpmndi:BPMNShape bpmnElement="revieewtask" id="BPMNShape_revieewtask">
        <omgdc:Bounds height="80.0" width="100.0" x="645.0" y="94.0"/>
      </bpmndi:BPMNShape>
      <bpmndi:BPMNShape bpmnElement="sid-3CC603C4-8745-4413-895B-EB37BA528140" id="BPMNShape_sid-3CC603C4-8745-4413-895B-EB37BA528140">
        <omgdc:Bounds height="40.0" width="40.0" x="675.0" y="226.0000021674416"/>
      </bpmndi:BPMNShape>
      <bpmndi:BPMNShape bpmnElement="sid-1848C7E5-EFEA-4F48-97C6-1A587182372E" id="BPMNShape_sid-1848C7E5-EFEA-4F48-97C6-1A587182372E">
        <omgdc:Bounds height="80.0" width="100.0" x="330.0" y="94.0"/>
      </bpmndi:BPMNShape>
      <bpmndi:BPMNShape bpmnElement="FSForm7311" id="BPMNShape_FSForm7311">
        <omgdc:Bounds height="80.0" width="100.0" x="480.0" y="94.0"/>
      </bpmndi:BPMNShape>
      <bpmndi:BPMNShape bpmnElement="sid-F70BA7A4-D117-49F0-AD2B-ADEB4B259B8B" id="BPMNShape_sid-F70BA7A4-D117-49F0-AD2B-ADEB4B259B8B">
        <omgdc:Bounds height="80.16748387100006" width="100.24219354800016" x="795.0" y="205.91626023194158"/>
      </bpmndi:BPMNShape>
      <bpmndi:BPMNEdge bpmnElement="sid-153183F9-44EA-4A40-9AD2-55C32BF0C442" id="BPMNEdge_sid-153183F9-44EA-4A40-9AD2-55C32BF0C442">
        <omgdi:waypoint x="265.0" y="134.0"/>
        <omgdi:waypoint x="330.0" y="134.0"/>
      </bpmndi:BPMNEdge>
      <bpmndi:BPMNEdge bpmnElement="sid-A3466113-AA68-4D9C-9A21-D077E104C980" id="BPMNEdge_sid-A3466113-AA68-4D9C-9A21-D077E104C980">
        <omgdi:waypoint x="430.0" y="134.0"/>
        <omgdi:waypoint x="480.0" y="134.0"/>
      </bpmndi:BPMNEdge>
      <bpmndi:BPMNEdge bpmnElement="sid-68A119C9-2691-4068-B6D4-0A1B384CC2AB" id="BPMNEdge_sid-68A119C9-2691-4068-B6D4-0A1B384CC2AB">
        <omgdi:waypoint x="75.0" y="134.0"/>
        <omgdi:waypoint x="165.0" y="134.0"/>
      </bpmndi:BPMNEdge>
      <bpmndi:BPMNEdge bpmnElement="Return" id="BPMNEdge_Return">
        <omgdi:waypoint x="675.5" y="246.5000021674416"/>
        <omgdi:waypoint x="380.0" y="246.5000021674416"/>
        <omgdi:waypoint x="380.0" y="174.0"/>
      </bpmndi:BPMNEdge>
      <bpmndi:BPMNEdge bpmnElement="sid-39D2C3CE-3839-4106-8137-739B7961F8B4" id="BPMNEdge_sid-39D2C3CE-3839-4106-8137-739B7961F8B4">
        <omgdi:waypoint x="695.1777777743526" y="174.0"/>
        <omgdi:waypoint x="695.4107142874421" y="226.41071645488375"/>
      </bpmndi:BPMNEdge>
      <bpmndi:BPMNEdge bpmnElement="Approved" id="BPMNEdge_Approved">
        <omgdi:waypoint x="714.5788320904996" y="246.42117007694193"/>
        <omgdi:waypoint x="795.0" y="246.08887673966325"/>
      </bpmndi:BPMNEdge>
      <bpmndi:BPMNEdge bpmnElement="sid-F503EF8C-FB75-486C-B0D3-F7434992CA9A" id="BPMNEdge_sid-F503EF8C-FB75-486C-B0D3-F7434992CA9A">
        <omgdi:waypoint x="895.2421935480002" y="246.0000021674416"/>
        <omgdi:waypoint x="975.0" y="246.0000021674416"/>
      </bpmndi:BPMNEdge>
      <bpmndi:BPMNEdge bpmnElement="sid-FF6248F5-813B-4598-8733-24AAB5B79CDF" id="BPMNEdge_sid-FF6248F5-813B-4598-8733-24AAB5B79CDF">
        <omgdi:waypoint x="580.0" y="134.0"/>
        <omgdi:waypoint x="645.0" y="134.0"/>
      </bpmndi:BPMNEdge>
    </bpmndi:BPMNPlane>
  </bpmndi:BPMNDiagram>
</definitions>