{"models":[{"id":3006,"name":"childp","version":1,"modelType":0,"description":"","stencilSetId":0,"createdByFullName":" Administrator","createdBy":1,"lastUpdatedByFullName":" Administrator","lastUpdatedBy":1,"lastUpdated":"2017-01-10T21:32:44.649+0000"},{"id":2018,"name":"p1","version":5,"modelType":0,"description":"","stencilSetId":0,"createdByFullName":" Administrator","createdBy":1,"lastUpdatedByFullName":" Administrator","lastUpdatedBy":1,"lastUpdated":"2017-01-10T21:30:48.165+0000"}],"theme":"theme-1","icon":"glyphicon-asterisk","publishIdentityInfo":[]}