{"name":"Review Processes","description":"Review Processes app","definition":{"models":[{"id":1029,"name":"RM Disposition Review Workflow","version":2,"modelType":1,"description":"","stencilSetId":5,"createdByFullName":"Demo User","createdBy":2,"lastUpdatedByFullName":"Demo User","lastUpdatedBy":2,"lastUpdated":"2019-02-15T16:33:29.564+0000"},{"id":1032,"name":"ALF Records Declaration Process","version":2,"modelType":1,"description":"","stencilSetId":null,"createdByFullName":"Demo User","createdBy":2,"lastUpdatedByFullName":"Demo User","lastUpdatedBy":2,"lastUpdated":"2019-02-15T16:33:29.568+0000"},{"id":1030,"name":"Review and Approve - Group","version":2,"modelType":1,"description":"","stencilSetId":null,"createdByFullName":"Demo User","createdBy":2,"lastUpdatedByFullName":"Demo User","lastUpdatedBy":2,"lastUpdated":"2019-02-15T16:33:29.571+0000"},{"id":1028,"name":"Review and Approve - Single person","version":2,"modelType":1,"description":"","stencilSetId":null,"createdByFullName":"Demo User","createdBy":2,"lastUpdatedByFullName":"Demo User","lastUpdatedBy":2,"lastUpdated":"2019-02-15T16:33:29.573+0000"},{"id":1033,"name":"Group Ad hoc Task","version":2,"modelType":1,"description":null,"stencilSetId":null,"createdByFullName":"Demo User","createdBy":2,"lastUpdatedByFullName":"Demo User","lastUpdatedBy":2,"lastUpdated":"2019-02-15T16:33:29.575+0000"},{"id":1031,"name":"Ad hoc Task","version":2,"modelType":1,"description":"","stencilSetId":null,"createdByFullName":"Demo User","createdBy":2,"lastUpdatedByFullName":"Demo User","lastUpdatedBy":2,"lastUpdated":"2019-02-15T16:33:29.577+0000"}],"theme":"theme-9","icon":"glyphicon-file","publishIdentityInfo":[]}}