{"resourceId":5007,"properties":{"process_id":"SendEmailWithAttachments","name":"Send Email With Attachments","documentation":"","process_author":"","process_version":"","process_namespace":"http://www.activiti.org/processdef","executionlisteners":"","eventlisteners":"","signaldefinitions":"","messagedefinitions":"","executionvariables":"","metadata":""},"stencil":{"id":"BPMNDiagram"},"childShapes":[{"resourceId":"startEvent1","properties":{"overrideid":"","name":"Start","documentation":"","executionlisteners":"","initiator":"","formkeydefinition":"","formreference":{"id":6006,"name":"Input Data","referenceId":5007,"variablesmapping":[]},"fieldstovariables":"","formproperties":""},"stencil":{"id":"StartNoneEvent"},"childShapes":[],"outgoing":[{"resourceId":"sid-D5B96BA8-C0F4-4E6F-B781-D08C251025A5"}],"bounds":{"lowerRight":{"x":240,"y":194},"upperLeft":{"x":210,"y":164}},"dockers":[]},{"resourceId":"sid-1BA61B0B-827F-438B-9E6C-CC4204C5DE04","properties":{"overrideid":"","name":"End","documentation":"","executionlisteners":""},"stencil":{"id":"EndNoneEvent"},"childShapes":[],"outgoing":[],"bounds":{"lowerRight":{"x":853,"y":193},"upperLeft":{"x":825,"y":165}},"dockers":[]},{"resourceId":"sid-6E2F43EB-8800-4BFF-851E-C1A8DE35F4B0","properties":{"name":"Send Email With All Documents","documentation":"","asynchronousdefinition":"false","exclusivedefinition":"false","executionlisteners":"","multiinstance_type":"None","multiinstance_cardinality":"","multiinstance_collection":"","multiinstance_variable":"","multiinstance_condition":"","isforcompensation":"false","servicetaskresultvariable":"","emailtemplateid":"opportunityDiscountApproved","tolistid":"demo@example.com","subjectid":"We have documents for your review","contentfield":"","includeattachmentsid":true,"type":"http://b3mn.org/stencilset/bpmn2.0#UserTask","overrideid":"","usertasksendemail":true,"usertaskassignment":"","formkeydefinition":"","formreference":"","fieldstovariables":"","duedatedefinition":"","prioritydefinition":"","categorydefinition":"","formproperties":"","tasklisteners":"","emailtemplate":""},"stencil":{"id":"send_email"},"childShapes":[],"outgoing":[{"resourceId":"sid-AA86F051-B075-4B9F-AEE2-5BCB837A7BB4"}],"bounds":{"lowerRight":{"x":715,"y":219},"upperLeft":{"x":615,"y":139}},"dockers":[]},{"resourceId":"sid-AA86F051-B075-4B9F-AEE2-5BCB837A7BB4","properties":{"overrideid":"","name":"","documentation":"","conditionsequenceflow":"","executionlisteners":"","defaultflow":"false"},"stencil":{"id":"SequenceFlow"},"childShapes":[],"outgoing":[{"resourceId":"sid-1BA61B0B-827F-438B-9E6C-CC4204C5DE04"}],"bounds":{"lowerRight":{"x":824.40625,"y":179},"upperLeft":{"x":715.6171875,"y":179}},"dockers":[{"x":50,"y":40},{"x":14,"y":14}],"target":{"resourceId":"sid-1BA61B0B-827F-438B-9E6C-CC4204C5DE04"}},{"resourceId":"sid-040C9BF2-9E81-400D-B490-818DF41F3369","properties":{"overrideid":"","name":"Generate Doc","documentation":"","generatedocumenttemplate":{"id":3003,"name":"FirstNameLastName-template.docx"},"generatedocumenttaskoutputformat":"word","executionvariable_document":{"variableName":"responseDocument","variableType":"document"},"generatedocumentfilename":"","type":"http://b3mn.org/stencilset/bpmn2.0#UserTask","asynchronousdefinition":"false","exclusivedefinition":"false","executionlisteners":"","multiinstance_type":"None","multiinstance_cardinality":"","multiinstance_collection":"","multiinstance_variable":"","multiinstance_condition":"","isforcompensation":"false","usertasksendemail":true,"usertaskassignment":"","formkeydefinition":"","formreference":"","fieldstovariables":"","duedatedefinition":"","prioritydefinition":"","categorydefinition":"","formproperties":"","tasklisteners":"","emailtemplate":""},"stencil":{"id":"GenerateDocumentTask"},"childShapes":[],"outgoing":[{"resourceId":"sid-1D3EB309-CFF9-4942-9FE2-42EBA49CB5D3"}],"bounds":{"lowerRight":{"x":420,"y":219},"upperLeft":{"x":320,"y":139}},"dockers":[]},{"resourceId":"sid-556C19A8-2B05-4737-9F56-76A851C81631","properties":{"overrideid":"","name":"","documentation":"","asynchronousdefinition":"false","exclusivedefinition":"false","sequencefloworder":""},"stencil":{"id":"ExclusiveGateway"},"childShapes":[],"outgoing":[{"resourceId":"sid-02C69E7B-C138-479E-82D8-86C0CE68A28A"},{"resourceId":"sid-668636B3-3746-44EB-94FD-B2B928B1E88F"}],"bounds":{"lowerRight":{"x":535,"y":199},"upperLeft":{"x":495,"y":159}},"dockers":[]},{"resourceId":"sid-1D3EB309-CFF9-4942-9FE2-42EBA49CB5D3","properties":{"overrideid":"","name":"","documentation":"","conditionsequenceflow":"","executionlisteners":"","defaultflow":"false"},"stencil":{"id":"SequenceFlow"},"childShapes":[],"outgoing":[{"resourceId":"sid-556C19A8-2B05-4737-9F56-76A851C81631"}],"bounds":{"lowerRight":{"x":494.7421875,"y":179},"upperLeft":{"x":420.84375,"y":179}},"dockers":[{"x":50,"y":40},{"x":20,"y":20}],"target":{"resourceId":"sid-556C19A8-2B05-4737-9F56-76A851C81631"}},{"resourceId":"sid-DF384457-D258-42C1-A8C5-3EBB63885F1F","properties":{"name":"Send Email With Generated Document","documentation":"","asynchronousdefinition":"false","exclusivedefinition":"false","executionlisteners":"","multiinstance_type":"None","multiinstance_cardinality":"","multiinstance_collection":"","multiinstance_variable":"","multiinstance_condition":"","isforcompensation":"false","servicetaskresultvariable":"","emailtemplateid":"opportunityDiscountApproved","tolistid":"demo@example.com","subjectid":"We have a document for your review.","contentfield":"responseDocument","includeattachmentsid":true},"stencil":{"id":"send_email"},"childShapes":[],"outgoing":[{"resourceId":"sid-09E8C336-8C8C-4CC2-B719-08848789F223"}],"bounds":{"lowerRight":{"x":715,"y":350},"upperLeft":{"x":615,"y":270}},"dockers":[]},{"resourceId":"sid-09E8C336-8C8C-4CC2-B719-08848789F223","properties":{"overrideid":"","name":"","documentation":"","conditionsequenceflow":"","executionlisteners":"","defaultflow":"false"},"stencil":{"id":"SequenceFlow"},"childShapes":[],"outgoing":[{"resourceId":"sid-1BA61B0B-827F-438B-9E6C-CC4204C5DE04"}],"bounds":{"lowerRight":{"x":839,"y":310},"upperLeft":{"x":715.6171875,"y":193.3046875}},"dockers":[{"x":50,"y":40},{"x":839,"y":310},{"x":14,"y":14}],"target":{"resourceId":"sid-1BA61B0B-827F-438B-9E6C-CC4204C5DE04"}},{"resourceId":"sid-02C69E7B-C138-479E-82D8-86C0CE68A28A","properties":{"overrideid":"","name":"","documentation":"","conditionsequenceflow":{"expression":{"type":"variables","leftFormFieldId":"sendemailwith","operator":"==","rightValue":"all_documents"}},"executionlisteners":"","defaultflow":"false"},"stencil":{"id":"SequenceFlow"},"childShapes":[],"outgoing":[{"resourceId":"sid-6E2F43EB-8800-4BFF-851E-C1A8DE35F4B0"}],"bounds":{"lowerRight":{"x":614.9453180927317,"y":179.43415553709943},"upperLeft":{"x":535.1874944072683,"y":179.16740696290057}},"dockers":[{"x":20.5,"y":20.5},{"x":50,"y":40}],"target":{"resourceId":"sid-6E2F43EB-8800-4BFF-851E-C1A8DE35F4B0"}},{"resourceId":"sid-668636B3-3746-44EB-94FD-B2B928B1E88F","properties":{"overrideid":"","name":"","documentation":"","conditionsequenceflow":{"expression":{"type":"variables","leftFormFieldId":"sendemailwith","operator":"==","rightValue":"generated_document"}},"executionlisteners":"","defaultflow":"false"},"stencil":{"id":"SequenceFlow"},"childShapes":[],"outgoing":[{"resourceId":"sid-DF384457-D258-42C1-A8C5-3EBB63885F1F"}],"bounds":{"lowerRight":{"x":614.9453125,"y":310},"upperLeft":{"x":515.5,"y":199.87109375}},"dockers":[{"x":20.5,"y":20.5},{"x":515.5,"y":310},{"x":50,"y":40}],"target":{"resourceId":"sid-DF384457-D258-42C1-A8C5-3EBB63885F1F"}},{"resourceId":"sid-D5B96BA8-C0F4-4E6F-B781-D08C251025A5","properties":{"overrideid":"","name":"","documentation":"","conditionsequenceflow":"","executionlisteners":"","defaultflow":"false"},"stencil":{"id":"SequenceFlow"},"childShapes":[],"outgoing":[{"resourceId":"sid-040C9BF2-9E81-400D-B490-818DF41F3369"}],"bounds":{"lowerRight":{"x":319.15625,"y":179},"upperLeft":{"x":240.7265625,"y":179}},"dockers":[{"x":15,"y":15},{"x":50,"y":40}],"target":{"resourceId":"sid-040C9BF2-9E81-400D-B490-818DF41F3369"}}],"bounds":{"lowerRight":{"x":1200,"y":1050},"upperLeft":{"x":0,"y":0}},"stencilset":{"url":"stencilsets/bpmn2.0/bpmn2.0.json","namespace":"http://b3mn.org/stencilset/bpmn2.0#"},"ssextensions":[]}