<?xml version='1.0' encoding='UTF-8'?>
<definitions xmlns="http://www.omg.org/spec/BPMN/20100524/MODEL" xmlns:xsi="http://www.w3.org/2001/XMLSchema-instance" xmlns:xsd="http://www.w3.org/2001/XMLSchema" xmlns:activiti="http://activiti.org/bpmn" xmlns:bpmndi="http://www.omg.org/spec/BPMN/20100524/DI" xmlns:omgdc="http://www.omg.org/spec/DD/20100524/DC" xmlns:omgdi="http://www.omg.org/spec/DD/20100524/DI" typeLanguage="http://www.w3.org/2001/XMLSchema" expressionLanguage="http://www.w3.org/1999/XPath" targetNamespace="http://www.activiti.org/processdef" xmlns:modeler="http://activiti.com/modeler" modeler:version="1.0en" modeler:exportDateTime="20191218002444031" modeler:modelId="5007" modeler:modelVersion="14" modeler:modelLastUpdated="1576624257737" modeler:modelStencilSet="2002">
  <process id="SendEmailWithAttachments" name="Send Email With Attachments" isExecutable="true">
    <startEvent id="startEvent1" name="Start" activiti:formKey="6006">
      <extensionElements>
        <modeler:form-reference-id><![CDATA[6006]]></modeler:form-reference-id>
        <modeler:form-reference-name><![CDATA[Input Data]]></modeler:form-reference-name>
        <modeler:editor-resource-id><![CDATA[startEvent1]]></modeler:editor-resource-id>
      </extensionElements>
    </startEvent>
    <endEvent id="sid-1BA61B0B-827F-438B-9E6C-CC4204C5DE04" name="End">
      <extensionElements>
        <modeler:editor-resource-id><![CDATA[sid-1BA61B0B-827F-438B-9E6C-CC4204C5DE04]]></modeler:editor-resource-id>
      </extensionElements>
    </endEvent>
    <serviceTask id="sid-6E2F43EB-8800-4BFF-851E-C1A8DE35F4B0" name="Send Email With All Documents" activiti:async="true" activiti:exclusive="false" activiti:delegateExpression="${emailServiceWithAttachments}" activiti:extensionId="send_email">
      <extensionElements>
        <activiti:field name="emailTemplate">
          <activiti:string><![CDATA[opportunityDiscountApproved]]></activiti:string>
        </activiti:field>
        <activiti:field name="toList">
          <activiti:string><![CDATA[demo@example.com]]></activiti:string>
        </activiti:field>
        <activiti:field name="subject">
          <activiti:string><![CDATA[We have documents for your review]]></activiti:string>
        </activiti:field>
        <activiti:field name="includeAttachments">
          <activiti:string><![CDATA[true]]></activiti:string>
        </activiti:field>
        <modeler:editor-resource-id><![CDATA[sid-6E2F43EB-8800-4BFF-851E-C1A8DE35F4B0]]></modeler:editor-resource-id>
      </extensionElements>
    </serviceTask>
    <sequenceFlow id="sid-AA86F051-B075-4B9F-AEE2-5BCB837A7BB4" sourceRef="sid-6E2F43EB-8800-4BFF-851E-C1A8DE35F4B0" targetRef="sid-1BA61B0B-827F-438B-9E6C-CC4204C5DE04">
      <extensionElements>
        <modeler:editor-resource-id><![CDATA[sid-AA86F051-B075-4B9F-AEE2-5BCB837A7BB4]]></modeler:editor-resource-id>
      </extensionElements>
    </sequenceFlow>
    <serviceTask id="sid-040C9BF2-9E81-400D-B490-818DF41F3369" name="Generate Doc" activiti:async="true" activiti:delegateExpression="${activiti_generateDocumentDelegate}">
      <extensionElements>
        <activiti:field name="outputFormat">
          <activiti:string><![CDATA[word]]></activiti:string>
        </activiti:field>
        <activiti:field name="templateId">
          <activiti:string><![CDATA[3003]]></activiti:string>
        </activiti:field>
        <activiti:field name="templateName">
          <activiti:string><![CDATA[FirstNameLastName-template.docx]]></activiti:string>
        </activiti:field>
        <activiti:field name="variableName">
          <activiti:string><![CDATA[responseDocument]]></activiti:string>
        </activiti:field>
        <activiti:executionListener event="start" class="com.activiti.runtime.activiti.ContentProcessorExecutionListener">
          <activiti:field name="externalContentHandler">
            <activiti:expression><![CDATA[${externalContentHandler}]]></activiti:expression>
          </activiti:field>
        </activiti:executionListener>
        <modeler:executionvariables modeler:variableName="responseDocument" modeler:variableType="document"/>
        <modeler:editor-resource-id><![CDATA[sid-040C9BF2-9E81-400D-B490-818DF41F3369]]></modeler:editor-resource-id>
        <modeler:ignore-listener-on-import><![CDATA[com.activiti.runtime.activiti.ContentProcessorExecutionListener]]></modeler:ignore-listener-on-import>
      </extensionElements>
    </serviceTask>
    <exclusiveGateway id="sid-556C19A8-2B05-4737-9F56-76A851C81631">
      <extensionElements>
        <modeler:editor-resource-id><![CDATA[sid-556C19A8-2B05-4737-9F56-76A851C81631]]></modeler:editor-resource-id>
      </extensionElements>
    </exclusiveGateway>
    <sequenceFlow id="sid-1D3EB309-CFF9-4942-9FE2-42EBA49CB5D3" sourceRef="sid-040C9BF2-9E81-400D-B490-818DF41F3369" targetRef="sid-556C19A8-2B05-4737-9F56-76A851C81631">
      <extensionElements>
        <modeler:editor-resource-id><![CDATA[sid-1D3EB309-CFF9-4942-9FE2-42EBA49CB5D3]]></modeler:editor-resource-id>
      </extensionElements>
    </sequenceFlow>
    <serviceTask id="sid-DF384457-D258-42C1-A8C5-3EBB63885F1F" name="Send Email With Generated Document" activiti:async="true" activiti:exclusive="false" activiti:delegateExpression="${emailServiceWithAttachments}" activiti:extensionId="send_email">
      <extensionElements>
        <activiti:field name="emailTemplate">
          <activiti:string><![CDATA[opportunityDiscountApproved]]></activiti:string>
        </activiti:field>
        <activiti:field name="toList">
          <activiti:string><![CDATA[demo@example.com]]></activiti:string>
        </activiti:field>
        <activiti:field name="subject">
          <activiti:string><![CDATA[We have a document for your review.]]></activiti:string>
        </activiti:field>
        <activiti:field name="contentField">
          <activiti:string><![CDATA[responseDocument]]></activiti:string>
        </activiti:field>
        <activiti:field name="includeAttachments">
          <activiti:string><![CDATA[true]]></activiti:string>
        </activiti:field>
        <modeler:editor-resource-id><![CDATA[sid-DF384457-D258-42C1-A8C5-3EBB63885F1F]]></modeler:editor-resource-id>
      </extensionElements>
    </serviceTask>
    <sequenceFlow id="sid-09E8C336-8C8C-4CC2-B719-08848789F223" sourceRef="sid-DF384457-D258-42C1-A8C5-3EBB63885F1F" targetRef="sid-1BA61B0B-827F-438B-9E6C-CC4204C5DE04">
      <extensionElements>
        <modeler:editor-resource-id><![CDATA[sid-09E8C336-8C8C-4CC2-B719-08848789F223]]></modeler:editor-resource-id>
      </extensionElements>
    </sequenceFlow>
    <sequenceFlow id="sid-02C69E7B-C138-479E-82D8-86C0CE68A28A" sourceRef="sid-556C19A8-2B05-4737-9F56-76A851C81631" targetRef="sid-6E2F43EB-8800-4BFF-851E-C1A8DE35F4B0">
      <extensionElements>
        <modeler:conditionDefinition modeler:index="0" modeler:leftFormFieldId="sendemailwith" modeler:rightValue="all_documents" modeler:operator="=="/>
        <modeler:editor-resource-id><![CDATA[sid-02C69E7B-C138-479E-82D8-86C0CE68A28A]]></modeler:editor-resource-id>
      </extensionElements>
      <conditionExpression xsi:type="tFormalExpression"><![CDATA[${(activiti_flowConditionsBean.exists(execution, 'sendemailwith') && sendemailwith == 'all_documents')}]]></conditionExpression>
    </sequenceFlow>
    <sequenceFlow id="sid-668636B3-3746-44EB-94FD-B2B928B1E88F" sourceRef="sid-556C19A8-2B05-4737-9F56-76A851C81631" targetRef="sid-DF384457-D258-42C1-A8C5-3EBB63885F1F">
      <extensionElements>
        <modeler:conditionDefinition modeler:index="0" modeler:leftFormFieldId="sendemailwith" modeler:rightValue="generated_document" modeler:operator="=="/>
        <modeler:editor-resource-id><![CDATA[sid-668636B3-3746-44EB-94FD-B2B928B1E88F]]></modeler:editor-resource-id>
      </extensionElements>
      <conditionExpression xsi:type="tFormalExpression"><![CDATA[${(activiti_flowConditionsBean.exists(execution, 'sendemailwith') && sendemailwith == 'generated_document')}]]></conditionExpression>
    </sequenceFlow>
    <sequenceFlow id="sid-D5B96BA8-C0F4-4E6F-B781-D08C251025A5" sourceRef="startEvent1" targetRef="sid-040C9BF2-9E81-400D-B490-818DF41F3369">
      <extensionElements>
        <modeler:editor-resource-id><![CDATA[sid-D5B96BA8-C0F4-4E6F-B781-D08C251025A5]]></modeler:editor-resource-id>
      </extensionElements>
    </sequenceFlow>
  </process>
  <bpmndi:BPMNDiagram id="BPMNDiagram_SendEmailWithAttachments">
    <bpmndi:BPMNPlane bpmnElement="SendEmailWithAttachments" id="BPMNPlane_SendEmailWithAttachments">
      <bpmndi:BPMNShape bpmnElement="startEvent1" id="BPMNShape_startEvent1">
        <omgdc:Bounds height="30.0" width="30.0" x="210.0" y="164.0"/>
      </bpmndi:BPMNShape>
      <bpmndi:BPMNShape bpmnElement="sid-1BA61B0B-827F-438B-9E6C-CC4204C5DE04" id="BPMNShape_sid-1BA61B0B-827F-438B-9E6C-CC4204C5DE04">
        <omgdc:Bounds height="28.0" width="28.0" x="825.0" y="165.0"/>
      </bpmndi:BPMNShape>
      <bpmndi:BPMNShape bpmnElement="sid-6E2F43EB-8800-4BFF-851E-C1A8DE35F4B0" id="BPMNShape_sid-6E2F43EB-8800-4BFF-851E-C1A8DE35F4B0">
        <omgdc:Bounds height="80.0" width="100.0" x="615.0" y="139.0"/>
      </bpmndi:BPMNShape>
      <bpmndi:BPMNShape bpmnElement="sid-040C9BF2-9E81-400D-B490-818DF41F3369" id="BPMNShape_sid-040C9BF2-9E81-400D-B490-818DF41F3369">
        <omgdc:Bounds height="80.0" width="100.0" x="320.0" y="139.0"/>
      </bpmndi:BPMNShape>
      <bpmndi:BPMNShape bpmnElement="sid-556C19A8-2B05-4737-9F56-76A851C81631" id="BPMNShape_sid-556C19A8-2B05-4737-9F56-76A851C81631">
        <omgdc:Bounds height="40.0" width="40.0" x="495.0" y="159.0"/>
      </bpmndi:BPMNShape>
      <bpmndi:BPMNShape bpmnElement="sid-DF384457-D258-42C1-A8C5-3EBB63885F1F" id="BPMNShape_sid-DF384457-D258-42C1-A8C5-3EBB63885F1F">
        <omgdc:Bounds height="80.0" width="100.0" x="615.0" y="270.0"/>
      </bpmndi:BPMNShape>
      <bpmndi:BPMNEdge bpmnElement="sid-02C69E7B-C138-479E-82D8-86C0CE68A28A" id="BPMNEdge_sid-02C69E7B-C138-479E-82D8-86C0CE68A28A">
        <omgdi:waypoint x="534.5637583892617" y="179.43624161073825"/>
        <omgdi:waypoint x="615.0" y="179.16722408026754"/>
      </bpmndi:BPMNEdge>
      <bpmndi:BPMNEdge bpmnElement="sid-D5B96BA8-C0F4-4E6F-B781-D08C251025A5" id="BPMNEdge_sid-D5B96BA8-C0F4-4E6F-B781-D08C251025A5">
        <omgdi:waypoint x="240.0" y="179.0"/>
        <omgdi:waypoint x="320.0" y="179.0"/>
      </bpmndi:BPMNEdge>
      <bpmndi:BPMNEdge bpmnElement="sid-AA86F051-B075-4B9F-AEE2-5BCB837A7BB4" id="BPMNEdge_sid-AA86F051-B075-4B9F-AEE2-5BCB837A7BB4">
        <omgdi:waypoint x="715.0" y="179.0"/>
        <omgdi:waypoint x="825.0" y="179.0"/>
      </bpmndi:BPMNEdge>
      <bpmndi:BPMNEdge bpmnElement="sid-1D3EB309-CFF9-4942-9FE2-42EBA49CB5D3" id="BPMNEdge_sid-1D3EB309-CFF9-4942-9FE2-42EBA49CB5D3">
        <omgdi:waypoint x="420.0" y="179.0"/>
        <omgdi:waypoint x="495.0" y="179.0"/>
      </bpmndi:BPMNEdge>
      <bpmndi:BPMNEdge bpmnElement="sid-668636B3-3746-44EB-94FD-B2B928B1E88F" id="BPMNEdge_sid-668636B3-3746-44EB-94FD-B2B928B1E88F">
        <omgdi:waypoint x="515.5" y="198.5"/>
        <omgdi:waypoint x="515.5" y="310.0"/>
        <omgdi:waypoint x="615.0" y="310.0"/>
      </bpmndi:BPMNEdge>
      <bpmndi:BPMNEdge bpmnElement="sid-09E8C336-8C8C-4CC2-B719-08848789F223" id="BPMNEdge_sid-09E8C336-8C8C-4CC2-B719-08848789F223">
        <omgdi:waypoint x="715.0" y="310.0"/>
        <omgdi:waypoint x="839.0" y="310.0"/>
        <omgdi:waypoint x="839.0" y="193.0"/>
      </bpmndi:BPMNEdge>
    </bpmndi:BPMNPlane>
  </bpmndi:BPMNDiagram>
</definitions>