{"referenceId":52,"name":"New contract","description":"","editorJson":{"tabs":[{"id":"tab1","title":"Company","visibilityCondition":null},{"id":"tab5","title":"Signature","visibilityCondition":null},{"id":"tab2","title":"Contract","visibilityCondition":null},{"id":"tab4","title":"Other Documents","visibilityCondition":null},{"id":"tab3","title":"Clauses","visibilityCondition":null}],"fields":[{"fieldType":"ContainerRepresentation","id":"1565376035550","name":"Label","type":"container","value":null,"required":false,"readOnly":false,"overrideId":false,"colspan":1,"placeholder":null,"minLength":0,"maxLength":0,"minValue":null,"maxValue":null,"regexPattern":null,"optionType":null,"hasEmptyValue":null,"options":null,"restUrl":null,"restResponsePath":null,"restIdProperty":null,"restLabelProperty":null,"tab":null,"className":null,"dateDisplayFormat":null,"layout":null,"sizeX":2,"sizeY":1,"row":-1,"col":-1,"visibilityCondition":null,"numberOfColumns":2,"fields":{"1":[],"2":[]}},{"fieldType":"ContainerRepresentation","id":"1565688128706","name":"Label","type":"container","value":null,"required":false,"readOnly":false,"overrideId":false,"colspan":1,"placeholder":null,"minLength":0,"maxLength":0,"minValue":null,"maxValue":null,"regexPattern":null,"optionType":null,"hasEmptyValue":null,"options":null,"restUrl":null,"restResponsePath":null,"restIdProperty":null,"restLabelProperty":null,"tab":null,"className":null,"dateDisplayFormat":null,"layout":null,"sizeX":2,"sizeY":1,"row":-1,"col":-1,"visibilityCondition":null,"numberOfColumns":2,"fields":{"1":[],"2":[]}},{"fieldType":"ContainerRepresentation","id":"1566262286507","name":"Label","type":"container","value":null,"required":false,"readOnly":false,"overrideId":false,"colspan":1,"placeholder":null,"minLength":0,"maxLength":0,"minValue":null,"maxValue":null,"regexPattern":null,"optionType":null,"hasEmptyValue":null,"options":null,"restUrl":null,"restResponsePath":null,"restIdProperty":null,"restLabelProperty":null,"tab":"tab5","className":null,"dateDisplayFormat":null,"layout":null,"sizeX":2,"sizeY":1,"row":-1,"col":-1,"visibilityCondition":null,"numberOfColumns":2,"fields":{"1":[{"fieldType":"FormFieldRepresentation","id":"signer_name","name":"Representant Name","type":"text","value":null,"required":true,"readOnly":false,"overrideId":true,"colspan":1,"placeholder":null,"minLength":0,"maxLength":0,"minValue":null,"maxValue":null,"regexPattern":null,"optionType":null,"hasEmptyValue":null,"options":null,"restUrl":null,"restResponsePath":null,"restIdProperty":null,"restLabelProperty":null,"tab":"tab5","className":null,"params":{"existingColspan":1,"maxColspan":2},"dateDisplayFormat":null,"layout":{"row":-1,"column":-1,"colspan":1},"sizeX":1,"sizeY":1,"row":-1,"col":-1,"visibilityCondition":null}],"2":[{"fieldType":"FormFieldRepresentation","id":"representat_as","name":"Acting as","type":"text","value":null,"required":false,"readOnly":false,"overrideId":true,"colspan":1,"placeholder":null,"minLength":0,"maxLength":0,"minValue":null,"maxValue":null,"regexPattern":null,"optionType":null,"hasEmptyValue":null,"options":null,"restUrl":null,"restResponsePath":null,"restIdProperty":null,"restLabelProperty":null,"tab":"tab5","className":null,"params":{"existingColspan":1,"maxColspan":1},"dateDisplayFormat":null,"layout":{"row":-1,"column":-1,"colspan":1},"sizeX":1,"sizeY":1,"row":-1,"col":-1,"visibilityCondition":null}]}},{"fieldType":"ContainerRepresentation","id":"1566262265898","name":"Label","type":"container","value":null,"required":false,"readOnly":false,"overrideId":false,"colspan":1,"placeholder":null,"minLength":0,"maxLength":0,"minValue":null,"maxValue":null,"regexPattern":null,"optionType":null,"hasEmptyValue":null,"options":null,"restUrl":null,"restResponsePath":null,"restIdProperty":null,"restLabelProperty":null,"tab":"tab5","className":null,"dateDisplayFormat":null,"layout":null,"sizeX":2,"sizeY":1,"row":-1,"col":-1,"visibilityCondition":null,"numberOfColumns":2,"fields":{"1":[{"fieldType":"FormFieldRepresentation","id":"signer_email","name":"Representant Email","type":"text","value":null,"required":true,"readOnly":false,"overrideId":true,"colspan":1,"placeholder":null,"minLength":0,"maxLength":0,"minValue":null,"maxValue":null,"regexPattern":"[\\w-\\.]+@([\\w-]+\\.)+[\\w-]{2,4}","optionType":null,"hasEmptyValue":null,"options":null,"restUrl":null,"restResponsePath":null,"restIdProperty":null,"restLabelProperty":null,"tab":"tab5","className":null,"params":{"existingColspan":1,"maxColspan":2},"dateDisplayFormat":null,"layout":{"row":-1,"column":-1,"colspan":1},"sizeX":1,"sizeY":1,"row":-1,"col":-1,"visibilityCondition":null}],"2":[]}},{"fieldType":"ContainerRepresentation","id":"1565688406876","name":"Label","type":"container","value":null,"required":false,"readOnly":false,"overrideId":false,"colspan":1,"placeholder":null,"minLength":0,"maxLength":0,"minValue":null,"maxValue":null,"regexPattern":null,"optionType":null,"hasEmptyValue":null,"options":null,"restUrl":null,"restResponsePath":null,"restIdProperty":null,"restLabelProperty":null,"tab":"tab2","className":null,"dateDisplayFormat":null,"layout":null,"sizeX":2,"sizeY":1,"row":-1,"col":-1,"visibilityCondition":null,"numberOfColumns":2,"fields":{"1":[{"fieldType":"RestFieldRepresentation","id":"provider_type","name":"Provider Type","type":"dropdown","value":"Choose one...","required":true,"readOnly":false,"overrideId":true,"colspan":1,"placeholder":null,"minLength":0,"maxLength":0,"minValue":null,"maxValue":null,"regexPattern":null,"optionType":null,"hasEmptyValue":true,"options":[{"id":"empty","name":"Choose one..."},{"id":"Technical","name":"Technical"},{"id":"Financial","name":"Financial"},{"id":"Legal","name":"Legal"}],"restUrl":null,"restResponsePath":null,"restIdProperty":null,"restLabelProperty":null,"tab":"tab2","className":null,"params":{"existingColspan":1,"maxColspan":2},"dateDisplayFormat":null,"layout":{"row":-1,"column":-1,"colspan":1},"sizeX":1,"sizeY":1,"row":-1,"col":-1,"visibilityCondition":null,"endpoint":null,"requestHeaders":null}],"2":[{"fieldType":"RestFieldRepresentation","id":"responsable_buy","name":"Is a responsable buy","type":"dropdown","value":"Choose one...","required":false,"readOnly":false,"overrideId":true,"colspan":1,"placeholder":null,"minLength":0,"maxLength":0,"minValue":null,"maxValue":null,"regexPattern":null,"optionType":null,"hasEmptyValue":true,"options":[{"id":"empty","name":"Choose one..."},{"id":"yes","name":"Yes"},{"id":"no","name":"No"}],"restUrl":null,"restResponsePath":null,"restIdProperty":null,"restLabelProperty":null,"tab":"tab2","className":null,"params":{"existingColspan":1,"maxColspan":1},"dateDisplayFormat":null,"layout":{"row":-1,"column":-1,"colspan":1},"sizeX":1,"sizeY":1,"row":-1,"col":-1,"visibilityCondition":null,"endpoint":null,"requestHeaders":null}]}},{"fieldType":"ContainerRepresentation","id":"1565688976964","name":"Label","type":"container","value":null,"required":false,"readOnly":false,"overrideId":false,"colspan":1,"placeholder":null,"minLength":0,"maxLength":0,"minValue":null,"maxValue":null,"regexPattern":null,"optionType":null,"hasEmptyValue":null,"options":null,"restUrl":null,"restResponsePath":null,"restIdProperty":null,"restLabelProperty":null,"tab":"tab2","className":null,"dateDisplayFormat":null,"layout":null,"sizeX":2,"sizeY":1,"row":-1,"col":-1,"visibilityCondition":null,"numberOfColumns":2,"fields":{"1":[{"fieldType":"FormFieldRepresentation","id":"object","name":"Object","type":"text","value":null,"required":true,"readOnly":false,"overrideId":true,"colspan":1,"placeholder":null,"minLength":0,"maxLength":0,"minValue":null,"maxValue":null,"regexPattern":null,"optionType":null,"hasEmptyValue":null,"options":null,"restUrl":null,"restResponsePath":null,"restIdProperty":null,"restLabelProperty":null,"tab":"tab2","className":null,"params":{"existingColspan":1,"maxColspan":2},"dateDisplayFormat":null,"layout":{"row":-1,"column":-1,"colspan":1},"sizeX":1,"sizeY":1,"row":-1,"col":-1,"visibilityCondition":null}],"2":[{"fieldType":"AmountFieldRepresentation","id":"price","name":"Price","type":"amount","value":null,"required":true,"readOnly":false,"overrideId":true,"colspan":1,"placeholder":null,"minLength":0,"maxLength":0,"minValue":null,"maxValue":null,"regexPattern":null,"optionType":null,"hasEmptyValue":null,"options":null,"restUrl":null,"restResponsePath":null,"restIdProperty":null,"restLabelProperty":null,"tab":"tab2","className":null,"params":{"existingColspan":1,"maxColspan":1},"dateDisplayFormat":null,"layout":{"row":-1,"column":-1,"colspan":1},"sizeX":1,"sizeY":1,"row":-1,"col":-1,"visibilityCondition":null,"enableFractions":true,"currency":""}]}},{"fieldType":"ContainerRepresentation","id":"1565688995318","name":"Label","type":"container","value":null,"required":false,"readOnly":false,"overrideId":false,"colspan":1,"placeholder":null,"minLength":0,"maxLength":0,"minValue":null,"maxValue":null,"regexPattern":null,"optionType":null,"hasEmptyValue":null,"options":null,"restUrl":null,"restResponsePath":null,"restIdProperty":null,"restLabelProperty":null,"tab":"tab2","className":null,"dateDisplayFormat":null,"layout":null,"sizeX":2,"sizeY":1,"row":-1,"col":-1,"visibilityCondition":null,"numberOfColumns":2,"fields":{"1":[{"fieldType":"FormFieldRepresentation","id":"object_description","name":"Object Description","type":"multi-line-text","value":null,"required":false,"readOnly":false,"overrideId":true,"colspan":2,"placeholder":null,"minLength":0,"maxLength":0,"minValue":null,"maxValue":null,"regexPattern":null,"optionType":null,"hasEmptyValue":null,"options":null,"restUrl":null,"restResponsePath":null,"restIdProperty":null,"restLabelProperty":null,"tab":"tab2","className":null,"params":{"existingColspan":2,"maxColspan":2},"dateDisplayFormat":null,"layout":{"row":-1,"column":-1,"colspan":1},"sizeX":1,"sizeY":2,"row":-1,"col":-1,"visibilityCondition":null},{"fieldType":"FormFieldRepresentation","id":"contract_number","name":"Contract Number","type":"text","value":null,"required":false,"readOnly":false,"overrideId":true,"colspan":2,"placeholder":null,"minLength":0,"maxLength":0,"minValue":null,"maxValue":null,"regexPattern":null,"optionType":null,"hasEmptyValue":null,"options":null,"restUrl":null,"restResponsePath":null,"restIdProperty":null,"restLabelProperty":null,"tab":"tab2","className":null,"params":{"existingColspan":2,"maxColspan":2},"dateDisplayFormat":null,"layout":{"row":-1,"column":-1,"colspan":1},"sizeX":1,"sizeY":1,"row":-1,"col":-1,"visibilityCondition":{"leftFormFieldId":"","leftRestResponseId":"contract_number","operator":"!empty","rightValue":null,"rightType":null,"rightFormFieldId":"","rightRestResponseId":"","leftRestResponseType":null,"nextConditionOperator":"","nextCondition":null}}]}},{"fieldType":"ContainerRepresentation","id":"1565732353973","name":"Label","type":"container","value":null,"required":false,"readOnly":false,"overrideId":false,"colspan":1,"placeholder":null,"minLength":0,"maxLength":0,"minValue":null,"maxValue":null,"regexPattern":null,"optionType":null,"hasEmptyValue":null,"options":null,"restUrl":null,"restResponsePath":null,"restIdProperty":null,"restLabelProperty":null,"tab":"tab4","className":null,"dateDisplayFormat":null,"layout":null,"sizeX":2,"sizeY":1,"row":-1,"col":-1,"visibilityCondition":null,"numberOfColumns":2,"fields":{"1":[{"fieldType":"AttachFileFieldRepresentation","id":"doc1","name":"Technical requirements","type":"upload","value":null,"required":false,"readOnly":false,"overrideId":true,"colspan":1,"placeholder":null,"minLength":0,"maxLength":0,"minValue":null,"maxValue":null,"regexPattern":null,"optionType":null,"hasEmptyValue":null,"options":null,"restUrl":null,"restResponsePath":null,"restIdProperty":null,"restLabelProperty":null,"tab":"tab4","className":null,"params":{"existingColspan":1,"maxColspan":2,"fileSource":{"serviceId":"all-file-sources","name":"All file sources"}},"dateDisplayFormat":null,"layout":{"row":-1,"column":-1,"colspan":1},"sizeX":1,"sizeY":1,"row":-1,"col":-1,"visibilityCondition":null,"metaDataColumnDefinitions":null}],"2":[{"fieldType":"AttachFileFieldRepresentation","id":"doc2","name":"Provider requeriments","type":"upload","value":null,"required":false,"readOnly":false,"overrideId":true,"colspan":1,"placeholder":null,"minLength":0,"maxLength":0,"minValue":null,"maxValue":null,"regexPattern":null,"optionType":null,"hasEmptyValue":null,"options":null,"restUrl":null,"restResponsePath":null,"restIdProperty":null,"restLabelProperty":null,"tab":"tab4","className":null,"params":{"existingColspan":1,"maxColspan":1,"fileSource":{"serviceId":"all-file-sources","name":"All file sources"}},"dateDisplayFormat":null,"layout":{"row":-1,"column":-1,"colspan":1},"sizeX":1,"sizeY":1,"row":-1,"col":-1,"visibilityCondition":null,"metaDataColumnDefinitions":null}]}},{"fieldType":"ContainerRepresentation","id":"1565732358943","name":"Label","type":"container","value":null,"required":false,"readOnly":false,"overrideId":false,"colspan":1,"placeholder":null,"minLength":0,"maxLength":0,"minValue":null,"maxValue":null,"regexPattern":null,"optionType":null,"hasEmptyValue":null,"options":null,"restUrl":null,"restResponsePath":null,"restIdProperty":null,"restLabelProperty":null,"tab":"tab4","className":null,"dateDisplayFormat":null,"layout":null,"sizeX":2,"sizeY":1,"row":-1,"col":-1,"visibilityCondition":null,"numberOfColumns":2,"fields":{"1":[{"fieldType":"AttachFileFieldRepresentation","id":"doc3","name":"Analysis","type":"upload","value":null,"required":false,"readOnly":false,"overrideId":true,"colspan":1,"placeholder":null,"minLength":0,"maxLength":0,"minValue":null,"maxValue":null,"regexPattern":null,"optionType":null,"hasEmptyValue":null,"options":null,"restUrl":null,"restResponsePath":null,"restIdProperty":null,"restLabelProperty":null,"tab":"tab4","className":null,"params":{"existingColspan":1,"maxColspan":2,"fileSource":{"serviceId":"all-file-sources","name":"All file sources"}},"dateDisplayFormat":null,"layout":{"row":-1,"column":-1,"colspan":1},"sizeX":1,"sizeY":1,"row":-1,"col":-1,"visibilityCondition":null,"metaDataColumnDefinitions":null}],"2":[{"fieldType":"AttachFileFieldRepresentation","id":"doc4","name":"Legal analisys","type":"upload","value":null,"required":false,"readOnly":false,"overrideId":true,"colspan":1,"placeholder":null,"minLength":0,"maxLength":0,"minValue":null,"maxValue":null,"regexPattern":null,"optionType":null,"hasEmptyValue":null,"options":null,"restUrl":null,"restResponsePath":null,"restIdProperty":null,"restLabelProperty":null,"tab":"tab4","className":null,"params":{"existingColspan":1,"maxColspan":1,"fileSource":{"serviceId":"all-file-sources","name":"All file sources"}},"dateDisplayFormat":null,"layout":{"row":-1,"column":-1,"colspan":1},"sizeX":1,"sizeY":1,"row":-1,"col":-1,"visibilityCondition":null,"metaDataColumnDefinitions":null}]}},{"fieldType":"ContainerRepresentation","id":"1565689072766","name":"Label","type":"container","value":null,"required":false,"readOnly":false,"overrideId":false,"colspan":1,"placeholder":null,"minLength":0,"maxLength":0,"minValue":null,"maxValue":null,"regexPattern":null,"optionType":null,"hasEmptyValue":null,"options":null,"restUrl":null,"restResponsePath":null,"restIdProperty":null,"restLabelProperty":null,"tab":"tab3","className":null,"dateDisplayFormat":null,"layout":null,"sizeX":2,"sizeY":1,"row":-1,"col":-1,"visibilityCondition":null,"numberOfColumns":2,"fields":{"1":[{"fieldType":"FormFieldRepresentation","id":"particular_clause","name":"Particular clauses","type":"multi-line-text","value":null,"required":false,"readOnly":false,"overrideId":true,"colspan":2,"placeholder":null,"minLength":0,"maxLength":0,"minValue":null,"maxValue":null,"regexPattern":null,"optionType":null,"hasEmptyValue":null,"options":null,"restUrl":null,"restResponsePath":null,"restIdProperty":null,"restLabelProperty":null,"tab":"tab3","className":null,"params":{"existingColspan":2,"maxColspan":2},"dateDisplayFormat":null,"layout":{"row":-1,"column":-1,"colspan":1},"sizeX":1,"sizeY":2,"row":-1,"col":-1,"visibilityCondition":null}]}},{"fieldType":"ContainerRepresentation","id":"1565687956252","name":"Label","type":"container","value":null,"required":false,"readOnly":false,"overrideId":false,"colspan":1,"placeholder":null,"minLength":0,"maxLength":0,"minValue":null,"maxValue":null,"regexPattern":null,"optionType":null,"hasEmptyValue":null,"options":null,"restUrl":null,"restResponsePath":null,"restIdProperty":null,"restLabelProperty":null,"tab":"tab1","className":null,"dateDisplayFormat":null,"layout":null,"sizeX":2,"sizeY":1,"row":-1,"col":-1,"visibilityCondition":null,"numberOfColumns":2,"fields":{"1":[{"fieldType":"FormFieldRepresentation","id":"company","name":"Company Name","type":"text","value":null,"required":true,"readOnly":false,"overrideId":true,"colspan":1,"placeholder":null,"minLength":0,"maxLength":0,"minValue":null,"maxValue":null,"regexPattern":null,"optionType":null,"hasEmptyValue":null,"options":null,"restUrl":null,"restResponsePath":null,"restIdProperty":null,"restLabelProperty":null,"tab":"tab1","className":null,"params":{"existingColspan":1,"maxColspan":2},"dateDisplayFormat":null,"layout":{"row":-1,"column":-1,"colspan":1},"sizeX":1,"sizeY":1,"row":-1,"col":-1,"visibilityCondition":null},{"fieldType":"AmountFieldRepresentation","id":"company_capital","name":"Company Capital","type":"amount","value":null,"required":true,"readOnly":false,"overrideId":true,"colspan":1,"placeholder":null,"minLength":0,"maxLength":0,"minValue":"0","maxValue":null,"regexPattern":null,"optionType":null,"hasEmptyValue":null,"options":null,"restUrl":null,"restResponsePath":null,"restIdProperty":null,"restLabelProperty":null,"tab":"tab1","className":null,"params":{"existingColspan":1,"maxColspan":2},"dateDisplayFormat":null,"layout":{"row":-1,"column":-1,"colspan":1},"sizeX":1,"sizeY":1,"row":-1,"col":-1,"visibilityCondition":null,"enableFractions":false,"currency":""}],"2":[{"fieldType":"RestFieldRepresentation","id":"company_legal","name":"Entity Type","type":"dropdown","value":"Choose one...","required":true,"readOnly":false,"overrideId":true,"colspan":1,"placeholder":null,"minLength":0,"maxLength":0,"minValue":null,"maxValue":null,"regexPattern":null,"optionType":null,"hasEmptyValue":true,"options":[{"id":"empty","name":"Choose one..."},{"id":"LTD","name":"LTD"},{"id":"PLC","name":"PLC"},{"id":"CORP","name":"CORP"},{"id":"FREE","name":"Freelance"}],"restUrl":null,"restResponsePath":null,"restIdProperty":null,"restLabelProperty":null,"tab":"tab1","className":null,"params":{"existingColspan":1,"maxColspan":1},"dateDisplayFormat":null,"layout":{"row":-1,"column":-1,"colspan":1},"sizeX":1,"sizeY":1,"row":-1,"col":-1,"visibilityCondition":null,"endpoint":null,"requestHeaders":null},{"fieldType":"RestFieldRepresentation","id":"company_city","name":"City","type":"typeahead","value":null,"required":false,"readOnly":false,"overrideId":true,"colspan":1,"placeholder":null,"minLength":0,"maxLength":0,"minValue":null,"maxValue":null,"regexPattern":null,"optionType":null,"hasEmptyValue":null,"options":null,"restUrl":"https://raw.githubusercontent.com/iblancasa/GitHub-DataProcessor-Spain/master/cities.json","restResponsePath":null,"restIdProperty":"city","restLabelProperty":"city","tab":"tab1","className":null,"params":{"existingColspan":1,"maxColspan":1},"dateDisplayFormat":null,"layout":{"row":-1,"column":-1,"colspan":1},"sizeX":1,"sizeY":1,"row":-1,"col":-1,"visibilityCondition":null,"endpoint":null,"requestHeaders":null}]}},{"fieldType":"ContainerRepresentation","id":"1565688325297","name":"Label","type":"container","value":null,"required":false,"readOnly":false,"overrideId":false,"colspan":1,"placeholder":null,"minLength":0,"maxLength":0,"minValue":null,"maxValue":null,"regexPattern":null,"optionType":null,"hasEmptyValue":null,"options":null,"restUrl":null,"restResponsePath":null,"restIdProperty":null,"restLabelProperty":null,"tab":"tab1","className":null,"dateDisplayFormat":null,"layout":null,"sizeX":2,"sizeY":1,"row":-1,"col":-1,"visibilityCondition":null,"numberOfColumns":2,"fields":{"1":[{"fieldType":"FormFieldRepresentation","id":"company_address","name":"Company Address","type":"multi-line-text","value":null,"required":false,"readOnly":false,"overrideId":true,"colspan":2,"placeholder":null,"minLength":0,"maxLength":0,"minValue":null,"maxValue":null,"regexPattern":null,"optionType":null,"hasEmptyValue":null,"options":null,"restUrl":null,"restResponsePath":null,"restIdProperty":null,"restLabelProperty":null,"tab":"tab1","className":null,"params":{"existingColspan":2,"maxColspan":2},"dateDisplayFormat":null,"layout":{"row":-1,"column":-1,"colspan":1},"sizeX":1,"sizeY":2,"row":-1,"col":-1,"visibilityCondition":null}]}}],"outcomes":[{"id":null,"name":"Proceed with the Contract"}],"javascriptEvents":[],"className":"","style":"","customFieldTemplates":{},"metadata":{},"variables":[],"customFieldsValueInfo":{},"gridsterForm":false}}