<?xml version='1.0' encoding='UTF-8'?>
<bpmn2:definitions xmlns="http://www.omg.org/spec/BPMN/20100524/MODEL" xmlns:bpmn2="http://www.omg.org/spec/BPMN/20100524/MODEL" xmlns:xsi="http://www.w3.org/2001/XMLSchema-instance" xmlns:xsd="http://www.w3.org/2001/XMLSchema" xmlns:activiti="http://activiti.org/bpmn" xmlns:bpmndi="http://www.omg.org/spec/BPMN/20100524/DI" xmlns:omgdc="http://www.omg.org/spec/DD/20100524/DC" xmlns:omgdi="http://www.omg.org/spec/DD/20100524/DI" typeLanguage="http://www.w3.org/2001/XMLSchema" expressionLanguage="http://www.w3.org/1999/XPath" targetNamespace="http://www.activiti.org/processdef" xmlns:modeler="http://activiti.com/modeler" modeler:version="1.0en" modeler:exportDateTime="20250428170759449" modeler:modelId="173" modeler:modelVersion="10" modeler:modelLastUpdated="1745859500870">
  <bpmn2:message id="myMessage" name="myMessage"/>
  <bpmn2:process id="MessageMe" name="MessageMe" isExecutable="true">
    <extensionElements>
      <modeler:deleteallvariables xmlns:modeler="http://activiti.com/modeler" modeler:deleteallvariables="false"/>
      <modeler:executionvariables xmlns:modeler="http://activiti.com/modeler" modeler:variableName="varFromMessage" modeler:variableType="string"/>
    </extensionElements>
    <bpmn2:userTask id="sid-A1167E1C-BA50-4577-A34F-2DB95109346A" name="Message Task" activiti:assignee="2" activiti:formKey="174">
      <extensionElements>
        <modeler:allow-send-email><![CDATA[true]]></modeler:allow-send-email>
        <modeler:form-reference-id><![CDATA[174]]></modeler:form-reference-id>
        <modeler:form-reference-name><![CDATA[MessageForm]]></modeler:form-reference-name>
        <modeler:activiti-idm-assignee><![CDATA[true]]></modeler:activiti-idm-assignee>
        <modeler:assignee-info-email><![CDATA[demo@example.com]]></modeler:assignee-info-email>
        <modeler:assignee-info-firstname><![CDATA[Demo]]></modeler:assignee-info-firstname>
        <modeler:assignee-info-lastname><![CDATA[User]]></modeler:assignee-info-lastname>
        <modeler:assignee-info-externalid><![CDATA[demo]]></modeler:assignee-info-externalid>
        <modeler:initiator-can-complete><![CDATA[false]]></modeler:initiator-can-complete>
        <modeler:deactivate-user-task-reassignment><![CDATA[false]]></modeler:deactivate-user-task-reassignment>
        <modeler:editor-resource-id><![CDATA[sid-A1167E1C-BA50-4577-A34F-2DB95109346A]]></modeler:editor-resource-id>
      </extensionElements>
      <bpmn2:incoming>sid-3528AAC9-02CD-487D-B694-0C5B7BDC6968</bpmn2:incoming>
      <bpmn2:outgoing>sid-8E7B970C-C696-4703-8ECF-AF734C8894A9</bpmn2:outgoing>
    </bpmn2:userTask>
    <bpmn2:sequenceFlow id="sid-3528AAC9-02CD-487D-B694-0C5B7BDC6968" sourceRef="sid-D497113F-2CB9-4E30-9E73-4209A857E118" targetRef="sid-A1167E1C-BA50-4577-A34F-2DB95109346A">
      <extensionElements>
        <modeler:editor-resource-id><![CDATA[sid-3528AAC9-02CD-487D-B694-0C5B7BDC6968]]></modeler:editor-resource-id>
      </extensionElements>
    </bpmn2:sequenceFlow>
    <bpmn2:endEvent id="sid-B66B9EA5-28E8-4E6E-B8FC-57D57B4930B6">
      <extensionElements>
        <modeler:editor-resource-id><![CDATA[sid-B66B9EA5-28E8-4E6E-B8FC-57D57B4930B6]]></modeler:editor-resource-id>
      </extensionElements>
      <bpmn2:incoming>sid-8E7B970C-C696-4703-8ECF-AF734C8894A9</bpmn2:incoming>
    </bpmn2:endEvent>
    <bpmn2:sequenceFlow id="sid-8E7B970C-C696-4703-8ECF-AF734C8894A9" sourceRef="sid-A1167E1C-BA50-4577-A34F-2DB95109346A" targetRef="sid-B66B9EA5-28E8-4E6E-B8FC-57D57B4930B6">
      <extensionElements>
        <modeler:editor-resource-id><![CDATA[sid-8E7B970C-C696-4703-8ECF-AF734C8894A9]]></modeler:editor-resource-id>
      </extensionElements>
    </bpmn2:sequenceFlow>
    <bpmn2:startEvent id="sid-D497113F-2CB9-4E30-9E73-4209A857E118" isInterrupting="false">
      <extensionElements>
        <modeler:editor-resource-id><![CDATA[sid-D497113F-2CB9-4E30-9E73-4209A857E118]]></modeler:editor-resource-id>
      </extensionElements>
      <bpmn2:outgoing>sid-3528AAC9-02CD-487D-B694-0C5B7BDC6968</bpmn2:outgoing>
      <messageEventDefinition messageRef="myMessage"/>
    </bpmn2:startEvent>
  </bpmn2:process>
  <bpmndi:BPMNDiagram id="BPMNDiagram_MessageMe">
    <bpmndi:BPMNPlane bpmnElement="MessageMe" id="BPMNPlane_MessageMe">
      <bpmndi:BPMNShape bpmnElement="sid-A1167E1C-BA50-4577-A34F-2DB95109346A" id="BPMNShape_sid-A1167E1C-BA50-4577-A34F-2DB95109346A">
        <omgdc:Bounds height="80.0" width="100.0" x="175.0" y="138.0"/>
      </bpmndi:BPMNShape>
      <bpmndi:BPMNShape bpmnElement="sid-B66B9EA5-28E8-4E6E-B8FC-57D57B4930B6" id="BPMNShape_sid-B66B9EA5-28E8-4E6E-B8FC-57D57B4930B6">
        <omgdc:Bounds height="28.0" width="28.0" x="320.0" y="164.0"/>
      </bpmndi:BPMNShape>
      <bpmndi:BPMNShape bpmnElement="sid-D497113F-2CB9-4E30-9E73-4209A857E118" id="BPMNShape_sid-D497113F-2CB9-4E30-9E73-4209A857E118">
        <omgdc:Bounds height="30.0" width="30.5" x="99.75" y="163.0"/>
      </bpmndi:BPMNShape>
      <bpmndi:BPMNEdge bpmnElement="sid-8E7B970C-C696-4703-8ECF-AF734C8894A9" id="BPMNEdge_sid-8E7B970C-C696-4703-8ECF-AF734C8894A9">
        <omgdi:waypoint x="275.0" y="178.0"/>
        <omgdi:waypoint x="320.0" y="178.0"/>
      </bpmndi:BPMNEdge>
      <bpmndi:BPMNEdge bpmnElement="sid-3528AAC9-02CD-487D-B694-0C5B7BDC6968" id="BPMNEdge_sid-3528AAC9-02CD-487D-B694-0C5B7BDC6968">
        <omgdi:waypoint x="130.25" y="178.0"/>
        <omgdi:waypoint x="175.0" y="178.0"/>
      </bpmndi:BPMNEdge>
    </bpmndi:BPMNPlane>
  </bpmndi:BPMNDiagram>
</bpmn2:definitions>