{"resourceId":173,"properties":{"process_id":"MessageMe","name":"MessageMe","documentation":"","process_author":"","process_version":"","process_namespace":"http://www.activiti.org/processdef","executionlisteners":"","eventlisteners":"","signaldefinitions":"","messagedefinitions":"[{\"id\":\"myMessage\",\"name\":\"myMessage\",\"$$hashKey\":\"uiGrid-000F\"}]","executionvariables":"[{\"variableName\":\"varFromMessage\",\"variableType\":\"string\",\"$$hashKey\":\"uiGrid-0009\"}]","metadata":"","nonpersistenceformfields":"","deleteallvariables":"false"},"stencil":{"id":"BPMNDiagram"},"childShapes":[{"resourceId":"sid-A1167E1C-BA50-4577-A34F-2DB95109346A","properties":{"overrideid":"","name":"Message Task","documentation":"","asynchronousdefinition":"false","exclusivedefinition":"false","executionlisteners":"","multiinstance_type":"None","multiinstance_cardinality":"","multiinstance_collection":"","multiinstance_variable":"","multiinstance_condition":"","isforcompensation":"false","usertasksendemail":true,"usertaskassignment":{"assignment":{"type":"idm","idm":{"type":"user","assignee":{"id":2,"firstName":"Demo","lastName":"User","email":"demo@example.com","externalId":"demo","$$hashKey":"object:714"}}}},"formkeydefinition":"","formreference":{"id":174,"name":"MessageForm","referenceId":null},"fieldstovariables":"","duedatedefinition":"","prioritydefinition":"","categorydefinition":"","formproperties":"","tasklisteners":"","emailtemplate":""},"stencil":{"id":"UserTask"},"childShapes":[],"outgoing":[{"resourceId":"sid-8E7B970C-C696-4703-8ECF-AF734C8894A9"}],"bounds":{"lowerRight":{"x":275,"y":218},"upperLeft":{"x":175,"y":138}},"dockers":[]},{"resourceId":"sid-3528AAC9-02CD-487D-B694-0C5B7BDC6968","properties":{"overrideid":"","name":"","documentation":"","conditionsequenceflow":"","executionlisteners":"","defaultflow":"false"},"stencil":{"id":"SequenceFlow"},"childShapes":[],"outgoing":[{"resourceId":"sid-A1167E1C-BA50-4577-A34F-2DB95109346A"}],"bounds":{"lowerRight":{"x":174.15625,"y":178},"upperLeft":{"x":130.609375,"y":178}},"dockers":[{"x":15.25,"y":15},{"x":50,"y":40}],"target":{"resourceId":"sid-A1167E1C-BA50-4577-A34F-2DB95109346A"}},{"resourceId":"sid-B66B9EA5-28E8-4E6E-B8FC-57D57B4930B6","properties":{"overrideid":"","name":"","documentation":"","executionlisteners":""},"stencil":{"id":"EndNoneEvent"},"childShapes":[],"outgoing":[],"bounds":{"lowerRight":{"x":348,"y":192},"upperLeft":{"x":320,"y":164}},"dockers":[]},{"resourceId":"sid-8E7B970C-C696-4703-8ECF-AF734C8894A9","properties":{"overrideid":"","name":"","documentation":"","conditionsequenceflow":"","executionlisteners":"","defaultflow":"false"},"stencil":{"id":"SequenceFlow"},"childShapes":[],"outgoing":[{"resourceId":"sid-B66B9EA5-28E8-4E6E-B8FC-57D57B4930B6"}],"bounds":{"lowerRight":{"x":319.375,"y":178},"upperLeft":{"x":275.390625,"y":178}},"dockers":[{"x":50,"y":40},{"x":14,"y":14}],"target":{"resourceId":"sid-B66B9EA5-28E8-4E6E-B8FC-57D57B4930B6"}},{"resourceId":"sid-D497113F-2CB9-4E30-9E73-4209A857E118","properties":{"overrideid":"","name":"","documentation":"","executionlisteners":"","messageref":"myMessage","type":"http://b3mn.org/stencilset/bpmn2.0#StartNoneEvent","initiator":"","formkeydefinition":"","formreference":"","fieldstovariables":"","formproperties":""},"stencil":{"id":"StartMessageEvent"},"childShapes":[],"outgoing":[{"resourceId":"sid-3528AAC9-02CD-487D-B694-0C5B7BDC6968"}],"bounds":{"lowerRight":{"x":130.25,"y":193},"upperLeft":{"x":99.75,"y":163}},"dockers":[]}],"bounds":{"lowerRight":{"x":5000,"y":2050},"upperLeft":{"x":0,"y":0}},"stencilset":{"url":"stencilsets/bpmn2.0/bpmn2.0.json","namespace":"http://b3mn.org/stencilset/bpmn2.0#"},"ssextensions":[]}