{"resourceId":176,"properties":{"process_id":"SignalMe","name":"SignalMe","documentation":"","process_author":"","process_version":"","process_namespace":"http://www.activiti.org/processdef","executionlisteners":"","eventlisteners":"","signaldefinitions":"[{\"id\":\"mySignal\",\"name\":\"mySignal\",\"scope\":\"global\",\"$$hashKey\":\"uiGrid-0045\"}]","messagedefinitions":"","executionvariables":"[{\"variableName\":\"varFromSignal\",\"variableType\":\"string\",\"$$hashKey\":\"uiGrid-0009\"}]","metadata":"","nonpersistenceformfields":"","deleteallvariables":"false"},"stencil":{"id":"BPMNDiagram"},"childShapes":[{"resourceId":"sid-983D32A2-386F-4637-AEE1-2308906187B3","properties":{"overrideid":"","name":"Signal Task","documentation":"","asynchronousdefinition":"false","exclusivedefinition":"false","executionlisteners":"","multiinstance_type":"None","multiinstance_cardinality":"","multiinstance_collection":"","multiinstance_variable":"","multiinstance_condition":"","isforcompensation":"false","usertasksendemail":true,"usertaskassignment":{"assignment":{"type":"idm","idm":{"type":"user","assignee":{"id":2,"firstName":"Demo","lastName":"User","email":"demo@example.com","externalId":"demo","$$hashKey":"object:741"}}}},"formkeydefinition":"","formreference":{"id":177,"name":"SignalForm","referenceId":176},"fieldstovariables":"","duedatedefinition":"","prioritydefinition":"","categorydefinition":"","formproperties":"","tasklisteners":"","emailtemplate":""},"stencil":{"id":"UserTask"},"childShapes":[],"outgoing":[{"resourceId":"sid-FD822660-2D5D-44FE-AE68-9F3F2DC74C15"}],"bounds":{"lowerRight":{"x":275,"y":218},"upperLeft":{"x":175,"y":138}},"dockers":[]},{"resourceId":"sid-A9D7B25B-A812-4ACD-87A6-D37A8495480B","properties":{"overrideid":"","name":"","documentation":"","conditionsequenceflow":"","executionlisteners":"","defaultflow":"false"},"stencil":{"id":"SequenceFlow"},"childShapes":[],"outgoing":[{"resourceId":"sid-983D32A2-386F-4637-AEE1-2308906187B3"}],"bounds":{"lowerRight":{"x":174.15625,"y":178},"upperLeft":{"x":130.609375,"y":178}},"dockers":[{"x":15,"y":15},{"x":50,"y":40}],"target":{"resourceId":"sid-983D32A2-386F-4637-AEE1-2308906187B3"}},{"resourceId":"sid-45B2512F-CBE4-4BA9-82D7-FA9A8EA1717C","properties":{"overrideid":"","name":"","documentation":"","executionlisteners":""},"stencil":{"id":"EndNoneEvent"},"childShapes":[],"outgoing":[],"bounds":{"lowerRight":{"x":348,"y":192},"upperLeft":{"x":320,"y":164}},"dockers":[]},{"resourceId":"sid-FD822660-2D5D-44FE-AE68-9F3F2DC74C15","properties":{"overrideid":"","name":"","documentation":"","conditionsequenceflow":"","executionlisteners":"","defaultflow":"false"},"stencil":{"id":"SequenceFlow"},"childShapes":[],"outgoing":[{"resourceId":"sid-45B2512F-CBE4-4BA9-82D7-FA9A8EA1717C"}],"bounds":{"lowerRight":{"x":319.375,"y":178},"upperLeft":{"x":275.390625,"y":178}},"dockers":[{"x":50,"y":40},{"x":14,"y":14}],"target":{"resourceId":"sid-45B2512F-CBE4-4BA9-82D7-FA9A8EA1717C"}},{"resourceId":"sid-A19C3CDB-A787-44D9-8628-835AC3CE4D87","properties":{"overrideid":"","name":"","documentation":"","executionlisteners":"","signalref":"mySignal","type":"http://b3mn.org/stencilset/bpmn2.0#StartNoneEvent","initiator":"","formkeydefinition":"","formreference":"","fieldstovariables":"","formproperties":""},"stencil":{"id":"StartSignalEvent"},"childShapes":[],"outgoing":[{"resourceId":"sid-A9D7B25B-A812-4ACD-87A6-D37A8495480B"}],"bounds":{"lowerRight":{"x":130,"y":193},"upperLeft":{"x":100,"y":163}},"dockers":[]}],"bounds":{"lowerRight":{"x":5000,"y":2050},"upperLeft":{"x":0,"y":0}},"stencilset":{"url":"stencilsets/bpmn2.0/bpmn2.0.json","namespace":"http://b3mn.org/stencilset/bpmn2.0#"},"ssextensions":[]}