<?xml version='1.0' encoding='UTF-8'?>
<bpmn2:definitions xmlns="http://www.omg.org/spec/BPMN/20100524/MODEL" xmlns:bpmn2="http://www.omg.org/spec/BPMN/20100524/MODEL" xmlns:xsi="http://www.w3.org/2001/XMLSchema-instance" xmlns:xsd="http://www.w3.org/2001/XMLSchema" xmlns:activiti="http://activiti.org/bpmn" xmlns:bpmndi="http://www.omg.org/spec/BPMN/20100524/DI" xmlns:omgdc="http://www.omg.org/spec/DD/20100524/DC" xmlns:omgdi="http://www.omg.org/spec/DD/20100524/DI" typeLanguage="http://www.w3.org/2001/XMLSchema" expressionLanguage="http://www.w3.org/1999/XPath" targetNamespace="http://www.activiti.org/processdef" xmlns:modeler="http://activiti.com/modeler" modeler:version="1.0en" modeler:exportDateTime="20250428170759444" modeler:modelId="176" modeler:modelVersion="8" modeler:modelLastUpdated="1745859500865">
  <signal id="mySignal" name="mySignal" activiti:scope="global"/>
  <bpmn2:process id="SignalMe" name="SignalMe" isExecutable="true">
    <extensionElements>
      <modeler:deleteallvariables xmlns:modeler="http://activiti.com/modeler" modeler:deleteallvariables="false"/>
      <modeler:executionvariables xmlns:modeler="http://activiti.com/modeler" modeler:variableName="varFromSignal" modeler:variableType="string"/>
    </extensionElements>
    <bpmn2:userTask id="sid-983D32A2-386F-4637-AEE1-2308906187B3" name="Signal Task" activiti:assignee="2" activiti:formKey="177">
      <extensionElements>
        <modeler:allow-send-email><![CDATA[true]]></modeler:allow-send-email>
        <modeler:form-reference-id><![CDATA[177]]></modeler:form-reference-id>
        <modeler:form-reference-name><![CDATA[SignalForm]]></modeler:form-reference-name>
        <modeler:activiti-idm-assignee><![CDATA[true]]></modeler:activiti-idm-assignee>
        <modeler:assignee-info-email><![CDATA[demo@example.com]]></modeler:assignee-info-email>
        <modeler:assignee-info-firstname><![CDATA[Demo]]></modeler:assignee-info-firstname>
        <modeler:assignee-info-lastname><![CDATA[User]]></modeler:assignee-info-lastname>
        <modeler:assignee-info-externalid><![CDATA[demo]]></modeler:assignee-info-externalid>
        <modeler:initiator-can-complete><![CDATA[false]]></modeler:initiator-can-complete>
        <modeler:deactivate-user-task-reassignment><![CDATA[false]]></modeler:deactivate-user-task-reassignment>
        <modeler:editor-resource-id><![CDATA[sid-983D32A2-386F-4637-AEE1-2308906187B3]]></modeler:editor-resource-id>
      </extensionElements>
      <bpmn2:incoming>sid-A9D7B25B-A812-4ACD-87A6-D37A8495480B</bpmn2:incoming>
      <bpmn2:outgoing>sid-FD822660-2D5D-44FE-AE68-9F3F2DC74C15</bpmn2:outgoing>
    </bpmn2:userTask>
    <bpmn2:sequenceFlow id="sid-A9D7B25B-A812-4ACD-87A6-D37A8495480B" sourceRef="sid-A19C3CDB-A787-44D9-8628-835AC3CE4D87" targetRef="sid-983D32A2-386F-4637-AEE1-2308906187B3">
      <extensionElements>
        <modeler:editor-resource-id><![CDATA[sid-A9D7B25B-A812-4ACD-87A6-D37A8495480B]]></modeler:editor-resource-id>
      </extensionElements>
    </bpmn2:sequenceFlow>
    <bpmn2:endEvent id="sid-45B2512F-CBE4-4BA9-82D7-FA9A8EA1717C">
      <extensionElements>
        <modeler:editor-resource-id><![CDATA[sid-45B2512F-CBE4-4BA9-82D7-FA9A8EA1717C]]></modeler:editor-resource-id>
      </extensionElements>
      <bpmn2:incoming>sid-FD822660-2D5D-44FE-AE68-9F3F2DC74C15</bpmn2:incoming>
    </bpmn2:endEvent>
    <bpmn2:sequenceFlow id="sid-FD822660-2D5D-44FE-AE68-9F3F2DC74C15" sourceRef="sid-983D32A2-386F-4637-AEE1-2308906187B3" targetRef="sid-45B2512F-CBE4-4BA9-82D7-FA9A8EA1717C">
      <extensionElements>
        <modeler:editor-resource-id><![CDATA[sid-FD822660-2D5D-44FE-AE68-9F3F2DC74C15]]></modeler:editor-resource-id>
      </extensionElements>
    </bpmn2:sequenceFlow>
    <bpmn2:startEvent id="sid-A19C3CDB-A787-44D9-8628-835AC3CE4D87" isInterrupting="false">
      <extensionElements>
        <modeler:editor-resource-id><![CDATA[sid-A19C3CDB-A787-44D9-8628-835AC3CE4D87]]></modeler:editor-resource-id>
      </extensionElements>
      <bpmn2:outgoing>sid-A9D7B25B-A812-4ACD-87A6-D37A8495480B</bpmn2:outgoing>
      <signalEventDefinition signalRef="mySignal"/>
    </bpmn2:startEvent>
  </bpmn2:process>
  <bpmndi:BPMNDiagram id="BPMNDiagram_SignalMe">
    <bpmndi:BPMNPlane bpmnElement="SignalMe" id="BPMNPlane_SignalMe">
      <bpmndi:BPMNShape bpmnElement="sid-983D32A2-386F-4637-AEE1-2308906187B3" id="BPMNShape_sid-983D32A2-386F-4637-AEE1-2308906187B3">
        <omgdc:Bounds height="80.0" width="100.0" x="175.0" y="138.0"/>
      </bpmndi:BPMNShape>
      <bpmndi:BPMNShape bpmnElement="sid-45B2512F-CBE4-4BA9-82D7-FA9A8EA1717C" id="BPMNShape_sid-45B2512F-CBE4-4BA9-82D7-FA9A8EA1717C">
        <omgdc:Bounds height="28.0" width="28.0" x="320.0" y="164.0"/>
      </bpmndi:BPMNShape>
      <bpmndi:BPMNShape bpmnElement="sid-A19C3CDB-A787-44D9-8628-835AC3CE4D87" id="BPMNShape_sid-A19C3CDB-A787-44D9-8628-835AC3CE4D87">
        <omgdc:Bounds height="30.0" width="30.0" x="100.0" y="163.0"/>
      </bpmndi:BPMNShape>
      <bpmndi:BPMNEdge bpmnElement="sid-FD822660-2D5D-44FE-AE68-9F3F2DC74C15" id="BPMNEdge_sid-FD822660-2D5D-44FE-AE68-9F3F2DC74C15">
        <omgdi:waypoint x="275.0" y="178.0"/>
        <omgdi:waypoint x="320.0" y="178.0"/>
      </bpmndi:BPMNEdge>
      <bpmndi:BPMNEdge bpmnElement="sid-A9D7B25B-A812-4ACD-87A6-D37A8495480B" id="BPMNEdge_sid-A9D7B25B-A812-4ACD-87A6-D37A8495480B">
        <omgdi:waypoint x="130.0" y="178.0"/>
        <omgdi:waypoint x="175.0" y="178.0"/>
      </bpmndi:BPMNEdge>
    </bpmndi:BPMNPlane>
  </bpmndi:BPMNDiagram>
</bpmn2:definitions>