<?xml version='1.0' encoding='UTF-8'?>
<definitions xmlns="http://www.omg.org/spec/BPMN/20100524/MODEL" xmlns:xsi="http://www.w3.org/2001/XMLSchema-instance" xmlns:xsd="http://www.w3.org/2001/XMLSchema" xmlns:activiti="http://activiti.org/bpmn" xmlns:bpmndi="http://www.omg.org/spec/BPMN/20100524/DI" xmlns:omgdc="http://www.omg.org/spec/DD/20100524/DC" xmlns:omgdi="http://www.omg.org/spec/DD/20100524/DI" typeLanguage="http://www.w3.org/2001/XMLSchema" expressionLanguage="http://www.w3.org/1999/XPath" targetNamespace="http://www.activiti.org/processdef" xmlns:modeler="http://activiti.com/modeler" modeler:version="1.0en" modeler:exportDateTime="20190712170936363" modeler:modelId="5008" modeler:modelVersion="24" modeler:modelLastUpdated="1562732134004" modeler:originalModelId="3006" modeler:originalModelVersion="66">
  <process id="FAAApplication" name="FAA Application" isExecutable="true">
    <documentation>FAA License Application
Federal Aviation Administration</documentation>
    <extensionElements>
      <modeler:executionvariables xmlns:modeler="http://activiti.com/modeler" modeler:variableName="record" modeler:variableType="string"/>
      <modeler:executionvariables xmlns:modeler="http://activiti.com/modeler" modeler:variableName="busKey" modeler:variableType="string"/>
      <modeler:executionvariables xmlns:modeler="http://activiti.com/modeler" modeler:variableName="statusReview" modeler:variableType="string"/>
      <modeler:executionvariables xmlns:modeler="http://activiti.com/modeler" modeler:variableName="statusApprove" modeler:variableType="string"/>
      <modeler:executionvariables xmlns:modeler="http://activiti.com/modeler" modeler:variableName="IsRecord" modeler:variableType="string"/>
      <modeler:executionvariables xmlns:modeler="http://activiti.com/modeler" modeler:variableName="userName" modeler:variableType="string"/>
      <modeler:executionvariables xmlns:modeler="http://activiti.com/modeler" modeler:variableName="businessKey" modeler:variableType="string"/>
      <modeler:executionvariables xmlns:modeler="http://activiti.com/modeler" modeler:variableName="form" modeler:variableType="string"/>
      <modeler:executionvariables xmlns:modeler="http://activiti.com/modeler" modeler:variableName="Status" modeler:variableType="string"/>
    </extensionElements>
    <startEvent id="startEvent1" name="Start" activiti:formKey="3011">
      <extensionElements>
        <modeler:form-reference-id><![CDATA[3011]]></modeler:form-reference-id>
        <modeler:form-reference-name><![CDATA[FAA Application Upload]]></modeler:form-reference-name>
        <modeler:editor-resource-id><![CDATA[startEvent1]]></modeler:editor-resource-id>
      </extensionElements>
    </startEvent>
    <endEvent id="sid-9E896A07-7F63-4383-A5AC-13421CF601FF" name="End Approved">
      <extensionElements>
        <modeler:editor-resource-id><![CDATA[sid-9E896A07-7F63-4383-A5AC-13421CF601FF]]></modeler:editor-resource-id>
      </extensionElements>
    </endEvent>
    <scriptTask id="sid-0CE5785B-DAC7-4CB6-8F11-A9F9166655FE" name="Set Variables" activiti:async="true" activiti:exclusive="false" scriptFormat="javascript" activiti:autoStoreVariables="false">
      <extensionElements>
        <modeler:editor-resource-id><![CDATA[sid-0CE5785B-DAC7-4CB6-8F11-A9F9166655FE]]></modeler:editor-resource-id>
      </extensionElements>
      <script><![CDATA[var busKey = "file-"+execution.getProcessInstanceId();
execution.setVariable("businessKey", busKey);
execution.getEngineServices().getRuntimeService().updateBusinessKey(execution.getProcessInstanceId(),busKey);

//execution.setVariable("statusReview","Review");
execution.setVariable("Status","Approved");
//execution.setVariable("record","true");
//execution.setVariable("form","7311");

print("-----------------------------------------------");
//print("statusReview :" + statusReview);
//print("statusApprove :" + statusApprove);
//print("businessKey :" + businessKey);
//print("assignedUser :" + assignedUser);


//execution.setVariable('fullname',userInfoBean.getUser(assignedUser, execution).fullName);
//print("fullName :" + userInfoBean.getUser(assignedUser, execution).fullName);]]></script>
    </scriptTask>
    <sequenceFlow id="sid-68A119C9-2691-4068-B6D4-0A1B384CC2AB" sourceRef="startEvent1" targetRef="sid-0CE5785B-DAC7-4CB6-8F11-A9F9166655FE">
      <extensionElements>
        <modeler:editor-resource-id><![CDATA[sid-68A119C9-2691-4068-B6D4-0A1B384CC2AB]]></modeler:editor-resource-id>
      </extensionElements>
    </sequenceFlow>
    <serviceTask id="sid-F70BA7A4-D117-49F0-AD2B-ADEB4B259B8B" name="Save to DMS" activiti:async="true" activiti:delegateExpression="${activiti_publishAlfrescoDelegate}">
      <extensionElements>
        <activiti:field name="contentSource">
          <activiti:string><![CDATA[process]]></activiti:string>
        </activiti:field>
        <activiti:field name="metaDataMapping">
          <activiti:string><![CDATA[[{"fileProperty":"FAA:License","propertyType":"string","propertyValueType":"field","formField":{"id":"licenseType_LABEL","name":"License Type - label","type":"dropdown"}},{"fileProperty":"FAA:Project","propertyType":"string","propertyValueType":"field","formField":{"id":"projectName","name":"Project Name","type":"text"}},{"fileProperty":"FAA:Status","propertyType":"string","propertyValueType":"variable","processVariable":{"id":"Status","name":"Status","type":"string"}},{"fileProperty":"FAA:Type","propertyType":"string","propertyValueType":"field","formField":{"id":"applicationtype_LABEL","name":"Application Type - label","type":"dropdown"}}]]]></activiti:string>
        </activiti:field>
        <activiti:field name="documentType">
          <activiti:string><![CDATA[cmis:document]]></activiti:string>
        </activiti:field>
        <activiti:field name="documentAspects">
          <activiti:string><![CDATA[[{"aspectName":"cm:titled"},{"aspectName":"FAA:FAA_Application"}]]]></activiti:string>
        </activiti:field>
        <activiti:field name="account">
          <activiti:string><![CDATA[alfresco-1-alfresco-1]]></activiti:string>
        </activiti:field>
        <activiti:field name="site">
          <activiti:string><![CDATA[faa]]></activiti:string>
        </activiti:field>
        <activiti:field name="accountUserId">
          <activiti:string><![CDATA[2]]></activiti:string>
        </activiti:field>
        <activiti:field name="publishAsType">
          <activiti:string><![CDATA[user]]></activiti:string>
        </activiti:field>
        <activiti:field name="path">
          <activiti:string><![CDATA[dd81aa43-a441-4b1b-9eb4-8c71b335f9c8]]></activiti:string>
        </activiti:field>
        <modeler:publish-task-type><![CDATA[alfresco]]></modeler:publish-task-type>
        <modeler:user-email><![CDATA[demo@example.com]]></modeler:user-email>
        <modeler:user-external-id><![CDATA[demo]]></modeler:user-external-id>
        <modeler:username><![CDATA[Demo User]]></modeler:username>
        <modeler:site_title><![CDATA[FAA]]></modeler:site_title>
        <modeler:path_title><![CDATA[documentLibrary > Applications]]></modeler:path_title>
        <modeler:editor-resource-id><![CDATA[sid-F70BA7A4-D117-49F0-AD2B-ADEB4B259B8B]]></modeler:editor-resource-id>
      </extensionElements>
    </serviceTask>
    <sequenceFlow id="sid-F503EF8C-FB75-486C-B0D3-F7434992CA9A" sourceRef="sid-F70BA7A4-D117-49F0-AD2B-ADEB4B259B8B" targetRef="sid-9E896A07-7F63-4383-A5AC-13421CF601FF">
      <extensionElements>
        <modeler:editor-resource-id><![CDATA[sid-F503EF8C-FB75-486C-B0D3-F7434992CA9A]]></modeler:editor-resource-id>
      </extensionElements>
    </sequenceFlow>
    <serviceTask id="sid-97EAEBCA-4364-4A7D-9638-FFB886006604" name="Email Applicant" activiti:type="mail">
      <extensionElements>
        <activiti:field name="to">
          <activiti:expression><![CDATA[${emailBean.getProcessInitiator(execution)}]]></activiti:expression>
        </activiti:field>
        <activiti:field name="subject">
          <activiti:string><![CDATA[Application Rejected]]></activiti:string>
        </activiti:field>
        <activiti:field name="text">
          <activiti:string><![CDATA[Dear Applicant,

We regret to inform you that your application has been rejected for the following reason:

]]></activiti:string>
        </activiti:field>
        <modeler:mail-to-initiator><![CDATA[true]]></modeler:mail-to-initiator>
        <modeler:editor-resource-id><![CDATA[sid-97EAEBCA-4364-4A7D-9638-FFB886006604]]></modeler:editor-resource-id>
      </extensionElements>
    </serviceTask>
    <exclusiveGateway id="sid-3CC603C4-8745-4413-895B-EB37BA528140">
      <extensionElements>
        <modeler:editor-resource-id><![CDATA[sid-3CC603C4-8745-4413-895B-EB37BA528140]]></modeler:editor-resource-id>
      </extensionElements>
    </exclusiveGateway>
    <endEvent id="sid-EE21ED4B-40A7-484D-9166-366A5361A6CA" name="End Rejected">
      <extensionElements>
        <modeler:editor-resource-id><![CDATA[sid-EE21ED4B-40A7-484D-9166-366A5361A6CA]]></modeler:editor-resource-id>
      </extensionElements>
    </endEvent>
    <userTask id="revieewtask" name="Review Application" activiti:assignee="$INITIATOR" activiti:formKey="5010">
      <extensionElements>
        <modeler:allow-send-email><![CDATA[true]]></modeler:allow-send-email>
        <modeler:form-reference-id><![CDATA[5010]]></modeler:form-reference-id>
        <modeler:form-reference-name><![CDATA[FAA Review Form]]></modeler:form-reference-name>
        <modeler:activiti-idm-initiator><![CDATA[true]]></modeler:activiti-idm-initiator>
        <modeler:initiator-can-complete><![CDATA[true]]></modeler:initiator-can-complete>
        <modeler:editor-resource-id><![CDATA[sid-B805A8C9-74A6-4FD5-9092-5F26AF522085]]></modeler:editor-resource-id>
      </extensionElements>
    </userTask>
    <sequenceFlow id="sid-153183F9-44EA-4A40-9AD2-55C32BF0C442" sourceRef="sid-0CE5785B-DAC7-4CB6-8F11-A9F9166655FE" targetRef="revieewtask">
      <extensionElements>
        <modeler:editor-resource-id><![CDATA[sid-153183F9-44EA-4A40-9AD2-55C32BF0C442]]></modeler:editor-resource-id>
      </extensionElements>
    </sequenceFlow>
    <sequenceFlow id="sid-8E5F217E-E7BC-4B83-8918-FDBC8576B278" sourceRef="revieewtask" targetRef="sid-3CC603C4-8745-4413-895B-EB37BA528140">
      <extensionElements>
        <modeler:editor-resource-id><![CDATA[sid-8E5F217E-E7BC-4B83-8918-FDBC8576B278]]></modeler:editor-resource-id>
      </extensionElements>
    </sequenceFlow>
    <sequenceFlow id="sid-EBE2C0FE-87FD-4C6A-9DCC-D37222C5D845" sourceRef="sid-97EAEBCA-4364-4A7D-9638-FFB886006604" targetRef="sid-EE21ED4B-40A7-484D-9166-366A5361A6CA">
      <extensionElements>
        <modeler:editor-resource-id><![CDATA[sid-EBE2C0FE-87FD-4C6A-9DCC-D37222C5D845]]></modeler:editor-resource-id>
      </extensionElements>
    </sequenceFlow>
    <sequenceFlow id="Rejected" name="Rejected" sourceRef="sid-3CC603C4-8745-4413-895B-EB37BA528140" targetRef="sid-97EAEBCA-4364-4A7D-9638-FFB886006604">
      <extensionElements>
        <modeler:conditionDefinition modeler:index="0" modeler:outcomeFormId="5010" modeler:outcomeFormName="FAA Review Form" modeler:rightOutcomeName="Rejected" modeler:operator="=="/>
        <modeler:editor-resource-id><![CDATA[sid-37048E81-D34F-43D1-96FD-8D2794AEE07A]]></modeler:editor-resource-id>
      </extensionElements>
      <conditionExpression xsi:type="tFormalExpression"><![CDATA[${(activiti_flowConditionsBean.exists(execution, 'form5010outcome') && form5010outcome == 'Rejected')}]]></conditionExpression>
    </sequenceFlow>
    <sequenceFlow id="Approved" name="Approved" sourceRef="sid-3CC603C4-8745-4413-895B-EB37BA528140" targetRef="sid-F70BA7A4-D117-49F0-AD2B-ADEB4B259B8B">
      <extensionElements>
        <modeler:conditionDefinition modeler:index="0" modeler:outcomeFormId="5010" modeler:outcomeFormName="FAA Review Form" modeler:rightOutcomeName="Approved" modeler:operator="=="/>
        <modeler:editor-resource-id><![CDATA[sid-3AF30FFF-CB00-44B2-9EC5-9AF7D4EDC44C]]></modeler:editor-resource-id>
      </extensionElements>
      <conditionExpression xsi:type="tFormalExpression"><![CDATA[${(activiti_flowConditionsBean.exists(execution, 'form5010outcome') && form5010outcome == 'Approved')}]]></conditionExpression>
    </sequenceFlow>
  </process>
  <bpmndi:BPMNDiagram id="BPMNDiagram_FAAApplication">
    <bpmndi:BPMNPlane bpmnElement="FAAApplication" id="BPMNPlane_FAAApplication">
      <bpmndi:BPMNShape bpmnElement="startEvent1" id="BPMNShape_startEvent1">
        <omgdc:Bounds height="30.0" width="30.0" x="30.0" y="115.0"/>
      </bpmndi:BPMNShape>
      <bpmndi:BPMNShape bpmnElement="sid-9E896A07-7F63-4383-A5AC-13421CF601FF" id="BPMNShape_sid-9E896A07-7F63-4383-A5AC-13421CF601FF">
        <omgdc:Bounds height="28.0" width="28.0" x="975.0" y="116.0"/>
      </bpmndi:BPMNShape>
      <bpmndi:BPMNShape bpmnElement="sid-0CE5785B-DAC7-4CB6-8F11-A9F9166655FE" id="BPMNShape_sid-0CE5785B-DAC7-4CB6-8F11-A9F9166655FE">
        <omgdc:Bounds height="80.0" width="100.0" x="105.0" y="90.0"/>
      </bpmndi:BPMNShape>
      <bpmndi:BPMNShape bpmnElement="sid-F70BA7A4-D117-49F0-AD2B-ADEB4B259B8B" id="BPMNShape_sid-F70BA7A4-D117-49F0-AD2B-ADEB4B259B8B">
        <omgdc:Bounds height="80.16748387100006" width="100.24219354800016" x="690.0" y="90.0"/>
      </bpmndi:BPMNShape>
      <bpmndi:BPMNShape bpmnElement="sid-97EAEBCA-4364-4A7D-9638-FFB886006604" id="BPMNShape_sid-97EAEBCA-4364-4A7D-9638-FFB886006604">
        <omgdc:Bounds height="80.0" width="100.0" x="585.1210967740001" y="199.08373976805842"/>
      </bpmndi:BPMNShape>
      <bpmndi:BPMNShape bpmnElement="sid-3CC603C4-8745-4413-895B-EB37BA528140" id="BPMNShape_sid-3CC603C4-8745-4413-895B-EB37BA528140">
        <omgdc:Bounds height="40.0" width="40.0" x="465.0" y="110.08374193550003"/>
      </bpmndi:BPMNShape>
      <bpmndi:BPMNShape bpmnElement="sid-EE21ED4B-40A7-484D-9166-366A5361A6CA" id="BPMNShape_sid-EE21ED4B-40A7-484D-9166-366A5361A6CA">
        <omgdc:Bounds height="28.0" width="28.0" x="765.0" y="225.08373976805842"/>
      </bpmndi:BPMNShape>
      <bpmndi:BPMNShape bpmnElement="revieewtask" id="BPMNShape_revieewtask">
        <omgdc:Bounds height="80.0" width="100.0" x="291.0" y="90.0"/>
      </bpmndi:BPMNShape>
      <bpmndi:BPMNEdge bpmnElement="sid-EBE2C0FE-87FD-4C6A-9DCC-D37222C5D845" id="BPMNEdge_sid-EBE2C0FE-87FD-4C6A-9DCC-D37222C5D845">
        <omgdi:waypoint x="685.1210967740001" y="239.08373976805842"/>
        <omgdi:waypoint x="765.0" y="239.08373976805842"/>
      </bpmndi:BPMNEdge>
      <bpmndi:BPMNEdge bpmnElement="sid-153183F9-44EA-4A40-9AD2-55C32BF0C442" id="BPMNEdge_sid-153183F9-44EA-4A40-9AD2-55C32BF0C442">
        <omgdi:waypoint x="205.0" y="130.0"/>
        <omgdi:waypoint x="291.0" y="130.0"/>
      </bpmndi:BPMNEdge>
      <bpmndi:BPMNEdge bpmnElement="sid-8E5F217E-E7BC-4B83-8918-FDBC8576B278" id="BPMNEdge_sid-8E5F217E-E7BC-4B83-8918-FDBC8576B278">
        <omgdi:waypoint x="391.0" y="130.0008814940579"/>
        <omgdi:waypoint x="465.01761435420934" y="130.0661275812907"/>
      </bpmndi:BPMNEdge>
      <bpmndi:BPMNEdge bpmnElement="sid-68A119C9-2691-4068-B6D4-0A1B384CC2AB" id="BPMNEdge_sid-68A119C9-2691-4068-B6D4-0A1B384CC2AB">
        <omgdi:waypoint x="60.0" y="130.0"/>
        <omgdi:waypoint x="105.0" y="130.0"/>
      </bpmndi:BPMNEdge>
      <bpmndi:BPMNEdge bpmnElement="Approved" id="BPMNEdge_Approved">
        <omgdi:waypoint x="504.99344038941115" y="130.09030154608885"/>
        <omgdi:waypoint x="690.0" y="130.15100000337225"/>
      </bpmndi:BPMNEdge>
      <bpmndi:BPMNEdge bpmnElement="sid-F503EF8C-FB75-486C-B0D3-F7434992CA9A" id="BPMNEdge_sid-F503EF8C-FB75-486C-B0D3-F7434992CA9A">
        <omgdi:waypoint x="790.2421935480002" y="130.06687735759152"/>
        <omgdi:waypoint x="975.0000007925156" y="130.00471067260196"/>
      </bpmndi:BPMNEdge>
      <bpmndi:BPMNEdge bpmnElement="Rejected" id="BPMNEdge_Rejected">
        <omgdi:waypoint x="485.0" y="150.08374193550003"/>
        <omgdi:waypoint x="485.0" y="239.08373976805842"/>
        <omgdi:waypoint x="585.1210967740001" y="239.08373976805842"/>
      </bpmndi:BPMNEdge>
    </bpmndi:BPMNPlane>
  </bpmndi:BPMNDiagram>
</definitions>