{"resourceId":5008,"properties":{"process_id":"FAAApplication","name":"FAA Application","documentation":"FAA License Application\nFederal Aviation Administration","process_author":"","process_version":"","process_namespace":"http://www.activiti.org/processdef","executionlisteners":"{\"executionListeners\":[]}","eventlisteners":"{\"eventListeners\":[]}","signaldefinitions":"[]","messagedefinitions":"[]","executionvariables":"[{\"variableName\":\"record\",\"variableType\":\"string\",\"$$hashKey\":\"uiGrid-00BM\"},{\"variableName\":\"busKey\",\"variableType\":\"string\",\"$$hashKey\":\"uiGrid-00BO\"},{\"variableName\":\"statusReview\",\"variableType\":\"string\",\"$$hashKey\":\"uiGrid-00BQ\"},{\"variableName\":\"statusApprove\",\"variableType\":\"string\",\"$$hashKey\":\"uiGrid-00BS\"},{\"variableName\":\"IsRecord\",\"variableType\":\"string\",\"$$hashKey\":\"uiGrid-00BU\"},{\"variableName\":\"userName\",\"variableType\":\"string\",\"$$hashKey\":\"uiGrid-00BW\"},{\"variableName\":\"businessKey\",\"variableType\":\"string\",\"$$hashKey\":\"uiGrid-00BY\"},{\"variableName\":\"form\",\"variableType\":\"string\",\"$$hashKey\":\"uiGrid-00C0\"},{\"variableName\":\"Status\",\"variableType\":\"string\",\"$$hashKey\":\"uiGrid-00D0\"}]","metadata":"","original_model_id":3006,"original_model_version":66},"stencil":{"id":"BPMNDiagram"},"childShapes":[{"resourceId":"startEvent1","properties":{"overrideid":"startEvent1","name":"Start","documentation":"","executionlisteners":{"executionListeners":[]},"initiator":"","formkeydefinition":"","formreference":{"id":3011,"name":"FAA Application Upload","referenceId":null},"fieldstovariables":"","formproperties":"","asynchronousdefinition":false,"exclusivedefinition":false},"stencil":{"id":"StartNoneEvent"},"childShapes":[],"outgoing":[{"resourceId":"sid-68A119C9-2691-4068-B6D4-0A1B384CC2AB"}],"bounds":{"lowerRight":{"x":60,"y":145},"upperLeft":{"x":30,"y":115}},"dockers":[]},{"resourceId":"sid-9E896A07-7F63-4383-A5AC-13421CF601FF","properties":{"overrideid":"sid-9E896A07-7F63-4383-A5AC-13421CF601FF","name":"End Approved","documentation":"","executionlisteners":{"executionListeners":[]},"asynchronousdefinition":false,"exclusivedefinition":false},"stencil":{"id":"EndNoneEvent"},"childShapes":[],"outgoing":[],"bounds":{"lowerRight":{"x":1003,"y":144},"upperLeft":{"x":975,"y":116}},"dockers":[]},{"resourceId":"sid-0CE5785B-DAC7-4CB6-8F11-A9F9166655FE","properties":{"scriptformat":"javascript","scripttext":"var busKey = \"file-\"+execution.getProcessInstanceId();\r\nexecution.setVariable(\"businessKey\", busKey);\r\nexecution.getEngineServices().getRuntimeService().updateBusinessKey(execution.getProcessInstanceId(),busKey);\r\n\r\n//execution.setVariable(\"statusReview\",\"Review\");\r\nexecution.setVariable(\"Status\",\"Approved\");\r\n//execution.setVariable(\"record\",\"true\");\r\n//execution.setVariable(\"form\",\"7311\");\r\n\r\nprint(\"-----------------------------------------------\");\r\n//print(\"statusReview :\" + statusReview);\r\n//print(\"statusApprove :\" + statusApprove);\r\n//print(\"businessKey :\" + businessKey);\r\n//print(\"assignedUser :\" + assignedUser);\r\n\r\n\r\n//execution.setVariable('fullname',userInfoBean.getUser(assignedUser, execution).fullName);\r\n//print(\"fullName :\" + userInfoBean.getUser(assignedUser, execution).fullName);","executionvariables":"","overrideid":"sid-0CE5785B-DAC7-4CB6-8F11-A9F9166655FE","name":"Set Variables","documentation":"","asynchronousdefinition":true,"exclusivedefinition":false,"executionlisteners":{"executionListeners":[]},"multiinstance_type":"None","multiinstance_cardinality":"","multiinstance_collection":"","multiinstance_variable":"","multiinstance_condition":"","isforcompensation":false},"stencil":{"id":"ScriptTask"},"childShapes":[],"outgoing":[{"resourceId":"sid-153183F9-44EA-4A40-9AD2-55C32BF0C442"}],"bounds":{"lowerRight":{"x":205,"y":170},"upperLeft":{"x":105,"y":90}},"dockers":[]},{"resourceId":"sid-68A119C9-2691-4068-B6D4-0A1B384CC2AB","properties":{"overrideid":"sid-68A119C9-2691-4068-B6D4-0A1B384CC2AB","name":"","documentation":"","conditionsequenceflow":"","executionlisteners":{"executionListeners":[]},"defaultflow":"false"},"stencil":{"id":"SequenceFlow"},"childShapes":[],"outgoing":[{"resourceId":"sid-0CE5785B-DAC7-4CB6-8F11-A9F9166655FE"}],"bounds":{"lowerRight":{"x":104.15625,"y":130},"upperLeft":{"x":60.609375,"y":130}},"dockers":[{"x":15,"y":15},{"x":50,"y":40}],"target":{"resourceId":"sid-0CE5785B-DAC7-4CB6-8F11-A9F9166655FE"}},{"resourceId":"sid-F70BA7A4-D117-49F0-AD2B-ADEB4B259B8B","properties":{"overrideid":"sid-F70BA7A4-D117-49F0-AD2B-ADEB4B259B8B","name":"Save to DMS","documentation":"","alfresco_cloud_content":{"source":"process","metaDataColumnDefinitions":[{"fileProperty":"FAA:License","propertyType":"string","propertyValueType":"field","formField":{"id":"licenseType_LABEL","name":"License Type - label","type":"dropdown"}},{"fileProperty":"FAA:Project","propertyType":"string","propertyValueType":"field","formField":{"id":"projectName","name":"Project Name","type":"text"}},{"fileProperty":"FAA:Status","propertyType":"string","propertyValueType":"variable","processVariable":{"id":"Status","name":"Status","type":"string"}},{"fileProperty":"FAA:Type","propertyType":"string","propertyValueType":"field","formField":{"id":"applicationtype_LABEL","name":"Application Type - label","type":"dropdown"}}],"documentAspects":[{"aspectName":"cm:titled"},{"aspectName":"FAA:FAA_Application"}],"documentType":"cmis:document"},"alfresco_cloud_destination":{"account":"alfresco-1-alfresco-1","site":"faa","path":"dd81aa43-a441-4b1b-9eb4-8c71b335f9c8","user":2,"email":"demo@example.com","externalId":"demo","path_title":"documentLibrary > Applications","site_title":"FAA","username":"Demo User","publish_as_type":"user"},"executionlisteners":{"executionListeners":[]},"isforcompensation":false,"asynchronousdefinition":true,"exclusivedefinition":true},"stencil":{"id":"PublishToAlfrescoCloudTask"},"childShapes":[],"outgoing":[{"resourceId":"sid-F503EF8C-FB75-486C-B0D3-F7434992CA9A"}],"bounds":{"lowerRight":{"x":790.2421935480002,"y":170.16748387100006},"upperLeft":{"x":690,"y":90}},"dockers":[]},{"resourceId":"sid-F503EF8C-FB75-486C-B0D3-F7434992CA9A","properties":{"overrideid":"sid-F503EF8C-FB75-486C-B0D3-F7434992CA9A","name":"","documentation":"","conditionsequenceflow":"","executionlisteners":{"executionListeners":[]},"defaultflow":"false"},"stencil":{"id":"SequenceFlow"},"childShapes":[],"outgoing":[{"resourceId":"sid-9E896A07-7F63-4383-A5AC-13421CF601FF"}],"bounds":{"lowerRight":{"x":974.3894350364365,"y":130.0667224951727},"upperLeft":{"x":790.7024407194465,"y":130.00491611371208}},"dockers":[{"x":50.12109677400008,"y":40.08374193550003},{"x":14,"y":14}],"target":{"resourceId":"sid-9E896A07-7F63-4383-A5AC-13421CF601FF"}},{"resourceId":"sid-97EAEBCA-4364-4A7D-9638-FFB886006604","properties":{"overrideid":"","name":"Email Applicant","documentation":"","asynchronousdefinition":"false","exclusivedefinition":"false","executionlisteners":"","multiinstance_type":"None","multiinstance_cardinality":"","multiinstance_collection":"","multiinstance_variable":"","multiinstance_condition":"","isforcompensation":"false","mailtaskto":{"mailTo":{"type":"initiator"}},"mailtaskfrom":"","mailtasksubject":"Application Rejected","mailtaskcc":"","mailtaskbcc":"","mailtasktext":"Dear Applicant,\n\nWe regret to inform you that your application has been rejected for the following reason:\n\n","mailtaskhtml":"","mailtaskcharset":""},"stencil":{"id":"MailTask"},"childShapes":[],"outgoing":[{"resourceId":"sid-EBE2C0FE-87FD-4C6A-9DCC-D37222C5D845"}],"bounds":{"lowerRight":{"x":685.1210967740001,"y":279.0837397680584},"upperLeft":{"x":585.1210967740001,"y":199.08373976805842}},"dockers":[]},{"resourceId":"sid-3CC603C4-8745-4413-895B-EB37BA528140","properties":{"overrideid":"sid-3CC603C4-8745-4413-895B-EB37BA528140","name":"","documentation":"","asynchronousdefinition":false,"exclusivedefinition":false,"sequencefloworder":"","executionlisteners":{"executionListeners":[]}},"stencil":{"id":"ExclusiveGateway"},"childShapes":[],"outgoing":[{"resourceId":"sid-3AF30FFF-CB00-44B2-9EC5-9AF7D4EDC44C"},{"resourceId":"sid-37048E81-D34F-43D1-96FD-8D2794AEE07A"}],"bounds":{"lowerRight":{"x":505,"y":150.08374193550003},"upperLeft":{"x":465,"y":110.08374193550003}},"dockers":[]},{"resourceId":"sid-EE21ED4B-40A7-484D-9166-366A5361A6CA","properties":{"overrideid":"","name":"End Rejected","documentation":"","executionlisteners":""},"stencil":{"id":"EndNoneEvent"},"childShapes":[],"outgoing":[],"bounds":{"lowerRight":{"x":793,"y":253.08373976805842},"upperLeft":{"x":765,"y":225.08373976805842}},"dockers":[]},{"resourceId":"sid-B805A8C9-74A6-4FD5-9092-5F26AF522085","properties":{"overrideid":"revieewtask","name":"Review Application","documentation":"","asynchronousdefinition":false,"exclusivedefinition":false,"executionlisteners":{"executionListeners":[]},"multiinstance_type":"None","multiinstance_cardinality":"","multiinstance_collection":"","multiinstance_variable":"","multiinstance_condition":"","isforcompensation":false,"usertasksendemail":true,"usertaskassignment":{"assignment":{"type":"idm","idm":{"type":"initiator"},"initiatorCanCompleteTask":true}},"formkeydefinition":"","formreference":{"id":5010,"name":"FAA Review Form","referenceId":null},"fieldstovariables":"","duedatedefinition":"","prioritydefinition":"","categorydefinition":"","formproperties":"","tasklisteners":{"taskListeners":[]},"emailtemplate":""},"stencil":{"id":"UserTask"},"childShapes":[],"outgoing":[{"resourceId":"sid-8E5F217E-E7BC-4B83-8918-FDBC8576B278"}],"bounds":{"lowerRight":{"x":391,"y":170},"upperLeft":{"x":291,"y":90}},"dockers":[]},{"resourceId":"sid-153183F9-44EA-4A40-9AD2-55C32BF0C442","properties":{"overrideid":"sid-153183F9-44EA-4A40-9AD2-55C32BF0C442","name":"","documentation":"","conditionsequenceflow":"","executionlisteners":{"executionListeners":[]},"defaultflow":"false","showdiamondmarker":false},"stencil":{"id":"SequenceFlow"},"childShapes":[],"outgoing":[{"resourceId":"sid-B805A8C9-74A6-4FD5-9092-5F26AF522085"}],"bounds":{"lowerRight":{"x":290.59375,"y":130},"upperLeft":{"x":205.40625,"y":130}},"dockers":[{"x":50,"y":40},{"x":50,"y":40}],"target":{"resourceId":"sid-B805A8C9-74A6-4FD5-9092-5F26AF522085"}},{"resourceId":"sid-8E5F217E-E7BC-4B83-8918-FDBC8576B278","properties":{"overrideid":"","name":"","documentation":"","conditionsequenceflow":"","executionlisteners":"","defaultflow":"false","showdiamondmarker":false},"stencil":{"id":"SequenceFlow"},"childShapes":[],"outgoing":[{"resourceId":"sid-3CC603C4-8745-4413-895B-EB37BA528140"}],"bounds":{"lowerRight":{"x":464.7031253885157,"y":130.06585036113617},"upperLeft":{"x":391.7421871114843,"y":130.00153572758654}},"dockers":[{"x":99,"y":40},{"x":20,"y":20}],"target":{"resourceId":"sid-3CC603C4-8745-4413-895B-EB37BA528140"}},{"resourceId":"sid-EBE2C0FE-87FD-4C6A-9DCC-D37222C5D845","properties":{"overrideid":"","name":"","documentation":"","conditionsequenceflow":"","executionlisteners":"","defaultflow":"false","showdiamondmarker":false},"stencil":{"id":"SequenceFlow"},"childShapes":[],"outgoing":[{"resourceId":"sid-EE21ED4B-40A7-484D-9166-366A5361A6CA"}],"bounds":{"lowerRight":{"x":764.6576542338437,"y":239.08373976805842},"upperLeft":{"x":685.8623382054532,"y":239.08373976805842}},"dockers":[{"x":99,"y":40},{"x":14,"y":14}],"target":{"resourceId":"sid-EE21ED4B-40A7-484D-9166-366A5361A6CA"}},{"resourceId":"sid-37048E81-D34F-43D1-96FD-8D2794AEE07A","properties":{"overrideid":"Rejected","name":"Rejected","documentation":"","conditionsequenceflow":{"expression":{"index":"0","outcomeFormId":5010,"outcomeFormName":"FAA Review Form","rightOutcomeName":"Rejected","operator":"==","type":"variables","rightOutcomeFormId":5010,"rightOutcomeFormName":"FAA Review Form"}},"executionlisteners":{"executionListeners":[]},"defaultflow":"false","showdiamondmarker":false},"stencil":{"id":"SequenceFlow"},"childShapes":[],"outgoing":[{"resourceId":"sid-97EAEBCA-4364-4A7D-9638-FFB886006604"}],"bounds":{"lowerRight":{"x":585.1210967740001,"y":239.08373976805842},"upperLeft":{"x":485,"y":149.818116562971}},"dockers":[{"x":20,"y":20},{"x":485,"y":239.08373976805842},{"x":1,"y":40}],"target":{"resourceId":"sid-97EAEBCA-4364-4A7D-9638-FFB886006604"}},{"resourceId":"sid-3AF30FFF-CB00-44B2-9EC5-9AF7D4EDC44C","properties":{"overrideid":"Approved","name":"Approved","documentation":"","conditionsequenceflow":{"expression":{"index":"0","outcomeFormId":5010,"outcomeFormName":"FAA Review Form","rightOutcomeName":"Approved","operator":"==","type":"variables","rightOutcomeFormId":5010,"rightOutcomeFormName":"FAA Review Form"}},"executionlisteners":{"executionListeners":[]},"defaultflow":"false","showdiamondmarker":false},"stencil":{"id":"SequenceFlow"},"childShapes":[],"outgoing":[{"resourceId":"sid-F70BA7A4-D117-49F0-AD2B-ADEB4B259B8B"}],"bounds":{"lowerRight":{"x":689.3902026744772,"y":130.15079993610442},"upperLeft":{"x":504.9437564985697,"y":130.09028524539372}},"dockers":[{"x":20,"y":20},{"x":50.242193548000046,"y":40.16748387100003}],"target":{"resourceId":"sid-F70BA7A4-D117-49F0-AD2B-ADEB4B259B8B"}}],"bounds":{"lowerRight":{"x":1200,"y":1050},"upperLeft":{"x":0,"y":0}},"stencilset":{"url":"stencilsets/bpmn2.0/bpmn2.0.json","namespace":"http://b3mn.org/stencilset/bpmn2.0#"},"ssextensions":[]}