{"resourceId":15021,"properties":{"process_id":"MyProcess","name":"My Process","documentation":"","process_author":"","process_version":"","process_namespace":"http://www.activiti.org/processdef","executionlisteners":"","eventlisteners":"","signaldefinitions":"","messagedefinitions":"","executionvariables":"[{\"variableName\":\"taskassignee\",\"variableType\":\"string\",\"$$hashKey\":\"uiGrid-000P\"},{\"variableName\":\"reassignedtaskassignee\",\"variableType\":\"string\",\"$$hashKey\":\"uiGrid-000X\"}]","metadata":""},"stencil":{"id":"BPMNDiagram"},"childShapes":[{"resourceId":"sid-68CC98A2-D1AE-4AE0-8C11-770AFCB56D5B","properties":{"overrideid":"","name":"","documentation":"","conditionsequenceflow":"","executionlisteners":"","defaultflow":"false","showdiamondmarker":false},"stencil":{"id":"SequenceFlow"},"childShapes":[],"outgoing":[{"resourceId":"sid-6BBE139B-4F92-43CB-9D5C-691345E859A7"}],"bounds":{"lowerRight":{"x":584.1107744776184,"y":229.50856390653286},"upperLeft":{"x":514.5128138327386,"y":161.35989710245607}},"dockers":[{"x":16,"y":16},{"x":514.5128138327386,"y":229.50856390653286},{"x":50,"y":40}],"target":{"resourceId":"sid-6BBE139B-4F92-43CB-9D5C-691345E859A7"}},{"resourceId":"sid-A3F272B5-B948-41E5-B16C-B210FB71969E","properties":{"overrideid":"","name":"Escalation Example","documentation":""},"stencil":{"id":"Pool"},"childShapes":[{"resourceId":"sid-482BBDC6-30C1-4200-B244-AC718DC9FED9","properties":{"overrideid":"","name":"","documentation":"","showcaption":false},"stencil":{"id":"Lane"},"childShapes":[{"resourceId":"startEvent1","properties":{"overrideid":"","name":"Start","documentation":"","executionlisteners":"","initiator":"","formkeydefinition":"","formreference":null,"fieldstovariables":"","formproperties":""},"stencil":{"id":"StartNoneEvent"},"childShapes":[],"outgoing":[{"resourceId":"sid-F5CAB9A5-8516-4A32-B4DC-EDB905234EA5"}],"bounds":{"lowerRight":{"x":120,"y":75.4914360934672},"upperLeft":{"x":90,"y":45.4914360934672}},"dockers":[]},{"resourceId":"sid-7C3B5B7F-AF72-464E-9BE5-40EF0563EF78","properties":{"overrideid":"","name":"Task  in Queue","documentation":"","asynchronousdefinition":"false","exclusivedefinition":"false","executionlisteners":"","multiinstance_type":"None","multiinstance_cardinality":"","multiinstance_collection":"","multiinstance_variable":"","multiinstance_condition":"","isforcompensation":"false","usertasksendemail":true,"usertaskassignment":{"assignment":{"type":"static","assignee":"${taskassignee}"}},"formkeydefinition":"","formreference":{"id":17018,"name":"First Task","referenceId":15021},"fieldstovariables":"","duedatedefinition":"","prioritydefinition":"","categorydefinition":"","formproperties":"","tasklisteners":"","emailtemplate":""},"stencil":{"id":"UserTask"},"childShapes":[],"outgoing":[{"resourceId":"sid-906730DF-5B6D-473B-9388-DD7EF630255F"},{"resourceId":"sid-346E9A36-35E8-4F06-809C-47EC6A3058F3"}],"bounds":{"lowerRight":{"x":535,"y":100.4914360934672},"upperLeft":{"x":435,"y":20.4914360934672}},"dockers":[]},{"resourceId":"sid-49EBC976-A88F-4178-AC8D-65492FF18538","properties":{"overrideid":"","name":"End","documentation":"","executionlisteners":""},"stencil":{"id":"EndNoneEvent"},"childShapes":[],"outgoing":[],"bounds":{"lowerRight":{"x":641.5,"y":74.4914360934672},"upperLeft":{"x":613.5,"y":46.4914360934672}},"dockers":[]},{"resourceId":"sid-6BBE139B-4F92-43CB-9D5C-691345E859A7","properties":{"overrideid":"","name":"Notify Manager","documentation":"","asynchronousdefinition":"false","exclusivedefinition":"false","executionlisteners":"","multiinstance_type":"None","multiinstance_cardinality":"","multiinstance_collection":"","multiinstance_variable":"","multiinstance_condition":"","isforcompensation":"false","mailtaskto":"demo@example.com","mailtaskfrom":"","mailtasksubject":"SLA Violation","mailtaskcc":"","mailtaskbcc":"","mailtasktext":"","mailtaskhtml":"Your currently assigned team member for this task has violated its SLA. Please reassign to a different team member.","mailtaskcharset":"","type":"http://b3mn.org/stencilset/bpmn2.0#UserTask","usertasksendemail":true,"usertaskassignment":"","formkeydefinition":"","formreference":"","fieldstovariables":"","duedatedefinition":"","prioritydefinition":"","categorydefinition":"","formproperties":"","tasklisteners":"","emailtemplate":""},"stencil":{"id":"MailTask"},"childShapes":[],"outgoing":[{"resourceId":"sid-D08E5FA8-DB90-4E70-B096-FB744BAE9A83"}],"bounds":{"lowerRight":{"x":655,"y":224.50856390653286},"upperLeft":{"x":555,"y":144.50856390653286}},"dockers":[]},{"resourceId":"sid-3CD2FA77-BE25-40B2-888C-823FA3137AA8","properties":{"overrideid":"","name":"Manager Reassigns Task","documentation":"","asynchronousdefinition":"false","exclusivedefinition":"false","executionlisteners":"","multiinstance_type":"None","multiinstance_cardinality":"","multiinstance_collection":"","multiinstance_variable":"","multiinstance_condition":"","isforcompensation":"false","usertasksendemail":true,"usertaskassignment":{"assignment":{"type":"idm","idm":{"type":"groupManager","groupManager":{"id":5005,"name":"hr-group","externalId":null}}}},"formkeydefinition":"","formreference":{"id":17019,"name":"Reassign Task Form","referenceId":15021},"fieldstovariables":"","duedatedefinition":"","prioritydefinition":"","categorydefinition":"","formproperties":"","tasklisteners":"","emailtemplate":""},"stencil":{"id":"UserTask"},"childShapes":[],"outgoing":[{"resourceId":"sid-E308EFAF-CD7D-4212-BA4B-ADCF63C00E19"}],"bounds":{"lowerRight":{"x":850,"y":350},"upperLeft":{"x":750,"y":270}},"dockers":[]},{"resourceId":"sid-346E9A36-35E8-4F06-809C-47EC6A3058F3","properties":{"overrideid":"","name":"5 mins SLA","documentation":"","timercycledefinition":"","timerdatedefinition":"","timerdurationdefinition":"PT5M","cancelactivity":true},"stencil":{"id":"BoundaryTimerEvent"},"childShapes":[],"outgoing":[{"resourceId":"sid-68CC98A2-D1AE-4AE0-8C11-770AFCB56D5B"}],"bounds":{"lowerRight":{"x":501.01281383273863,"y":116.00848180600792},"upperLeft":{"x":470.01281383273863,"y":85.00848180600792}},"dockers":[{"x":50.5,"y":79.01712781306568}]},{"resourceId":"sid-B8A6A495-8962-414E-826C-C36B709E1B59","properties":{"scriptformat":"groovy","scripttext":"import com.activiti.domain.idm.User;\nimport com.activiti.domain.idm.Group;\nimport com.activiti.security.SecurityUtils;\nimport com.activiti.service.idm.UserServiceImpl;\n\ndef assignee = \"gcambra@example.com\"; //temp hard-coding\n\ndef userId = String.valueOf(userService.findUserByEmail(assignee).getId());\n\nSystem.out.println(\"*** *** *** *** ***\");\nSystem.out.println('Id of User = '+userId);\nSystem.out.println(\"*** *** *** *** ***\");\n\nexecution.setVariable('taskassignee', userId);\n","executionvariables":"","overrideid":"","name":"Initiatlise","documentation":"","asynchronousdefinition":"false","exclusivedefinition":"false","executionlisteners":"","multiinstance_type":"None","multiinstance_cardinality":"","multiinstance_collection":"","multiinstance_variable":"","multiinstance_condition":"","isforcompensation":"false","type":"http://b3mn.org/stencilset/bpmn2.0#UserTask","usertasksendemail":true,"usertaskassignment":"","formkeydefinition":"","formreference":"","fieldstovariables":"","duedatedefinition":"","prioritydefinition":"","categorydefinition":"","formproperties":"","tasklisteners":"","emailtemplate":""},"stencil":{"id":"ScriptTask"},"childShapes":[],"outgoing":[{"resourceId":"sid-6C619E45-4DA5-46DB-8D3F-D5EE88EC2718"}],"bounds":{"lowerRight":{"x":310,"y":100.4914360934672},"upperLeft":{"x":210,"y":20.4914360934672}},"dockers":[]},{"resourceId":"sid-665DBA8F-AB6A-4D3B-8A5B-4E4821C8BD69","properties":{"scriptformat":"groovy","scripttext":"def reassignedtaskassignee = execution.getVariable(\"reassignedtaskassignee\");\nexecution.setVariable('taskassignee', reassignedtaskassignee);","executionvariables":"","overrideid":"","name":"Reassign Ownership","documentation":"","asynchronousdefinition":"false","exclusivedefinition":"false","executionlisteners":"","multiinstance_type":"None","multiinstance_cardinality":"","multiinstance_collection":"","multiinstance_variable":"","multiinstance_condition":"","isforcompensation":"false","type":"http://b3mn.org/stencilset/bpmn2.0#UserTask","usertasksendemail":true,"usertaskassignment":"","formkeydefinition":"","formreference":"","fieldstovariables":"","duedatedefinition":"","prioritydefinition":"","categorydefinition":"","formproperties":"","tasklisteners":"","emailtemplate":""},"stencil":{"id":"ScriptTask"},"childShapes":[],"outgoing":[{"resourceId":"sid-0D9076D3-D28C-437E-BA60-81B90A949FE4"}],"bounds":{"lowerRight":{"x":655,"y":350},"upperLeft":{"x":555,"y":270}},"dockers":[]}],"outgoing":[],"bounds":{"lowerRight":{"x":1162,"y":411},"upperLeft":{"x":30,"y":0}},"dockers":[]}],"outgoing":[],"bounds":{"lowerRight":{"x":1162,"y":456},"upperLeft":{"x":0,"y":45}},"dockers":[]},{"resourceId":"sid-906730DF-5B6D-473B-9388-DD7EF630255F","properties":{"overrideid":"","name":"","documentation":"","conditionsequenceflow":"","executionlisteners":"","defaultflow":"false"},"stencil":{"id":"SequenceFlow"},"childShapes":[],"outgoing":[{"resourceId":"sid-49EBC976-A88F-4178-AC8D-65492FF18538"}],"bounds":{"lowerRight":{"x":643.140625,"y":105.4914360934672},"upperLeft":{"x":565.541015625,"y":105.4914360934672}},"dockers":[{"x":50,"y":40},{"x":14,"y":14}],"target":{"resourceId":"sid-49EBC976-A88F-4178-AC8D-65492FF18538"}},{"resourceId":"sid-F5CAB9A5-8516-4A32-B4DC-EDB905234EA5","properties":{"overrideid":"","name":"","documentation":"","conditionsequenceflow":"","executionlisteners":"","defaultflow":"false"},"stencil":{"id":"SequenceFlow"},"childShapes":[],"outgoing":[{"resourceId":"sid-B8A6A495-8962-414E-826C-C36B709E1B59"}],"bounds":{"lowerRight":{"x":239.3515625,"y":105.4914360934672},"upperLeft":{"x":150.53125,"y":105.4914360934672}},"dockers":[{"x":15,"y":15},{"x":50,"y":40}],"target":{"resourceId":"sid-B8A6A495-8962-414E-826C-C36B709E1B59"}},{"resourceId":"sid-6C619E45-4DA5-46DB-8D3F-D5EE88EC2718","properties":{"overrideid":"","name":"","documentation":"","conditionsequenceflow":"","executionlisteners":"","defaultflow":"false"},"stencil":{"id":"SequenceFlow"},"childShapes":[],"outgoing":[{"resourceId":"sid-7C3B5B7F-AF72-464E-9BE5-40EF0563EF78"}],"bounds":{"lowerRight":{"x":464.78125,"y":105.4914360934672},"upperLeft":{"x":340.21875,"y":105.4914360934672}},"dockers":[{"x":50,"y":40},{"x":50,"y":40}],"target":{"resourceId":"sid-7C3B5B7F-AF72-464E-9BE5-40EF0563EF78"}},{"resourceId":"sid-D08E5FA8-DB90-4E70-B096-FB744BAE9A83","properties":{"overrideid":"","name":"","documentation":"","conditionsequenceflow":"","executionlisteners":"","defaultflow":"false","showdiamondmarker":false},"stencil":{"id":"SequenceFlow"},"childShapes":[],"outgoing":[{"resourceId":"sid-3CD2FA77-BE25-40B2-888C-823FA3137AA8"}],"bounds":{"lowerRight":{"x":830,"y":314.7839262207915},"upperLeft":{"x":685.51171875,"y":229.50856390653286}},"dockers":[{"x":50,"y":40},{"x":830,"y":229.50856390653286},{"x":50,"y":40}],"target":{"resourceId":"sid-3CD2FA77-BE25-40B2-888C-823FA3137AA8"}},{"resourceId":"sid-E308EFAF-CD7D-4212-BA4B-ADCF63C00E19","properties":{"overrideid":"","name":"","documentation":"","conditionsequenceflow":"","executionlisteners":"","defaultflow":"false"},"stencil":{"id":"SequenceFlow"},"childShapes":[],"outgoing":[{"resourceId":"sid-665DBA8F-AB6A-4D3B-8A5B-4E4821C8BD69"}],"bounds":{"lowerRight":{"x":779.48828125,"y":355},"upperLeft":{"x":685.51171875,"y":355}},"dockers":[{"x":50,"y":40},{"x":50,"y":40}],"target":{"resourceId":"sid-665DBA8F-AB6A-4D3B-8A5B-4E4821C8BD69"}},{"resourceId":"sid-0D9076D3-D28C-437E-BA60-81B90A949FE4","properties":{"overrideid":"","name":"","documentation":"","conditionsequenceflow":"","executionlisteners":"","defaultflow":"false","showdiamondmarker":false},"stencil":{"id":"SequenceFlow"},"childShapes":[],"outgoing":[{"resourceId":"sid-7C3B5B7F-AF72-464E-9BE5-40EF0563EF78"}],"bounds":{"lowerRight":{"x":584.80078125,"y":355},"upperLeft":{"x":406,"y":135}},"dockers":[{"x":50,"y":40},{"x":406,"y":355},{"x":406,"y":135},{"x":6,"y":69.5085639065328}],"target":{"resourceId":"sid-7C3B5B7F-AF72-464E-9BE5-40EF0563EF78"}}],"bounds":{"lowerRight":{"x":1262,"y":1050},"upperLeft":{"x":0,"y":0}},"stencilset":{"url":"stencilsets/bpmn2.0/bpmn2.0.json","namespace":"http://b3mn.org/stencilset/bpmn2.0#"},"ssextensions":[]}