<?xml version='1.0' encoding='UTF-8'?>
<definitions xmlns="http://www.omg.org/spec/BPMN/20100524/MODEL" xmlns:xsi="http://www.w3.org/2001/XMLSchema-instance" xmlns:xsd="http://www.w3.org/2001/XMLSchema" xmlns:activiti="http://activiti.org/bpmn" xmlns:bpmndi="http://www.omg.org/spec/BPMN/20100524/DI" xmlns:omgdc="http://www.omg.org/spec/DD/20100524/DC" xmlns:omgdi="http://www.omg.org/spec/DD/20100524/DI" typeLanguage="http://www.w3.org/2001/XMLSchema" expressionLanguage="http://www.w3.org/1999/XPath" targetNamespace="http://www.activiti.org/processdef" xmlns:modeler="http://activiti.com/modeler" modeler:version="1.0en" modeler:exportDateTime="20200806171602307" modeler:modelId="15021" modeler:modelVersion="16" modeler:modelLastUpdated="1596734156722">
  <collaboration id="Collaboration">
    <participant id="sid-A3F272B5-B948-41E5-B16C-B210FB71969E" name="Escalation Example" processRef="Process_sid-A3F272B5-B948-41E5-B16C-B210FB71969E"/>
  </collaboration>
  <process id="Process_sid-A3F272B5-B948-41E5-B16C-B210FB71969E" name="Escalation Example" isExecutable="true">
    <extensionElements>
      <modeler:executionvariables xmlns:modeler="http://activiti.com/modeler" modeler:variableName="taskassignee" modeler:variableType="string"/>
      <modeler:executionvariables xmlns:modeler="http://activiti.com/modeler" modeler:variableName="reassignedtaskassignee" modeler:variableType="string"/>
    </extensionElements>
    <laneSet id="laneSet_Process_sid-A3F272B5-B948-41E5-B16C-B210FB71969E">
      <lane id="sid-482BBDC6-30C1-4200-B244-AC718DC9FED9">
        <extensionElements>
          <modeler:editor-resource-id xmlns:modeler="http://activiti.com/modeler"><![CDATA[sid-482BBDC6-30C1-4200-B244-AC718DC9FED9]]></modeler:editor-resource-id>
        </extensionElements>
        <flowNodeRef>startEvent1</flowNodeRef>
        <flowNodeRef>sid-7C3B5B7F-AF72-464E-9BE5-40EF0563EF78</flowNodeRef>
        <flowNodeRef>sid-49EBC976-A88F-4178-AC8D-65492FF18538</flowNodeRef>
        <flowNodeRef>sid-6BBE139B-4F92-43CB-9D5C-691345E859A7</flowNodeRef>
        <flowNodeRef>sid-3CD2FA77-BE25-40B2-888C-823FA3137AA8</flowNodeRef>
        <flowNodeRef>sid-346E9A36-35E8-4F06-809C-47EC6A3058F3</flowNodeRef>
        <flowNodeRef>sid-B8A6A495-8962-414E-826C-C36B709E1B59</flowNodeRef>
        <flowNodeRef>sid-665DBA8F-AB6A-4D3B-8A5B-4E4821C8BD69</flowNodeRef>
        <flowNodeRef>sid-68CC98A2-D1AE-4AE0-8C11-770AFCB56D5B</flowNodeRef>
        <flowNodeRef>sid-906730DF-5B6D-473B-9388-DD7EF630255F</flowNodeRef>
        <flowNodeRef>sid-F5CAB9A5-8516-4A32-B4DC-EDB905234EA5</flowNodeRef>
        <flowNodeRef>sid-6C619E45-4DA5-46DB-8D3F-D5EE88EC2718</flowNodeRef>
        <flowNodeRef>sid-D08E5FA8-DB90-4E70-B096-FB744BAE9A83</flowNodeRef>
        <flowNodeRef>sid-E308EFAF-CD7D-4212-BA4B-ADCF63C00E19</flowNodeRef>
        <flowNodeRef>sid-0D9076D3-D28C-437E-BA60-81B90A949FE4</flowNodeRef>
      </lane>
    </laneSet>
    <startEvent id="startEvent1" name="Start">
      <extensionElements>
        <modeler:editor-resource-id><![CDATA[startEvent1]]></modeler:editor-resource-id>
      </extensionElements>
    </startEvent>
    <userTask id="sid-7C3B5B7F-AF72-464E-9BE5-40EF0563EF78" name="Task  in Queue" activiti:assignee="${taskassignee}" activiti:formKey="17018">
      <extensionElements>
        <modeler:allow-send-email><![CDATA[true]]></modeler:allow-send-email>
        <modeler:form-reference-id><![CDATA[17018]]></modeler:form-reference-id>
        <modeler:form-reference-name><![CDATA[First Task]]></modeler:form-reference-name>
        <modeler:initiator-can-complete><![CDATA[false]]></modeler:initiator-can-complete>
        <modeler:editor-resource-id><![CDATA[sid-7C3B5B7F-AF72-464E-9BE5-40EF0563EF78]]></modeler:editor-resource-id>
      </extensionElements>
    </userTask>
    <endEvent id="sid-49EBC976-A88F-4178-AC8D-65492FF18538" name="End">
      <extensionElements>
        <modeler:editor-resource-id><![CDATA[sid-49EBC976-A88F-4178-AC8D-65492FF18538]]></modeler:editor-resource-id>
      </extensionElements>
    </endEvent>
    <serviceTask id="sid-6BBE139B-4F92-43CB-9D5C-691345E859A7" name="Notify Manager" activiti:type="mail">
      <extensionElements>
        <activiti:field name="to">
          <activiti:string><![CDATA[demo@example.com]]></activiti:string>
        </activiti:field>
        <activiti:field name="subject">
          <activiti:string><![CDATA[SLA Violation]]></activiti:string>
        </activiti:field>
        <activiti:field name="html">
          <activiti:string><![CDATA[Your currently assigned team member for this task has violated its SLA. Please reassign to a different team member.]]></activiti:string>
        </activiti:field>
        <modeler:editor-resource-id><![CDATA[sid-6BBE139B-4F92-43CB-9D5C-691345E859A7]]></modeler:editor-resource-id>
      </extensionElements>
    </serviceTask>
    <userTask id="sid-3CD2FA77-BE25-40B2-888C-823FA3137AA8" name="Manager Reassigns Task" activiti:assignee="${taskAssignmentBean.assignTaskToGroupManager('5005', execution)}" activiti:formKey="17019">
      <extensionElements>
        <modeler:allow-send-email><![CDATA[true]]></modeler:allow-send-email>
        <modeler:form-reference-id><![CDATA[17019]]></modeler:form-reference-id>
        <modeler:form-reference-name><![CDATA[Reassign Task Form]]></modeler:form-reference-name>
        <modeler:activiti-idm-group-manager><![CDATA[5005]]></modeler:activiti-idm-group-manager>
        <modeler:group-info-name><![CDATA[hr-group]]></modeler:group-info-name>
        <modeler:initiator-can-complete><![CDATA[false]]></modeler:initiator-can-complete>
        <modeler:editor-resource-id><![CDATA[sid-3CD2FA77-BE25-40B2-888C-823FA3137AA8]]></modeler:editor-resource-id>
      </extensionElements>
    </userTask>
    <boundaryEvent id="sid-346E9A36-35E8-4F06-809C-47EC6A3058F3" name="5 mins SLA" attachedToRef="sid-7C3B5B7F-AF72-464E-9BE5-40EF0563EF78" cancelActivity="true">
      <extensionElements>
        <modeler:editor-resource-id><![CDATA[sid-346E9A36-35E8-4F06-809C-47EC6A3058F3]]></modeler:editor-resource-id>
      </extensionElements>
      <timerEventDefinition>
        <timeDuration>PT5M</timeDuration>
      </timerEventDefinition>
    </boundaryEvent>
    <scriptTask id="sid-B8A6A495-8962-414E-826C-C36B709E1B59" name="Initiatlise" scriptFormat="groovy" activiti:autoStoreVariables="false">
      <extensionElements>
        <modeler:editor-resource-id><![CDATA[sid-B8A6A495-8962-414E-826C-C36B709E1B59]]></modeler:editor-resource-id>
      </extensionElements>
      <script><![CDATA[import com.activiti.domain.idm.User;
import com.activiti.domain.idm.Group;
import com.activiti.security.SecurityUtils;
import com.activiti.service.idm.UserServiceImpl;

def assignee = "gcambra@example.com"; //temp hard-coding

def userId = String.valueOf(userService.findUserByEmail(assignee).getId());

System.out.println("*** *** *** *** ***");
System.out.println('Id of User = '+userId);
System.out.println("*** *** *** *** ***");

execution.setVariable('taskassignee', userId);
]]></script>
    </scriptTask>
    <scriptTask id="sid-665DBA8F-AB6A-4D3B-8A5B-4E4821C8BD69" name="Reassign Ownership" scriptFormat="groovy" activiti:autoStoreVariables="false">
      <extensionElements>
        <modeler:editor-resource-id><![CDATA[sid-665DBA8F-AB6A-4D3B-8A5B-4E4821C8BD69]]></modeler:editor-resource-id>
      </extensionElements>
      <script><![CDATA[def reassignedtaskassignee = execution.getVariable("reassignedtaskassignee");
execution.setVariable('taskassignee', reassignedtaskassignee);]]></script>
    </scriptTask>
    <sequenceFlow id="sid-68CC98A2-D1AE-4AE0-8C11-770AFCB56D5B" sourceRef="sid-346E9A36-35E8-4F06-809C-47EC6A3058F3" targetRef="sid-6BBE139B-4F92-43CB-9D5C-691345E859A7">
      <extensionElements>
        <modeler:editor-resource-id><![CDATA[sid-68CC98A2-D1AE-4AE0-8C11-770AFCB56D5B]]></modeler:editor-resource-id>
      </extensionElements>
    </sequenceFlow>
    <sequenceFlow id="sid-906730DF-5B6D-473B-9388-DD7EF630255F" sourceRef="sid-7C3B5B7F-AF72-464E-9BE5-40EF0563EF78" targetRef="sid-49EBC976-A88F-4178-AC8D-65492FF18538">
      <extensionElements>
        <modeler:editor-resource-id><![CDATA[sid-906730DF-5B6D-473B-9388-DD7EF630255F]]></modeler:editor-resource-id>
      </extensionElements>
    </sequenceFlow>
    <sequenceFlow id="sid-F5CAB9A5-8516-4A32-B4DC-EDB905234EA5" sourceRef="startEvent1" targetRef="sid-B8A6A495-8962-414E-826C-C36B709E1B59">
      <extensionElements>
        <modeler:editor-resource-id><![CDATA[sid-F5CAB9A5-8516-4A32-B4DC-EDB905234EA5]]></modeler:editor-resource-id>
      </extensionElements>
    </sequenceFlow>
    <sequenceFlow id="sid-6C619E45-4DA5-46DB-8D3F-D5EE88EC2718" sourceRef="sid-B8A6A495-8962-414E-826C-C36B709E1B59" targetRef="sid-7C3B5B7F-AF72-464E-9BE5-40EF0563EF78">
      <extensionElements>
        <modeler:editor-resource-id><![CDATA[sid-6C619E45-4DA5-46DB-8D3F-D5EE88EC2718]]></modeler:editor-resource-id>
      </extensionElements>
    </sequenceFlow>
    <sequenceFlow id="sid-D08E5FA8-DB90-4E70-B096-FB744BAE9A83" sourceRef="sid-6BBE139B-4F92-43CB-9D5C-691345E859A7" targetRef="sid-3CD2FA77-BE25-40B2-888C-823FA3137AA8">
      <extensionElements>
        <modeler:editor-resource-id><![CDATA[sid-D08E5FA8-DB90-4E70-B096-FB744BAE9A83]]></modeler:editor-resource-id>
      </extensionElements>
    </sequenceFlow>
    <sequenceFlow id="sid-E308EFAF-CD7D-4212-BA4B-ADCF63C00E19" sourceRef="sid-3CD2FA77-BE25-40B2-888C-823FA3137AA8" targetRef="sid-665DBA8F-AB6A-4D3B-8A5B-4E4821C8BD69">
      <extensionElements>
        <modeler:editor-resource-id><![CDATA[sid-E308EFAF-CD7D-4212-BA4B-ADCF63C00E19]]></modeler:editor-resource-id>
      </extensionElements>
    </sequenceFlow>
    <sequenceFlow id="sid-0D9076D3-D28C-437E-BA60-81B90A949FE4" sourceRef="sid-665DBA8F-AB6A-4D3B-8A5B-4E4821C8BD69" targetRef="sid-7C3B5B7F-AF72-464E-9BE5-40EF0563EF78">
      <extensionElements>
        <modeler:editor-resource-id><![CDATA[sid-0D9076D3-D28C-437E-BA60-81B90A949FE4]]></modeler:editor-resource-id>
      </extensionElements>
    </sequenceFlow>
  </process>
  <bpmndi:BPMNDiagram id="BPMNDiagram_Collaboration">
    <bpmndi:BPMNPlane bpmnElement="Collaboration" id="BPMNPlane_Collaboration">
      <bpmndi:BPMNShape bpmnElement="sid-A3F272B5-B948-41E5-B16C-B210FB71969E" id="BPMNShape_sid-A3F272B5-B948-41E5-B16C-B210FB71969E">
        <omgdc:Bounds height="411.0" width="1162.0" x="0.0" y="45.0"/>
      </bpmndi:BPMNShape>
      <bpmndi:BPMNShape bpmnElement="sid-482BBDC6-30C1-4200-B244-AC718DC9FED9" id="BPMNShape_sid-482BBDC6-30C1-4200-B244-AC718DC9FED9">
        <omgdc:Bounds height="411.0" width="1132.0" x="30.0" y="45.0"/>
      </bpmndi:BPMNShape>
      <bpmndi:BPMNShape bpmnElement="startEvent1" id="BPMNShape_startEvent1">
        <omgdc:Bounds height="30.0" width="30.0" x="120.0" y="90.4914360934672"/>
      </bpmndi:BPMNShape>
      <bpmndi:BPMNShape bpmnElement="sid-7C3B5B7F-AF72-464E-9BE5-40EF0563EF78" id="BPMNShape_sid-7C3B5B7F-AF72-464E-9BE5-40EF0563EF78">
        <omgdc:Bounds height="80.0" width="100.0" x="465.0" y="65.4914360934672"/>
      </bpmndi:BPMNShape>
      <bpmndi:BPMNShape bpmnElement="sid-49EBC976-A88F-4178-AC8D-65492FF18538" id="BPMNShape_sid-49EBC976-A88F-4178-AC8D-65492FF18538">
        <omgdc:Bounds height="28.0" width="28.0" x="643.5" y="91.4914360934672"/>
      </bpmndi:BPMNShape>
      <bpmndi:BPMNShape bpmnElement="sid-6BBE139B-4F92-43CB-9D5C-691345E859A7" id="BPMNShape_sid-6BBE139B-4F92-43CB-9D5C-691345E859A7">
        <omgdc:Bounds height="80.0" width="100.0" x="585.0" y="189.50856390653286"/>
      </bpmndi:BPMNShape>
      <bpmndi:BPMNShape bpmnElement="sid-3CD2FA77-BE25-40B2-888C-823FA3137AA8" id="BPMNShape_sid-3CD2FA77-BE25-40B2-888C-823FA3137AA8">
        <omgdc:Bounds height="80.0" width="100.0" x="780.0" y="315.0"/>
      </bpmndi:BPMNShape>
      <bpmndi:BPMNShape bpmnElement="sid-346E9A36-35E8-4F06-809C-47EC6A3058F3" id="BPMNShape_sid-346E9A36-35E8-4F06-809C-47EC6A3058F3">
        <omgdc:Bounds height="31.0" width="31.0" x="500.01281383273863" y="130.00848180600792"/>
      </bpmndi:BPMNShape>
      <bpmndi:BPMNShape bpmnElement="sid-B8A6A495-8962-414E-826C-C36B709E1B59" id="BPMNShape_sid-B8A6A495-8962-414E-826C-C36B709E1B59">
        <omgdc:Bounds height="80.0" width="100.0" x="240.0" y="65.4914360934672"/>
      </bpmndi:BPMNShape>
      <bpmndi:BPMNShape bpmnElement="sid-665DBA8F-AB6A-4D3B-8A5B-4E4821C8BD69" id="BPMNShape_sid-665DBA8F-AB6A-4D3B-8A5B-4E4821C8BD69">
        <omgdc:Bounds height="80.0" width="100.0" x="585.0" y="315.0"/>
      </bpmndi:BPMNShape>
      <bpmndi:BPMNEdge bpmnElement="sid-68CC98A2-D1AE-4AE0-8C11-770AFCB56D5B" id="BPMNEdge_sid-68CC98A2-D1AE-4AE0-8C11-770AFCB56D5B">
        <omgdi:waypoint x="515.7254353314672" y="162.00590077273523"/>
        <omgdi:waypoint x="514.5128138327386" y="229.50856390653286"/>
        <omgdi:waypoint x="585.0" y="229.50856390653286"/>
      </bpmndi:BPMNEdge>
      <bpmndi:BPMNEdge bpmnElement="sid-F5CAB9A5-8516-4A32-B4DC-EDB905234EA5" id="BPMNEdge_sid-F5CAB9A5-8516-4A32-B4DC-EDB905234EA5">
        <omgdi:waypoint x="150.0" y="105.4914360934672"/>
        <omgdi:waypoint x="240.0" y="105.4914360934672"/>
      </bpmndi:BPMNEdge>
      <bpmndi:BPMNEdge bpmnElement="sid-E308EFAF-CD7D-4212-BA4B-ADCF63C00E19" id="BPMNEdge_sid-E308EFAF-CD7D-4212-BA4B-ADCF63C00E19">
        <omgdi:waypoint x="780.0" y="355.0"/>
        <omgdi:waypoint x="685.0" y="355.0"/>
      </bpmndi:BPMNEdge>
      <bpmndi:BPMNEdge bpmnElement="sid-D08E5FA8-DB90-4E70-B096-FB744BAE9A83" id="BPMNEdge_sid-D08E5FA8-DB90-4E70-B096-FB744BAE9A83">
        <omgdi:waypoint x="685.0" y="229.50856390653286"/>
        <omgdi:waypoint x="830.0" y="229.50856390653286"/>
        <omgdi:waypoint x="830.0" y="315.0"/>
      </bpmndi:BPMNEdge>
      <bpmndi:BPMNEdge bpmnElement="sid-6C619E45-4DA5-46DB-8D3F-D5EE88EC2718" id="BPMNEdge_sid-6C619E45-4DA5-46DB-8D3F-D5EE88EC2718">
        <omgdi:waypoint x="340.0" y="105.4914360934672"/>
        <omgdi:waypoint x="465.0" y="105.4914360934672"/>
      </bpmndi:BPMNEdge>
      <bpmndi:BPMNEdge bpmnElement="sid-0D9076D3-D28C-437E-BA60-81B90A949FE4" id="BPMNEdge_sid-0D9076D3-D28C-437E-BA60-81B90A949FE4">
        <omgdi:waypoint x="585.0" y="355.0"/>
        <omgdi:waypoint x="406.0" y="355.0"/>
        <omgdi:waypoint x="406.0" y="135.0"/>
        <omgdi:waypoint x="465.0" y="135.0"/>
      </bpmndi:BPMNEdge>
      <bpmndi:BPMNEdge bpmnElement="sid-906730DF-5B6D-473B-9388-DD7EF630255F" id="BPMNEdge_sid-906730DF-5B6D-473B-9388-DD7EF630255F">
        <omgdi:waypoint x="565.0" y="105.4914360934672"/>
        <omgdi:waypoint x="643.5" y="105.4914360934672"/>
      </bpmndi:BPMNEdge>
    </bpmndi:BPMNPlane>
  </bpmndi:BPMNDiagram>
</definitions>