<?xml version='1.0' encoding='UTF-8'?>
<definitions xmlns="http://www.omg.org/spec/BPMN/20100524/MODEL" xmlns:xsi="http://www.w3.org/2001/XMLSchema-instance" xmlns:xsd="http://www.w3.org/2001/XMLSchema" xmlns:activiti="http://activiti.org/bpmn" xmlns:bpmndi="http://www.omg.org/spec/BPMN/20100524/DI" xmlns:omgdc="http://www.omg.org/spec/DD/20100524/DC" xmlns:omgdi="http://www.omg.org/spec/DD/20100524/DI" typeLanguage="http://www.w3.org/2001/XMLSchema" expressionLanguage="http://www.w3.org/1999/XPath" targetNamespace="http://www.activiti.org/processdef" xmlns:modeler="http://activiti.com/modeler" modeler:version="1.0en" modeler:exportDateTime="20200807003056586" modeler:modelId="17024" modeler:modelVersion="24" modeler:modelLastUpdated="1596760229731" modeler:originalModelId="15021" modeler:originalModelVersion="17">
  <collaboration id="Collaboration">
    <participant id="sid-A3F272B5-B948-41E5-B16C-B210FB71000E" name="Auto Escalation Example" processRef="Process_sid-A3F272B5-B948-41E5-B16C-B210FB71000E"/>
  </collaboration>
  <process id="Process_sid-A3F272B5-B948-41E5-B16C-B210FB71000E" name="Auto Escalation Example" isExecutable="true">
    <extensionElements>
      <modeler:executionvariables xmlns:modeler="http://activiti.com/modeler" modeler:variableName="taskassignee" modeler:variableType="string"/>
      <modeler:executionvariables xmlns:modeler="http://activiti.com/modeler" modeler:variableName="reassignedtaskassignee" modeler:variableType="string"/>
      <modeler:executionvariables xmlns:modeler="http://activiti.com/modeler" modeler:variableName="tenantid" modeler:variableType="string"/>
      <modeler:executionvariables xmlns:modeler="http://activiti.com/modeler" modeler:variableName="taskId" modeler:variableType="string"/>
    </extensionElements>
    <laneSet id="laneSet_Process_sid-A3F272B5-B948-41E5-B16C-B210FB71000E">
      <lane id="sid-482BBDC6-30C1-4200-B244-AC718DC9FED9">
        <extensionElements>
          <modeler:editor-resource-id xmlns:modeler="http://activiti.com/modeler"><![CDATA[sid-482BBDC6-30C1-4200-B244-AC718DC9FED9]]></modeler:editor-resource-id>
        </extensionElements>
        <flowNodeRef>startEvent1</flowNodeRef>
        <flowNodeRef>sid-7C3B5B7F-AF72-464E-9BE5-40EF0563EF78</flowNodeRef>
        <flowNodeRef>sid-49EBC976-A88F-4178-AC8D-65492FF18538</flowNodeRef>
        <flowNodeRef>sid-6BBE139B-4F92-43CB-9D5C-691345E859A7</flowNodeRef>
        <flowNodeRef>sid-346E9A36-35E8-4F06-809C-47EC6A3058F3</flowNodeRef>
        <flowNodeRef>sid-D049CFB3-7AE2-42A4-A1D6-F31AF2690968</flowNodeRef>
        <flowNodeRef>sid-906730DF-5B6D-473B-9388-DD7EF630255F</flowNodeRef>
        <flowNodeRef>sid-F5CAB9A5-8516-4A32-B4DC-EDB905234EA5</flowNodeRef>
        <flowNodeRef>sid-72BBF4F7-46E1-4A0C-AE81-3F2E2F01B968</flowNodeRef>
        <flowNodeRef>sid-8F612E25-F069-4B47-8723-84C4DD998A2F</flowNodeRef>
        <flowNodeRef>sid-EF084788-44D8-477F-8DC0-11B1D69C357F</flowNodeRef>
      </lane>
    </laneSet>
    <startEvent id="startEvent1" name="Start">
      <extensionElements>
        <modeler:editor-resource-id><![CDATA[startEvent1]]></modeler:editor-resource-id>
      </extensionElements>
    </startEvent>
    <userTask id="sid-7C3B5B7F-AF72-464E-9BE5-40EF0563EF78" name="Task  in Queue" activiti:candidateGroups="5005" activiti:formKey="17021">
      <extensionElements>
        <activiti:taskListener event="create" class="org.activiti.engine.impl.bpmn.listener.ScriptTaskListener">
          <activiti:field name="language">
            <activiti:string><![CDATA[javascript]]></activiti:string>
          </activiti:field>
          <activiti:field name="script">
            <activiti:string><![CDATA[task.execution.setVariable("taskId", task.getId());]]></activiti:string>
          </activiti:field>
        </activiti:taskListener>
        <modeler:allow-send-email><![CDATA[true]]></modeler:allow-send-email>
        <modeler:form-reference-id><![CDATA[17021]]></modeler:form-reference-id>
        <modeler:form-reference-name><![CDATA[First Task]]></modeler:form-reference-name>
        <modeler:group-info-name-5005><![CDATA[hr-group]]></modeler:group-info-name-5005>
        <modeler:activiti-idm-candidate-group><![CDATA[true]]></modeler:activiti-idm-candidate-group>
        <modeler:initiator-can-complete><![CDATA[false]]></modeler:initiator-can-complete>
        <modeler:editor-resource-id><![CDATA[sid-7C3B5B7F-AF72-464E-9BE5-40EF0563EF78]]></modeler:editor-resource-id>
      </extensionElements>
    </userTask>
    <endEvent id="sid-49EBC976-A88F-4178-AC8D-65492FF18538" name="End">
      <extensionElements>
        <modeler:editor-resource-id><![CDATA[sid-49EBC976-A88F-4178-AC8D-65492FF18538]]></modeler:editor-resource-id>
      </extensionElements>
    </endEvent>
    <serviceTask id="sid-6BBE139B-4F92-43CB-9D5C-691345E859A7" name="Notify Manager" activiti:type="mail">
      <extensionElements>
        <activiti:field name="to">
          <activiti:string><![CDATA[demo@example.com]]></activiti:string>
        </activiti:field>
        <activiti:field name="subject">
          <activiti:string><![CDATA[SLA Violation]]></activiti:string>
        </activiti:field>
        <activiti:field name="html">
          <activiti:string><![CDATA[Your currently assigned team member for this task has violated its SLA. Please reassign to a different team member.]]></activiti:string>
        </activiti:field>
        <modeler:editor-resource-id><![CDATA[sid-6BBE139B-4F92-43CB-9D5C-691345E859A7]]></modeler:editor-resource-id>
      </extensionElements>
    </serviceTask>
    <boundaryEvent id="sid-346E9A36-35E8-4F06-809C-47EC6A3058F3" name="5 mins SLA" attachedToRef="sid-7C3B5B7F-AF72-464E-9BE5-40EF0563EF78" cancelActivity="false">
      <extensionElements>
        <modeler:editor-resource-id><![CDATA[sid-346E9A36-35E8-4F06-809C-47EC6A3058F3]]></modeler:editor-resource-id>
      </extensionElements>
      <timerEventDefinition>
        <timeDuration>PT5M</timeDuration>
      </timerEventDefinition>
    </boundaryEvent>
    <serviceTask id="sid-D049CFB3-7AE2-42A4-A1D6-F31AF2690968" name="Reassign Back To Group Pool" activiti:async="true" activiti:delegateExpression="${activiti_restCallDelegate}">
      <extensionElements>
        <activiti:field name="baseEndpoint">
          <activiti:string><![CDATA[2002]]></activiti:string>
        </activiti:field>
        <activiti:field name="baseEndpointName">
          <activiti:string><![CDATA[APS Base]]></activiti:string>
        </activiti:field>
        <activiti:field name="restUrl">
          <activiti:string><![CDATA[/activiti-app/api/enterprise/tasks/${taskId}/action/unclaim]]></activiti:string>
        </activiti:field>
        <activiti:field name="httpMethod">
          <activiti:string><![CDATA[PUT]]></activiti:string>
        </activiti:field>
        <modeler:request-header modeler:headerName="Accept" modeler:headerValue="application/json"/>
        <modeler:editor-resource-id><![CDATA[sid-D049CFB3-7AE2-42A4-A1D6-F31AF2690968]]></modeler:editor-resource-id>
      </extensionElements>
    </serviceTask>
    <sequenceFlow id="sid-906730DF-5B6D-473B-9388-DD7EF630255F" sourceRef="sid-7C3B5B7F-AF72-464E-9BE5-40EF0563EF78" targetRef="sid-49EBC976-A88F-4178-AC8D-65492FF18538">
      <extensionElements>
        <modeler:editor-resource-id><![CDATA[sid-906730DF-5B6D-473B-9388-DD7EF630255F]]></modeler:editor-resource-id>
      </extensionElements>
    </sequenceFlow>
    <sequenceFlow id="sid-F5CAB9A5-8516-4A32-B4DC-EDB905234EA5" sourceRef="startEvent1" targetRef="sid-7C3B5B7F-AF72-464E-9BE5-40EF0563EF78">
      <extensionElements>
        <modeler:editor-resource-id><![CDATA[sid-F5CAB9A5-8516-4A32-B4DC-EDB905234EA5]]></modeler:editor-resource-id>
      </extensionElements>
    </sequenceFlow>
    <sequenceFlow id="sid-72BBF4F7-46E1-4A0C-AE81-3F2E2F01B968" sourceRef="sid-346E9A36-35E8-4F06-809C-47EC6A3058F3" targetRef="sid-6BBE139B-4F92-43CB-9D5C-691345E859A7">
      <extensionElements>
        <modeler:editor-resource-id><![CDATA[sid-72BBF4F7-46E1-4A0C-AE81-3F2E2F01B968]]></modeler:editor-resource-id>
      </extensionElements>
    </sequenceFlow>
    <sequenceFlow id="sid-8F612E25-F069-4B47-8723-84C4DD998A2F" sourceRef="sid-6BBE139B-4F92-43CB-9D5C-691345E859A7" targetRef="sid-D049CFB3-7AE2-42A4-A1D6-F31AF2690968">
      <extensionElements>
        <modeler:editor-resource-id><![CDATA[sid-8F612E25-F069-4B47-8723-84C4DD998A2F]]></modeler:editor-resource-id>
      </extensionElements>
    </sequenceFlow>
    <sequenceFlow id="sid-EF084788-44D8-477F-8DC0-11B1D69C357F" sourceRef="sid-D049CFB3-7AE2-42A4-A1D6-F31AF2690968" targetRef="sid-7C3B5B7F-AF72-464E-9BE5-40EF0563EF78">
      <extensionElements>
        <modeler:editor-resource-id><![CDATA[sid-EF084788-44D8-477F-8DC0-11B1D69C357F]]></modeler:editor-resource-id>
      </extensionElements>
    </sequenceFlow>
  </process>
  <bpmndi:BPMNDiagram id="BPMNDiagram_Collaboration">
    <bpmndi:BPMNPlane bpmnElement="Collaboration" id="BPMNPlane_Collaboration">
      <bpmndi:BPMNShape bpmnElement="sid-A3F272B5-B948-41E5-B16C-B210FB71000E" id="BPMNShape_sid-A3F272B5-B948-41E5-B16C-B210FB71000E">
        <omgdc:Bounds height="411.0" width="1162.0" x="0.0" y="45.0"/>
      </bpmndi:BPMNShape>
      <bpmndi:BPMNShape bpmnElement="sid-482BBDC6-30C1-4200-B244-AC718DC9FED9" id="BPMNShape_sid-482BBDC6-30C1-4200-B244-AC718DC9FED9">
        <omgdc:Bounds height="411.0" width="1132.0" x="30.0" y="45.0"/>
      </bpmndi:BPMNShape>
      <bpmndi:BPMNShape bpmnElement="startEvent1" id="BPMNShape_startEvent1">
        <omgdc:Bounds height="30.0" width="30.0" x="225.0" y="90.4914360934672"/>
      </bpmndi:BPMNShape>
      <bpmndi:BPMNShape bpmnElement="sid-7C3B5B7F-AF72-464E-9BE5-40EF0563EF78" id="BPMNShape_sid-7C3B5B7F-AF72-464E-9BE5-40EF0563EF78">
        <omgdc:Bounds height="80.0" width="100.0" x="465.0" y="65.4914360934672"/>
      </bpmndi:BPMNShape>
      <bpmndi:BPMNShape bpmnElement="sid-49EBC976-A88F-4178-AC8D-65492FF18538" id="BPMNShape_sid-49EBC976-A88F-4178-AC8D-65492FF18538">
        <omgdc:Bounds height="28.0" width="28.0" x="643.5" y="91.4914360934672"/>
      </bpmndi:BPMNShape>
      <bpmndi:BPMNShape bpmnElement="sid-6BBE139B-4F92-43CB-9D5C-691345E859A7" id="BPMNShape_sid-6BBE139B-4F92-43CB-9D5C-691345E859A7">
        <omgdc:Bounds height="80.0" width="100.00000000000011" x="466.2129353055103" y="210.5"/>
      </bpmndi:BPMNShape>
      <bpmndi:BPMNShape bpmnElement="sid-346E9A36-35E8-4F06-809C-47EC6A3058F3" id="BPMNShape_sid-346E9A36-35E8-4F06-809C-47EC6A3058F3">
        <omgdc:Bounds height="31.0" width="31.0" x="500.7129353055103" y="130.6351562926481"/>
      </bpmndi:BPMNShape>
      <bpmndi:BPMNShape bpmnElement="sid-D049CFB3-7AE2-42A4-A1D6-F31AF2690968" id="BPMNShape_sid-D049CFB3-7AE2-42A4-A1D6-F31AF2690968">
        <omgdc:Bounds height="80.0" width="100.0" x="465.0" y="330.0"/>
      </bpmndi:BPMNShape>
      <bpmndi:BPMNEdge bpmnElement="sid-F5CAB9A5-8516-4A32-B4DC-EDB905234EA5" id="BPMNEdge_sid-F5CAB9A5-8516-4A32-B4DC-EDB905234EA5">
        <omgdi:waypoint x="255.0" y="105.4914360934672"/>
        <omgdi:waypoint x="465.0" y="105.4914360934672"/>
      </bpmndi:BPMNEdge>
      <bpmndi:BPMNEdge bpmnElement="sid-8F612E25-F069-4B47-8723-84C4DD998A2F" id="BPMNEdge_sid-8F612E25-F069-4B47-8723-84C4DD998A2F">
        <omgdi:waypoint x="515.8069318559672" y="290.5"/>
        <omgdi:waypoint x="515.4060034495433" y="330.0"/>
      </bpmndi:BPMNEdge>
      <bpmndi:BPMNEdge bpmnElement="sid-72BBF4F7-46E1-4A0C-AE81-3F2E2F01B968" id="BPMNEdge_sid-72BBF4F7-46E1-4A0C-AE81-3F2E2F01B968">
        <omgdi:waypoint x="516.635913023286" y="162.63497090307536"/>
        <omgdi:waypoint x="516.4054932422108" y="210.5"/>
      </bpmndi:BPMNEdge>
      <bpmndi:BPMNEdge bpmnElement="sid-EF084788-44D8-477F-8DC0-11B1D69C357F" id="BPMNEdge_sid-EF084788-44D8-477F-8DC0-11B1D69C357F">
        <omgdi:waypoint x="465.0" y="370.0"/>
        <omgdi:waypoint x="415.0" y="370.0"/>
        <omgdi:waypoint x="415.0" y="133.30121769876718"/>
        <omgdi:waypoint x="465.0" y="133.30121769876718"/>
      </bpmndi:BPMNEdge>
      <bpmndi:BPMNEdge bpmnElement="sid-906730DF-5B6D-473B-9388-DD7EF630255F" id="BPMNEdge_sid-906730DF-5B6D-473B-9388-DD7EF630255F">
        <omgdi:waypoint x="565.0" y="105.4914360934672"/>
        <omgdi:waypoint x="643.5" y="105.4914360934672"/>
      </bpmndi:BPMNEdge>
    </bpmndi:BPMNPlane>
  </bpmndi:BPMNDiagram>
</definitions>