{"resourceId":17024,"properties":{"process_id":"SLAExpiryandAutoReassignToGroupPool","name":"SLA Expiry and Auto Reassign To Group Pool","documentation":"","process_author":"","process_version":"","process_namespace":"http://www.activiti.org/processdef","executionlisteners":"{\"executionListeners\":[]}","eventlisteners":"{\"eventListeners\":[]}","signaldefinitions":"[]","messagedefinitions":"[]","executionvariables":"[{\"variableName\":\"taskassignee\",\"variableType\":\"string\",\"$$hashKey\":\"uiGrid-0033\"},{\"variableName\":\"reassignedtaskassignee\",\"variableType\":\"string\",\"$$hashKey\":\"uiGrid-0035\"},{\"variableName\":\"tenantid\",\"variableType\":\"string\",\"$$hashKey\":\"uiGrid-0037\"},{\"variableName\":\"taskId\",\"variableType\":\"string\",\"$$hashKey\":\"uiGrid-0039\"}]","metadata":"","original_model_id":15021,"original_model_version":17},"stencil":{"id":"BPMNDiagram"},"childShapes":[{"resourceId":"sid-A3F272B5-B948-41E5-B16C-B210FB71969E","properties":{"overrideid":"sid-A3F272B5-B948-41E5-B16C-B210FB71000E","name":"Auto Escalation Example","documentation":""},"stencil":{"id":"Pool"},"childShapes":[{"resourceId":"sid-482BBDC6-30C1-4200-B244-AC718DC9FED9","properties":{"overrideid":"sid-482BBDC6-30C1-4200-B244-AC718DC9FED9","name":"","documentation":"","showcaption":false},"stencil":{"id":"Lane"},"childShapes":[{"resourceId":"startEvent1","properties":{"overrideid":"startEvent1","name":"Start","documentation":"","executionlisteners":{"executionListeners":[]},"initiator":"","formkeydefinition":"","formreference":"","fieldstovariables":"","formproperties":"","asynchronousdefinition":false,"exclusivedefinition":false},"stencil":{"id":"StartNoneEvent"},"childShapes":[],"outgoing":[{"resourceId":"sid-F5CAB9A5-8516-4A32-B4DC-EDB905234EA5"}],"bounds":{"lowerRight":{"x":225,"y":75.4914360934672},"upperLeft":{"x":195,"y":45.4914360934672}},"dockers":[]},{"resourceId":"sid-7C3B5B7F-AF72-464E-9BE5-40EF0563EF78","properties":{"overrideid":"sid-7C3B5B7F-AF72-464E-9BE5-40EF0563EF78","name":"Task  in Queue","documentation":"","asynchronousdefinition":false,"exclusivedefinition":false,"executionlisteners":{"executionListeners":[]},"multiinstance_type":"None","multiinstance_cardinality":"","multiinstance_collection":"","multiinstance_variable":"","multiinstance_condition":"","isforcompensation":false,"usertasksendemail":true,"usertaskassignment":{"assignment":{"type":"idm","initiatorCanCompleteTask":false,"idm":{"type":"groups","candidateGroups":[{"id":5005,"name":"hr-group","externalId":null,"status":"active","groups":null,"$$hashKey":"object:992"}]}}},"formkeydefinition":"","formreference":{"id":17021,"name":"First Task"},"fieldstovariables":"","duedatedefinition":"","prioritydefinition":"","categorydefinition":"","formproperties":"","tasklisteners":{"taskListeners":[{"event":"create","implementation":"org.activiti.engine.impl.bpmn.listener.ScriptTaskListener","className":"org.activiti.engine.impl.bpmn.listener.ScriptTaskListener","expression":"","delegateExpression":"","fields":[{"name":"language","implementation":"javascript","stringValue":"javascript","expression":"","string":"","$$hashKey":"uiGrid-001J"},{"name":"script","implementation":"task.execution.setVariable(\"taskId\", task.getId());","stringValue":"","expression":"","string":"task.execution.setVariable(\"taskId\", task.getId());","$$hashKey":"uiGrid-001L"}],"$$hashKey":"uiGrid-0019"}]},"emailtemplate":""},"stencil":{"id":"UserTask"},"childShapes":[],"outgoing":[{"resourceId":"sid-906730DF-5B6D-473B-9388-DD7EF630255F"},{"resourceId":"sid-346E9A36-35E8-4F06-809C-47EC6A3058F3"}],"bounds":{"lowerRight":{"x":535,"y":100.4914360934672},"upperLeft":{"x":435,"y":20.4914360934672}},"dockers":[]},{"resourceId":"sid-49EBC976-A88F-4178-AC8D-65492FF18538","properties":{"overrideid":"sid-49EBC976-A88F-4178-AC8D-65492FF18538","name":"End","documentation":"","executionlisteners":{"executionListeners":[]},"asynchronousdefinition":false,"exclusivedefinition":false},"stencil":{"id":"EndNoneEvent"},"childShapes":[],"outgoing":[],"bounds":{"lowerRight":{"x":641.5,"y":74.4914360934672},"upperLeft":{"x":613.5,"y":46.4914360934672}},"dockers":[]},{"resourceId":"sid-6BBE139B-4F92-43CB-9D5C-691345E859A7","properties":{"overrideid":"sid-6BBE139B-4F92-43CB-9D5C-691345E859A7","name":"Notify Manager","documentation":"","asynchronousdefinition":false,"exclusivedefinition":false,"executionlisteners":{"executionListeners":[]},"multiinstance_type":"None","multiinstance_cardinality":"","multiinstance_collection":"","multiinstance_variable":"","multiinstance_condition":"","isforcompensation":false,"mailtaskto":"demo@example.com","mailtaskfrom":"","mailtasksubject":"SLA Violation","mailtaskcc":"","mailtaskbcc":"","mailtasktext":"","mailtaskhtml":"Your currently assigned team member for this task has violated its SLA. Please reassign to a different team member.","mailtaskcharset":""},"stencil":{"id":"MailTask"},"childShapes":[],"outgoing":[{"resourceId":"sid-8F612E25-F069-4B47-8723-84C4DD998A2F"}],"bounds":{"lowerRight":{"x":536.2129353055104,"y":245.5},"upperLeft":{"x":436.2129353055103,"y":165.5}},"dockers":[]},{"resourceId":"sid-346E9A36-35E8-4F06-809C-47EC6A3058F3","properties":{"overrideid":"sid-346E9A36-35E8-4F06-809C-47EC6A3058F3","name":"5 mins SLA","documentation":"","timercycledefinition":"","timerdatedefinition":"","timerdurationdefinition":"PT5M","cancelactivity":false,"executionlisteners":{"executionListeners":[]},"asynchronousdefinition":false,"exclusivedefinition":false},"stencil":{"id":"BoundaryTimerEvent"},"childShapes":[],"outgoing":[{"resourceId":"sid-72BBF4F7-46E1-4A0C-AE81-3F2E2F01B968"}],"bounds":{"lowerRight":{"x":501.7129353055103,"y":116.6351562926481},"upperLeft":{"x":470.7129353055103,"y":85.6351562926481}},"dockers":[{"x":51,"y":73.5085639065328}]},{"resourceId":"sid-D049CFB3-7AE2-42A4-A1D6-F31AF2690968","properties":{"overrideid":"","name":"Reassign Back To Group Pool","documentation":"","restcalltask_endpoint":{"http_method":"PUT","endpoint_config":{"id":2002,"tenantId":1,"name":"APS Base","protocol":"HTTP","host":"ec2-3-84-195-133.compute-1.amazonaws.com","port":"","path":"","basicAuthId":1,"basicAuthName":"demo","requestHeaders":null},"rest_url":"/activiti-app/api/enterprise/tasks/${taskId}/action/unclaim"},"restcalltask_request_mapping":"","restcalltask_response_mapping":"","restcalltask_request_headers":[{"name":"Accept","value":"application/json"}],"type":"http://b3mn.org/stencilset/bpmn2.0#UserTask","usertasksendemail":true,"usertaskassignment":"","formkeydefinition":"","formreference":"","fieldstovariables":"","duedatedefinition":"","prioritydefinition":"","categorydefinition":"","formproperties":"","tasklisteners":"","emailtemplate":"","scriptformat":"groovy","scripttext":"import com.activiti.service.runtime.AlfrescoTaskService;\n\nAlfrescoTaskService taskService;\n\n\nprintln('>>>>> 111 <<<<<<');\ndef taskId = execution.getVariable('taskId');\nprintln('>>>>> 222 <<<<<< '+taskId);\n\ntaskService.unclaimTask(taskId);\nprintln('>>>>> 333 <<<<<< ');\n","executionvariables":"","asynchronousdefinition":"false","exclusivedefinition":"false","executionlisteners":"","multiinstance_type":"None","multiinstance_cardinality":"","multiinstance_collection":"","multiinstance_variable":"","multiinstance_condition":"","isforcompensation":"false"},"stencil":{"id":"RestCallTask"},"childShapes":[],"outgoing":[{"resourceId":"sid-EF084788-44D8-477F-8DC0-11B1D69C357F"}],"bounds":{"lowerRight":{"x":535,"y":365},"upperLeft":{"x":435,"y":285}},"dockers":[]}],"outgoing":[],"bounds":{"lowerRight":{"x":1162,"y":411},"upperLeft":{"x":30,"y":0}},"dockers":[]}],"outgoing":[],"bounds":{"lowerRight":{"x":1162,"y":456},"upperLeft":{"x":0,"y":45}},"dockers":[]},{"resourceId":"sid-906730DF-5B6D-473B-9388-DD7EF630255F","properties":{"overrideid":"sid-906730DF-5B6D-473B-9388-DD7EF630255F","name":"","documentation":"","conditionsequenceflow":"","executionlisteners":{"executionListeners":[]},"defaultflow":"false"},"stencil":{"id":"SequenceFlow"},"childShapes":[],"outgoing":[{"resourceId":"sid-49EBC976-A88F-4178-AC8D-65492FF18538"}],"bounds":{"lowerRight":{"x":643.140625,"y":105.4914360934672},"upperLeft":{"x":565.541015625,"y":105.4914360934672}},"dockers":[{"x":50,"y":40},{"x":14,"y":14}],"target":{"resourceId":"sid-49EBC976-A88F-4178-AC8D-65492FF18538"}},{"resourceId":"sid-F5CAB9A5-8516-4A32-B4DC-EDB905234EA5","properties":{"overrideid":"sid-F5CAB9A5-8516-4A32-B4DC-EDB905234EA5","name":"","documentation":"","conditionsequenceflow":"","executionlisteners":{"executionListeners":[]},"defaultflow":"false","showdiamondmarker":false},"stencil":{"id":"SequenceFlow"},"childShapes":[],"outgoing":[{"resourceId":"sid-7C3B5B7F-AF72-464E-9BE5-40EF0563EF78"}],"bounds":{"lowerRight":{"x":464.84375,"y":105.4914360934672},"upperLeft":{"x":255.4375,"y":105.4914360934672}},"dockers":[{"x":15,"y":15},{"x":39,"y":40}],"target":{"resourceId":"sid-7C3B5B7F-AF72-464E-9BE5-40EF0563EF78"}},{"resourceId":"sid-72BBF4F7-46E1-4A0C-AE81-3F2E2F01B968","properties":{"overrideid":"","name":"","documentation":"","conditionsequenceflow":"","executionlisteners":"","defaultflow":"false"},"stencil":{"id":"SequenceFlow"},"childShapes":[],"outgoing":[{"resourceId":"sid-6BBE139B-4F92-43CB-9D5C-691345E859A7"}],"bounds":{"lowerRight":{"x":516.6378089128714,"y":209.73925110512766},"upperLeft":{"x":516.4091554481495,"y":162.24113835214615}},"dockers":[{"x":16,"y":16},{"x":50.00000000000006,"y":40}],"target":{"resourceId":"sid-6BBE139B-4F92-43CB-9D5C-691345E859A7"}},{"resourceId":"sid-8F612E25-F069-4B47-8723-84C4DD998A2F","properties":{"overrideid":"","name":"","documentation":"","conditionsequenceflow":"","executionlisteners":"","defaultflow":"false"},"stencil":{"id":"SequenceFlow"},"childShapes":[],"outgoing":[{"resourceId":"sid-D049CFB3-7AE2-42A4-A1D6-F31AF2690968"}],"bounds":{"lowerRight":{"x":515.8047913449634,"y":329.7891140081454},"upperLeft":{"x":515.408143960547,"y":290.7108859918546}},"dockers":[{"x":50.00000000000006,"y":40},{"x":50,"y":40}],"target":{"resourceId":"sid-D049CFB3-7AE2-42A4-A1D6-F31AF2690968"}},{"resourceId":"sid-EF084788-44D8-477F-8DC0-11B1D69C357F","properties":{"overrideid":"","name":"","documentation":"","conditionsequenceflow":"","executionlisteners":"","defaultflow":"false","showdiamondmarker":false},"stencil":{"id":"SequenceFlow"},"childShapes":[],"outgoing":[{"resourceId":"sid-7C3B5B7F-AF72-464E-9BE5-40EF0563EF78"}],"bounds":{"lowerRight":{"x":464.91918870209486,"y":370},"upperLeft":{"x":415,"y":133.30121769876718}},"dockers":[{"x":50,"y":40},{"x":415,"y":370},{"x":415,"y":133.30121769876718},{"x":17.892251602793124,"y":67.80978160529997}],"target":{"resourceId":"sid-7C3B5B7F-AF72-464E-9BE5-40EF0563EF78"}}],"bounds":{"lowerRight":{"x":1262,"y":1050},"upperLeft":{"x":0,"y":0}},"stencilset":{"url":"stencilsets/bpmn2.0/bpmn2.0.json","namespace":"http://b3mn.org/stencilset/bpmn2.0#"},"ssextensions":[]}