<?xml version='1.0' encoding='UTF-8'?>
<definitions xmlns="http://www.omg.org/spec/BPMN/20100524/MODEL" xmlns:xsi="http://www.w3.org/2001/XMLSchema-instance" xmlns:xsd="http://www.w3.org/2001/XMLSchema" xmlns:activiti="http://activiti.org/bpmn" xmlns:bpmndi="http://www.omg.org/spec/BPMN/20100524/DI" xmlns:omgdc="http://www.omg.org/spec/DD/20100524/DC" xmlns:omgdi="http://www.omg.org/spec/DD/20100524/DI" typeLanguage="http://www.w3.org/2001/XMLSchema" expressionLanguage="http://www.w3.org/1999/XPath" targetNamespace="http://www.activiti.org/processdef" xmlns:modeler="http://activiti.com/modeler" modeler:version="1.0en" modeler:exportDateTime="20191217154301791" modeler:modelId="4008" modeler:modelVersion="11" modeler:modelLastUpdated="1576597249083">
  <process id="ChildProcess" name="Child Process" isExecutable="true">
    <extensionElements>
      <modeler:executionvariables xmlns:modeler="http://activiti.com/modeler" modeler:variableName="child_firstName" modeler:variableType="string"/>
      <modeler:executionvariables xmlns:modeler="http://activiti.com/modeler" modeler:variableName="child_lastName" modeler:variableType="string"/>
      <modeler:executionvariables xmlns:modeler="http://activiti.com/modeler" modeler:variableName="child_fullName" modeler:variableType="string"/>
    </extensionElements>
    <startEvent id="startEvent1" name="Start">
      <extensionElements>
        <modeler:editor-resource-id><![CDATA[startEvent1]]></modeler:editor-resource-id>
      </extensionElements>
    </startEvent>
    <sequenceFlow id="sid-23A91E50-FB29-479D-9AC8-84324FDBE03B" sourceRef="startEvent1" targetRef="sid-5EA0EF35-050F-4CFB-8141-65ED4A7AAE1B">
      <extensionElements>
        <modeler:editor-resource-id><![CDATA[sid-23A91E50-FB29-479D-9AC8-84324FDBE03B]]></modeler:editor-resource-id>
      </extensionElements>
    </sequenceFlow>
    <endEvent id="sid-5FB3D4C4-2C4F-4562-A160-05F57E5B5A2E" name="End">
      <extensionElements>
        <modeler:editor-resource-id><![CDATA[sid-5FB3D4C4-2C4F-4562-A160-05F57E5B5A2E]]></modeler:editor-resource-id>
      </extensionElements>
    </endEvent>
    <sequenceFlow id="sid-F5F544C4-D969-43B7-B8B4-F24B9F3A155D" sourceRef="sid-5EA0EF35-050F-4CFB-8141-65ED4A7AAE1B" targetRef="sid-5FB3D4C4-2C4F-4562-A160-05F57E5B5A2E">
      <extensionElements>
        <modeler:editor-resource-id><![CDATA[sid-F5F544C4-D969-43B7-B8B4-F24B9F3A155D]]></modeler:editor-resource-id>
      </extensionElements>
    </sequenceFlow>
    <scriptTask id="sid-5EA0EF35-050F-4CFB-8141-65ED4A7AAE1B" name="Set Full Name" scriptFormat="groovy" activiti:autoStoreVariables="false">
      <extensionElements>
        <modeler:editor-resource-id><![CDATA[sid-5EA0EF35-050F-4CFB-8141-65ED4A7AAE1B]]></modeler:editor-resource-id>
      </extensionElements>
      <script><![CDATA[def firstName = execution.getVariable("child_firstName");
def lastName = execution.getVariable("child_lastName");
execution.setVariable("child_fullName", firstName + " " + lastName);]]></script>
    </scriptTask>
  </process>
  <bpmndi:BPMNDiagram id="BPMNDiagram_ChildProcess">
    <bpmndi:BPMNPlane bpmnElement="ChildProcess" id="BPMNPlane_ChildProcess">
      <bpmndi:BPMNShape bpmnElement="startEvent1" id="BPMNShape_startEvent1">
        <omgdc:Bounds height="30.0" width="30.0" x="100.0" y="163.0"/>
      </bpmndi:BPMNShape>
      <bpmndi:BPMNShape bpmnElement="sid-5FB3D4C4-2C4F-4562-A160-05F57E5B5A2E" id="BPMNShape_sid-5FB3D4C4-2C4F-4562-A160-05F57E5B5A2E">
        <omgdc:Bounds height="28.0" width="28.0" x="320.0" y="164.0"/>
      </bpmndi:BPMNShape>
      <bpmndi:BPMNShape bpmnElement="sid-5EA0EF35-050F-4CFB-8141-65ED4A7AAE1B" id="BPMNShape_sid-5EA0EF35-050F-4CFB-8141-65ED4A7AAE1B">
        <omgdc:Bounds height="80.0" width="100.0" x="165.0" y="138.0"/>
      </bpmndi:BPMNShape>
      <bpmndi:BPMNEdge bpmnElement="sid-F5F544C4-D969-43B7-B8B4-F24B9F3A155D" id="BPMNEdge_sid-F5F544C4-D969-43B7-B8B4-F24B9F3A155D">
        <omgdi:waypoint x="265.0" y="178.0"/>
        <omgdi:waypoint x="320.0" y="178.0"/>
      </bpmndi:BPMNEdge>
      <bpmndi:BPMNEdge bpmnElement="sid-23A91E50-FB29-479D-9AC8-84324FDBE03B" id="BPMNEdge_sid-23A91E50-FB29-479D-9AC8-84324FDBE03B">
        <omgdi:waypoint x="130.0" y="178.0"/>
        <omgdi:waypoint x="165.0" y="178.0"/>
      </bpmndi:BPMNEdge>
    </bpmndi:BPMNPlane>
  </bpmndi:BPMNDiagram>
</definitions>