{"resourceId":4008,"properties":{"process_id":"ChildProcess","name":"Child Process","documentation":"","process_author":"","process_version":"","process_namespace":"http://www.activiti.org/processdef","executionlisteners":"","eventlisteners":"","signaldefinitions":"","messagedefinitions":"","executionvariables":"[{\"variableName\":\"child_firstName\",\"variableType\":\"string\",\"$$hashKey\":\"uiGrid-008P\"},{\"variableName\":\"child_lastName\",\"variableType\":\"string\",\"$$hashKey\":\"uiGrid-008R\"},{\"variableName\":\"child_fullName\",\"variableType\":\"string\",\"$$hashKey\":\"uiGrid-008T\"}]","metadata":""},"stencil":{"id":"BPMNDiagram"},"childShapes":[{"resourceId":"startEvent1","properties":{"overrideid":"","name":"Start","documentation":"","executionlisteners":"","initiator":"","formkeydefinition":"","formreference":"","fieldstovariables":"","formproperties":""},"stencil":{"id":"StartNoneEvent"},"childShapes":[],"outgoing":[{"resourceId":"sid-23A91E50-FB29-479D-9AC8-84324FDBE03B"}],"bounds":{"lowerRight":{"x":130,"y":193},"upperLeft":{"x":100,"y":163}},"dockers":[]},{"resourceId":"sid-23A91E50-FB29-479D-9AC8-84324FDBE03B","properties":{"overrideid":"","name":"","documentation":"","conditionsequenceflow":"","executionlisteners":"","defaultflow":"false"},"stencil":{"id":"SequenceFlow"},"childShapes":[],"outgoing":[{"resourceId":"sid-5EA0EF35-050F-4CFB-8141-65ED4A7AAE1B"}],"bounds":{"lowerRight":{"x":164.78125,"y":178},"upperLeft":{"x":130.0625,"y":178}},"dockers":[{"x":15,"y":15},{"x":50,"y":40}],"target":{"resourceId":"sid-5EA0EF35-050F-4CFB-8141-65ED4A7AAE1B"}},{"resourceId":"sid-5FB3D4C4-2C4F-4562-A160-05F57E5B5A2E","properties":{"overrideid":"","name":"End","documentation":"","executionlisteners":""},"stencil":{"id":"EndNoneEvent"},"childShapes":[],"outgoing":[],"bounds":{"lowerRight":{"x":348,"y":192},"upperLeft":{"x":320,"y":164}},"dockers":[]},{"resourceId":"sid-F5F544C4-D969-43B7-B8B4-F24B9F3A155D","properties":{"overrideid":"","name":"","documentation":"","conditionsequenceflow":"","executionlisteners":"","defaultflow":"false"},"stencil":{"id":"SequenceFlow"},"childShapes":[],"outgoing":[{"resourceId":"sid-5FB3D4C4-2C4F-4562-A160-05F57E5B5A2E"}],"bounds":{"lowerRight":{"x":319.984375,"y":178},"upperLeft":{"x":265.2734375,"y":178}},"dockers":[{"x":50,"y":40},{"x":14,"y":14}],"target":{"resourceId":"sid-5FB3D4C4-2C4F-4562-A160-05F57E5B5A2E"}},{"resourceId":"sid-5EA0EF35-050F-4CFB-8141-65ED4A7AAE1B","properties":{"scriptformat":"groovy","scripttext":"def firstName = execution.getVariable(\"child_firstName\");\ndef lastName = execution.getVariable(\"child_lastName\");\nexecution.setVariable(\"child_fullName\", firstName + \" \" + lastName);","executionvariables":"","overrideid":"","name":"Set Full Name","documentation":"","asynchronousdefinition":"false","exclusivedefinition":"false","executionlisteners":"","multiinstance_type":"None","multiinstance_cardinality":"","multiinstance_collection":"","multiinstance_variable":"","multiinstance_condition":"","isforcompensation":"false","type":"http://b3mn.org/stencilset/bpmn2.0#UserTask","usertasksendemail":true,"usertaskassignment":"","formkeydefinition":"","formreference":"","fieldstovariables":"","duedatedefinition":"","prioritydefinition":"","categorydefinition":"","formproperties":"","tasklisteners":"","emailtemplate":""},"stencil":{"id":"ScriptTask"},"childShapes":[],"outgoing":[{"resourceId":"sid-F5F544C4-D969-43B7-B8B4-F24B9F3A155D"}],"bounds":{"lowerRight":{"x":265,"y":218},"upperLeft":{"x":165,"y":138}},"dockers":[]}],"bounds":{"lowerRight":{"x":1200,"y":1050},"upperLeft":{"x":0,"y":0}},"stencilset":{"url":"stencilsets/bpmn2.0/bpmn2.0.json","namespace":"http://b3mn.org/stencilset/bpmn2.0#"},"ssextensions":[]}