{"resourceId":4005,"properties":{"process_id":"ParentProcess","name":"Parent Process","documentation":"","process_author":"","process_version":"","process_namespace":"http://www.activiti.org/processdef","executionlisteners":"","eventlisteners":"","signaldefinitions":"","messagedefinitions":"","executionvariables":null,"metadata":""},"stencil":{"id":"BPMNDiagram"},"childShapes":[{"resourceId":"startEvent1","properties":{"overrideid":"","name":"Start","documentation":"","executionlisteners":"","initiator":"","formkeydefinition":"","formreference":{"id":4006,"name":"Parent Form","referenceId":4005,"variablesmapping":[]},"fieldstovariables":"","formproperties":""},"stencil":{"id":"StartNoneEvent"},"childShapes":[],"outgoing":[{"resourceId":"sid-5FB4FA14-1865-48BB-9CE2-6A9E55CADE27"}],"bounds":{"lowerRight":{"x":255,"y":193},"upperLeft":{"x":225,"y":163}},"dockers":[]},{"resourceId":"sid-FF729F62-CC2E-4F6A-B228-E966334271D2","properties":{"overrideid":"","name":"Display Result","documentation":"","asynchronousdefinition":"false","exclusivedefinition":"false","executionlisteners":"","multiinstance_type":"None","multiinstance_cardinality":"","multiinstance_collection":"","multiinstance_variable":"","multiinstance_condition":"","isforcompensation":"false","usertasksendemail":true,"usertaskassignment":"","formkeydefinition":"","formreference":{"id":4007,"name":"Final Result Form","referenceId":4005},"fieldstovariables":"","duedatedefinition":"","prioritydefinition":"","categorydefinition":"","formproperties":"","tasklisteners":"","emailtemplate":""},"stencil":{"id":"UserTask"},"childShapes":[],"outgoing":[{"resourceId":"sid-C7BCCFA3-232F-48D2-A6E4-F7437F2F7F63"}],"bounds":{"lowerRight":{"x":565,"y":215},"upperLeft":{"x":465,"y":135}},"dockers":[]},{"resourceId":"sid-2C806E67-4CC5-43D6-81B3-C66AC58F7226","properties":{"overrideid":"","name":"End","documentation":"","executionlisteners":""},"stencil":{"id":"EndNoneEvent"},"childShapes":[],"outgoing":[],"bounds":{"lowerRight":{"x":648,"y":189},"upperLeft":{"x":620,"y":161}},"dockers":[]},{"resourceId":"sid-C7BCCFA3-232F-48D2-A6E4-F7437F2F7F63","properties":{"overrideid":"","name":"","documentation":"","conditionsequenceflow":"","executionlisteners":"","defaultflow":"false"},"stencil":{"id":"SequenceFlow"},"childShapes":[],"outgoing":[{"resourceId":"sid-2C806E67-4CC5-43D6-81B3-C66AC58F7226"}],"bounds":{"lowerRight":{"x":619.984375,"y":175},"upperLeft":{"x":565.2734375,"y":175}},"dockers":[{"x":50,"y":40},{"x":14,"y":14}],"target":{"resourceId":"sid-2C806E67-4CC5-43D6-81B3-C66AC58F7226"}},{"resourceId":"sid-779E6562-01D8-43C3-93F8-32738C96733C","properties":{"overrideid":"","name":"Invoke Sub Process","documentation":"","asynchronousdefinition":"false","exclusivedefinition":"false","executionlisteners":"","callactivitycalledelement":"ChildProcess","callactivityinparameters":{"inParameters":[{"source":"initiator","sourceExpression":"","target":"initiator","$$hashKey":"uiGrid-007D"},{"source":"firstName","sourceExpression":"","target":"child_firstName","$$hashKey":"uiGrid-007L"},{"source":"lastName","sourceExpression":"","target":"child_lastName","$$hashKey":"uiGrid-007T"}]},"callactivityoutparameters":{"outParameters":[{"source":"child_fullName","sourceExpression":"","target":"fullName","$$hashKey":"uiGrid-008B"}]},"multiinstance_type":"None","multiinstance_cardinality":"","multiinstance_collection":"","multiinstance_variable":"","multiinstance_condition":"","isforcompensation":"false"},"stencil":{"id":"CallActivity"},"childShapes":[],"outgoing":[{"resourceId":"sid-87D86389-86CB-46F6-9B4D-985BA460F724"}],"bounds":{"lowerRight":{"x":400,"y":218},"upperLeft":{"x":300,"y":138}},"dockers":[]},{"resourceId":"sid-87D86389-86CB-46F6-9B4D-985BA460F724","properties":{"overrideid":"","name":"","documentation":"","conditionsequenceflow":"","executionlisteners":"","defaultflow":"false"},"stencil":{"id":"SequenceFlow"},"childShapes":[],"outgoing":[{"resourceId":"sid-FF729F62-CC2E-4F6A-B228-E966334271D2"}],"bounds":{"lowerRight":{"x":464.3712589982867,"y":177.0794774363325},"upperLeft":{"x":400.6287410017133,"y":175.9205225636675}},"dockers":[{"x":50,"y":40},{"x":50,"y":40}],"target":{"resourceId":"sid-FF729F62-CC2E-4F6A-B228-E966334271D2"}},{"resourceId":"sid-5FB4FA14-1865-48BB-9CE2-6A9E55CADE27","properties":{"overrideid":"","name":"","documentation":"","conditionsequenceflow":"","executionlisteners":"","defaultflow":"false","showdiamondmarker":false},"stencil":{"id":"SequenceFlow"},"childShapes":[],"outgoing":[{"resourceId":"sid-779E6562-01D8-43C3-93F8-32738C96733C"}],"bounds":{"lowerRight":{"x":299.375,"y":178},"upperLeft":{"x":255.015625,"y":178}},"dockers":[{"x":15,"y":15},{"x":78,"y":40}],"target":{"resourceId":"sid-779E6562-01D8-43C3-93F8-32738C96733C"}}],"bounds":{"lowerRight":{"x":1200,"y":1050},"upperLeft":{"x":0,"y":0}},"stencilset":{"url":"stencilsets/bpmn2.0/bpmn2.0.json","namespace":"http://b3mn.org/stencilset/bpmn2.0#"},"ssextensions":[]}