<?xml version='1.0' encoding='UTF-8'?>
<definitions xmlns="http://www.omg.org/spec/BPMN/20100524/MODEL" xmlns:xsi="http://www.w3.org/2001/XMLSchema-instance" xmlns:xsd="http://www.w3.org/2001/XMLSchema" xmlns:activiti="http://activiti.org/bpmn" xmlns:bpmndi="http://www.omg.org/spec/BPMN/20100524/DI" xmlns:omgdc="http://www.omg.org/spec/DD/20100524/DC" xmlns:omgdi="http://www.omg.org/spec/DD/20100524/DI" typeLanguage="http://www.w3.org/2001/XMLSchema" expressionLanguage="http://www.w3.org/1999/XPath" targetNamespace="http://www.activiti.org/processdef" xmlns:modeler="http://activiti.com/modeler" modeler:version="1.0en" modeler:exportDateTime="20191217154301797" modeler:modelId="4005" modeler:modelVersion="11" modeler:modelLastUpdated="1576597249092">
  <process id="ParentProcess" name="Parent Process" isExecutable="true">
    <startEvent id="startEvent1" name="Start" activiti:formKey="4006">
      <extensionElements>
        <modeler:form-reference-id><![CDATA[4006]]></modeler:form-reference-id>
        <modeler:form-reference-name><![CDATA[Parent Form]]></modeler:form-reference-name>
        <modeler:editor-resource-id><![CDATA[startEvent1]]></modeler:editor-resource-id>
      </extensionElements>
    </startEvent>
    <userTask id="sid-FF729F62-CC2E-4F6A-B228-E966334271D2" name="Display Result" activiti:assignee="$INITIATOR" activiti:formKey="4007">
      <extensionElements>
        <modeler:allow-send-email><![CDATA[true]]></modeler:allow-send-email>
        <modeler:form-reference-id><![CDATA[4007]]></modeler:form-reference-id>
        <modeler:form-reference-name><![CDATA[Final Result Form]]></modeler:form-reference-name>
        <modeler:activiti-idm-initiator><![CDATA[true]]></modeler:activiti-idm-initiator>
        <modeler:editor-resource-id><![CDATA[sid-FF729F62-CC2E-4F6A-B228-E966334271D2]]></modeler:editor-resource-id>
      </extensionElements>
    </userTask>
    <endEvent id="sid-2C806E67-4CC5-43D6-81B3-C66AC58F7226" name="End">
      <extensionElements>
        <modeler:editor-resource-id><![CDATA[sid-2C806E67-4CC5-43D6-81B3-C66AC58F7226]]></modeler:editor-resource-id>
      </extensionElements>
    </endEvent>
    <sequenceFlow id="sid-C7BCCFA3-232F-48D2-A6E4-F7437F2F7F63" sourceRef="sid-FF729F62-CC2E-4F6A-B228-E966334271D2" targetRef="sid-2C806E67-4CC5-43D6-81B3-C66AC58F7226">
      <extensionElements>
        <modeler:editor-resource-id><![CDATA[sid-C7BCCFA3-232F-48D2-A6E4-F7437F2F7F63]]></modeler:editor-resource-id>
      </extensionElements>
    </sequenceFlow>
    <callActivity id="sid-779E6562-01D8-43C3-93F8-32738C96733C" name="Invoke Sub Process" calledElement="ChildProcess" activiti:inheritVariables="false">
      <extensionElements>
        <activiti:in source="initiator" target="initiator"/>
        <activiti:in source="firstName" target="child_firstName"/>
        <activiti:in source="lastName" target="child_lastName"/>
        <activiti:out source="child_fullName" target="fullName"/>
        <modeler:editor-resource-id><![CDATA[sid-779E6562-01D8-43C3-93F8-32738C96733C]]></modeler:editor-resource-id>
      </extensionElements>
    </callActivity>
    <sequenceFlow id="sid-87D86389-86CB-46F6-9B4D-985BA460F724" sourceRef="sid-779E6562-01D8-43C3-93F8-32738C96733C" targetRef="sid-FF729F62-CC2E-4F6A-B228-E966334271D2">
      <extensionElements>
        <modeler:editor-resource-id><![CDATA[sid-87D86389-86CB-46F6-9B4D-985BA460F724]]></modeler:editor-resource-id>
      </extensionElements>
    </sequenceFlow>
    <sequenceFlow id="sid-5FB4FA14-1865-48BB-9CE2-6A9E55CADE27" sourceRef="startEvent1" targetRef="sid-779E6562-01D8-43C3-93F8-32738C96733C">
      <extensionElements>
        <modeler:editor-resource-id><![CDATA[sid-5FB4FA14-1865-48BB-9CE2-6A9E55CADE27]]></modeler:editor-resource-id>
      </extensionElements>
    </sequenceFlow>
  </process>
  <bpmndi:BPMNDiagram id="BPMNDiagram_ParentProcess">
    <bpmndi:BPMNPlane bpmnElement="ParentProcess" id="BPMNPlane_ParentProcess">
      <bpmndi:BPMNShape bpmnElement="startEvent1" id="BPMNShape_startEvent1">
        <omgdc:Bounds height="30.0" width="30.0" x="225.0" y="163.0"/>
      </bpmndi:BPMNShape>
      <bpmndi:BPMNShape bpmnElement="sid-FF729F62-CC2E-4F6A-B228-E966334271D2" id="BPMNShape_sid-FF729F62-CC2E-4F6A-B228-E966334271D2">
        <omgdc:Bounds height="80.0" width="100.0" x="465.0" y="135.0"/>
      </bpmndi:BPMNShape>
      <bpmndi:BPMNShape bpmnElement="sid-2C806E67-4CC5-43D6-81B3-C66AC58F7226" id="BPMNShape_sid-2C806E67-4CC5-43D6-81B3-C66AC58F7226">
        <omgdc:Bounds height="28.0" width="28.0" x="620.0" y="161.0"/>
      </bpmndi:BPMNShape>
      <bpmndi:BPMNShape bpmnElement="sid-779E6562-01D8-43C3-93F8-32738C96733C" id="BPMNShape_sid-779E6562-01D8-43C3-93F8-32738C96733C">
        <omgdc:Bounds height="80.0" width="100.0" x="300.0" y="138.0"/>
      </bpmndi:BPMNShape>
      <bpmndi:BPMNEdge bpmnElement="sid-C7BCCFA3-232F-48D2-A6E4-F7437F2F7F63" id="BPMNEdge_sid-C7BCCFA3-232F-48D2-A6E4-F7437F2F7F63">
        <omgdi:waypoint x="565.0" y="175.0"/>
        <omgdi:waypoint x="620.0" y="175.0"/>
      </bpmndi:BPMNEdge>
      <bpmndi:BPMNEdge bpmnElement="sid-5FB4FA14-1865-48BB-9CE2-6A9E55CADE27" id="BPMNEdge_sid-5FB4FA14-1865-48BB-9CE2-6A9E55CADE27">
        <omgdi:waypoint x="255.0" y="178.0"/>
        <omgdi:waypoint x="300.0" y="178.0"/>
      </bpmndi:BPMNEdge>
      <bpmndi:BPMNEdge bpmnElement="sid-87D86389-86CB-46F6-9B4D-985BA460F724" id="BPMNEdge_sid-87D86389-86CB-46F6-9B4D-985BA460F724">
        <omgdi:waypoint x="400.0" y="177.0909090909091"/>
        <omgdi:waypoint x="465.0" y="175.9090909090909"/>
      </bpmndi:BPMNEdge>
    </bpmndi:BPMNPlane>
  </bpmndi:BPMNDiagram>
</definitions>