{"name":"Parent to Sub Process Communication","description":"","definition":{"models":[{"id":4008,"name":"Child Process","version":11,"modelType":0,"description":"","stencilSetId":0,"createdByFullName":"Demo User","createdBy":2,"lastUpdatedByFullName":"Demo User","lastUpdatedBy":2,"lastUpdated":"2019-12-17T15:40:49.083+0000"},{"id":4005,"name":"Parent Process","version":11,"modelType":0,"description":"","stencilSetId":0,"createdByFullName":"Demo User","createdBy":2,"lastUpdatedByFullName":"Demo User","lastUpdatedBy":2,"lastUpdated":"2019-12-17T15:40:49.092+0000"}],"theme":"theme-1","icon":"glyphicon-asterisk","publishIdentityInfo":[]}}