<?xml version='1.0' encoding='UTF-8'?>
<definitions xmlns="http://www.omg.org/spec/BPMN/20100524/MODEL" xmlns:xsi="http://www.w3.org/2001/XMLSchema-instance" xmlns:xsd="http://www.w3.org/2001/XMLSchema" xmlns:activiti="http://activiti.org/bpmn" xmlns:bpmndi="http://www.omg.org/spec/BPMN/20100524/DI" xmlns:omgdc="http://www.omg.org/spec/DD/20100524/DC" xmlns:omgdi="http://www.omg.org/spec/DD/20100524/DI" typeLanguage="http://www.w3.org/2001/XMLSchema" expressionLanguage="http://www.w3.org/1999/XPath" targetNamespace="http://www.activiti.org/processdef" xmlns:modeler="http://activiti.com/modeler" modeler:version="1.0en" modeler:exportDateTime="20180928174203763" modeler:modelId="7011" modeler:modelVersion="31" modeler:modelLastUpdated="1538156407889">
  <process id="CreateFolderWithAPSData" name="Create Folder With APS Data" isExecutable="true">
    <extensionElements>
      <modeler:executionvariables xmlns:modeler="http://activiti.com/modeler" modeler:variableName="artifactId" modeler:variableType="string"/>
    </extensionElements>
    <startEvent id="startEvent1" name="Start">
      <extensionElements>
        <modeler:editor-resource-id><![CDATA[startEvent1]]></modeler:editor-resource-id>
      </extensionElements>
    </startEvent>
    <endEvent id="sid-0C77A5FC-399B-4C8D-9612-9DABB8A8A8F3" name="End">
      <extensionElements>
        <modeler:editor-resource-id><![CDATA[sid-0C77A5FC-399B-4C8D-9612-9DABB8A8A8F3]]></modeler:editor-resource-id>
      </extensionElements>
    </endEvent>
    <userTask id="sid-7E7423C5-ECB4-42D9-A14C-CD4B9DBFEC40" name="Capture data" activiti:assignee="$INITIATOR" activiti:formKey="7012">
      <extensionElements>
        <modeler:allow-send-email><![CDATA[true]]></modeler:allow-send-email>
        <modeler:form-reference-id><![CDATA[7012]]></modeler:form-reference-id>
        <modeler:form-reference-name><![CDATA[Metadata Capture]]></modeler:form-reference-name>
        <modeler:activiti-idm-initiator><![CDATA[true]]></modeler:activiti-idm-initiator>
        <modeler:editor-resource-id><![CDATA[sid-7E7423C5-ECB4-42D9-A14C-CD4B9DBFEC40]]></modeler:editor-resource-id>
      </extensionElements>
    </userTask>
    <scriptTask id="sid-3A285777-2DEA-4B87-B858-47C7A41C39CF" name="Set Process Variables" scriptFormat="groovy" activiti:autoStoreVariables="false">
      <extensionElements>
        <modeler:editor-resource-id><![CDATA[sid-3A285777-2DEA-4B87-B858-47C7A41C39CF]]></modeler:editor-resource-id>
      </extensionElements>
      <script><![CDATA[def busKey = "artifactId-"+execution.getProcessInstanceId();
execution.setVariable("artifactId", busKey);

//execution.setVariable("businessKey", busKey);
execution.getEngineServices().getRuntimeService().updateBusinessKey(execution.getProcessInstanceId(),busKey);


//println('*** *** *** >>> '+ execution.getVariable('compute'));
//println('Length = '+execution.getVariable('compute').size());
// execution.setVariable("myCompute", (execution.getVariable('compute')));


// def myCompute = (execution.getVariable('mycompute'));
// def myComputeExtracted = myCompute.toMapString();

// execution.setVariable("myComputeExtracted", myComputeExtracted);


// def contentNodeId = '';
// execution.setVariable('contentNodeId', '0176ecf0-63da-4214-b39e-ff0fe75b0f85'); //Landing Folder
// execution.setVariable('reviewDecision', 'TBD');
// execution.setVariable('placeHolderNodeId', 'TBD');]]></script>
    </scriptTask>
    <sequenceFlow id="sid-AE856D4E-A374-4A09-BDE0-B05E4BE72A21" sourceRef="startEvent1" targetRef="sid-3A285777-2DEA-4B87-B858-47C7A41C39CF">
      <extensionElements>
        <modeler:editor-resource-id><![CDATA[sid-AE856D4E-A374-4A09-BDE0-B05E4BE72A21]]></modeler:editor-resource-id>
      </extensionElements>
    </sequenceFlow>
    <sequenceFlow id="sid-937C9D38-3B00-4DE4-A69A-63626BE5BA37" sourceRef="sid-3A285777-2DEA-4B87-B858-47C7A41C39CF" targetRef="sid-7E7423C5-ECB4-42D9-A14C-CD4B9DBFEC40">
      <extensionElements>
        <modeler:editor-resource-id><![CDATA[sid-937C9D38-3B00-4DE4-A69A-63626BE5BA37]]></modeler:editor-resource-id>
      </extensionElements>
    </sequenceFlow>
    <serviceTask id="sid-F517C5D8-0A6A-436A-ACFF-2526D2F8A5E8" name="Upload to Alfresco" activiti:async="true" activiti:delegateExpression="${activiti_publishAlfrescoDelegate}">
      <extensionElements>
        <activiti:field name="contentSource">
          <activiti:string><![CDATA[process]]></activiti:string>
        </activiti:field>
        <activiti:field name="account">
          <activiti:string><![CDATA[alfresco-1-alfresco-1]]></activiti:string>
        </activiti:field>
        <activiti:field name="site">
          <activiti:string><![CDATA[demo-respository]]></activiti:string>
        </activiti:field>
        <activiti:field name="publishAsType">
          <activiti:string><![CDATA[process_initiator]]></activiti:string>
        </activiti:field>
        <activiti:field name="path">
          <activiti:string><![CDATA[ed508278-75ab-4d00-af55-cf94effe7a9f]]></activiti:string>
        </activiti:field>
        <activiti:field name="createFolder">
          <activiti:expression><![CDATA[${firstname}]]></activiti:expression>
        </activiti:field>
        <activiti:executionListener event="start" class="com.activiti.runtime.activiti.ContentProcessorExecutionListener">
          <activiti:field name="externalContentHandler">
            <activiti:expression><![CDATA[${externalContentHandler}]]></activiti:expression>
          </activiti:field>
        </activiti:executionListener>
        <modeler:publish-task-type><![CDATA[alfresco]]></modeler:publish-task-type>
        <modeler:site_title><![CDATA[Demo Respository]]></modeler:site_title>
        <modeler:path_title><![CDATA[documentLibrary > Bert]]></modeler:path_title>
        <modeler:editor-resource-id><![CDATA[sid-F517C5D8-0A6A-436A-ACFF-2526D2F8A5E8]]></modeler:editor-resource-id>
        <modeler:ignore-listener-on-import><![CDATA[com.activiti.runtime.activiti.ContentProcessorExecutionListener]]></modeler:ignore-listener-on-import>
      </extensionElements>
    </serviceTask>
    <sequenceFlow id="sid-574EB3A5-22EE-4818-AF0A-0925CC2480DD" sourceRef="sid-7E7423C5-ECB4-42D9-A14C-CD4B9DBFEC40" targetRef="sid-F517C5D8-0A6A-436A-ACFF-2526D2F8A5E8">
      <extensionElements>
        <modeler:editor-resource-id><![CDATA[sid-574EB3A5-22EE-4818-AF0A-0925CC2480DD]]></modeler:editor-resource-id>
      </extensionElements>
    </sequenceFlow>
    <sequenceFlow id="sid-8F3F0513-2972-4940-875B-CEB005B98A0B" sourceRef="sid-F517C5D8-0A6A-436A-ACFF-2526D2F8A5E8" targetRef="sid-0C77A5FC-399B-4C8D-9612-9DABB8A8A8F3">
      <extensionElements>
        <modeler:editor-resource-id><![CDATA[sid-8F3F0513-2972-4940-875B-CEB005B98A0B]]></modeler:editor-resource-id>
      </extensionElements>
    </sequenceFlow>
  </process>
  <bpmndi:BPMNDiagram id="BPMNDiagram_CreateFolderWithAPSData">
    <bpmndi:BPMNPlane bpmnElement="CreateFolderWithAPSData" id="BPMNPlane_CreateFolderWithAPSData">
      <bpmndi:BPMNShape bpmnElement="startEvent1" id="BPMNShape_startEvent1">
        <omgdc:Bounds height="30.0" width="30.0" x="45.0" y="163.0"/>
      </bpmndi:BPMNShape>
      <bpmndi:BPMNShape bpmnElement="sid-0C77A5FC-399B-4C8D-9612-9DABB8A8A8F3" id="BPMNShape_sid-0C77A5FC-399B-4C8D-9612-9DABB8A8A8F3">
        <omgdc:Bounds height="28.0" width="28.0" x="555.0" y="296.08374193550003"/>
      </bpmndi:BPMNShape>
      <bpmndi:BPMNShape bpmnElement="sid-7E7423C5-ECB4-42D9-A14C-CD4B9DBFEC40" id="BPMNShape_sid-7E7423C5-ECB4-42D9-A14C-CD4B9DBFEC40">
        <omgdc:Bounds height="80.0" width="100.0" x="300.0" y="138.0"/>
      </bpmndi:BPMNShape>
      <bpmndi:BPMNShape bpmnElement="sid-3A285777-2DEA-4B87-B858-47C7A41C39CF" id="BPMNShape_sid-3A285777-2DEA-4B87-B858-47C7A41C39CF">
        <omgdc:Bounds height="80.0" width="100.0" x="120.0" y="138.0"/>
      </bpmndi:BPMNShape>
      <bpmndi:BPMNShape bpmnElement="sid-F517C5D8-0A6A-436A-ACFF-2526D2F8A5E8" id="BPMNShape_sid-F517C5D8-0A6A-436A-ACFF-2526D2F8A5E8">
        <omgdc:Bounds height="80.167483871" width="100.24219354799999" x="299.87890322600003" y="270.0"/>
      </bpmndi:BPMNShape>
      <bpmndi:BPMNEdge bpmnElement="sid-8F3F0513-2972-4940-875B-CEB005B98A0B" id="BPMNEdge_sid-8F3F0513-2972-4940-875B-CEB005B98A0B">
        <omgdi:waypoint x="400.121096774" y="310.1483541297902"/>
        <omgdi:waypoint x="555.0000010246515" y="310.08909826264676"/>
      </bpmndi:BPMNEdge>
      <bpmndi:BPMNEdge bpmnElement="sid-937C9D38-3B00-4DE4-A69A-63626BE5BA37" id="BPMNEdge_sid-937C9D38-3B00-4DE4-A69A-63626BE5BA37">
        <omgdi:waypoint x="220.0" y="178.0"/>
        <omgdi:waypoint x="300.0" y="178.0"/>
      </bpmndi:BPMNEdge>
      <bpmndi:BPMNEdge bpmnElement="sid-AE856D4E-A374-4A09-BDE0-B05E4BE72A21" id="BPMNEdge_sid-AE856D4E-A374-4A09-BDE0-B05E4BE72A21">
        <omgdi:waypoint x="75.0" y="178.0"/>
        <omgdi:waypoint x="120.0" y="178.0"/>
      </bpmndi:BPMNEdge>
      <bpmndi:BPMNEdge bpmnElement="sid-574EB3A5-22EE-4818-AF0A-0925CC2480DD" id="BPMNEdge_sid-574EB3A5-22EE-4818-AF0A-0925CC2480DD">
        <omgdi:waypoint x="350.0" y="218.0"/>
        <omgdi:waypoint x="350.0" y="270.0"/>
      </bpmndi:BPMNEdge>
    </bpmndi:BPMNPlane>
  </bpmndi:BPMNDiagram>
</definitions>