{"resourceId":7011,"properties":{"process_id":"CreateFolderWithAPSData","name":"Create Folder With APS Data","documentation":"","process_author":"","process_version":"","process_namespace":"http://www.activiti.org/processdef","executionlisteners":"","eventlisteners":"","signaldefinitions":"","messagedefinitions":"","executionvariables":"[{\"variableName\":\"artifactId\",\"variableType\":\"string\",\"$$hashKey\":\"uiGrid-002F\"}]","metadata":""},"stencil":{"id":"BPMNDiagram"},"childShapes":[{"resourceId":"startEvent1","properties":{"overrideid":"","name":"Start","documentation":"","executionlisteners":"","initiator":"","formkeydefinition":"","formreference":null,"fieldstovariables":"","formproperties":""},"stencil":{"id":"StartNoneEvent"},"childShapes":[],"outgoing":[{"resourceId":"sid-AE856D4E-A374-4A09-BDE0-B05E4BE72A21"}],"bounds":{"lowerRight":{"x":75,"y":193},"upperLeft":{"x":45,"y":163}},"dockers":[]},{"resourceId":"sid-0C77A5FC-399B-4C8D-9612-9DABB8A8A8F3","properties":{"overrideid":"","name":"End","documentation":"","executionlisteners":""},"stencil":{"id":"EndNoneEvent"},"childShapes":[],"outgoing":[],"bounds":{"lowerRight":{"x":583,"y":324.08374193550003},"upperLeft":{"x":555,"y":296.08374193550003}},"dockers":[]},{"resourceId":"sid-7E7423C5-ECB4-42D9-A14C-CD4B9DBFEC40","properties":{"overrideid":"","name":"Capture data","documentation":"","asynchronousdefinition":"false","exclusivedefinition":"false","executionlisteners":"","multiinstance_type":"None","multiinstance_cardinality":"","multiinstance_collection":"","multiinstance_variable":"","multiinstance_condition":"","isforcompensation":"false","usertasksendemail":true,"usertaskassignment":"","formkeydefinition":"","formreference":{"id":7012,"name":"Metadata Capture","referenceId":7011,"variablesmapping":[]},"fieldstovariables":"","duedatedefinition":"","prioritydefinition":"","categorydefinition":"","formproperties":"","tasklisteners":"","emailtemplate":""},"stencil":{"id":"UserTask"},"childShapes":[],"outgoing":[{"resourceId":"sid-574EB3A5-22EE-4818-AF0A-0925CC2480DD"}],"bounds":{"lowerRight":{"x":400,"y":218},"upperLeft":{"x":300,"y":138}},"dockers":[]},{"resourceId":"sid-3A285777-2DEA-4B87-B858-47C7A41C39CF","properties":{"scriptformat":"groovy","scripttext":"def busKey = \"artifactId-\"+execution.getProcessInstanceId();\nexecution.setVariable(\"artifactId\", busKey);\n\n//execution.setVariable(\"businessKey\", busKey);\nexecution.getEngineServices().getRuntimeService().updateBusinessKey(execution.getProcessInstanceId(),busKey);\n\n\n//println('*** *** *** >>> '+ execution.getVariable('compute'));\n//println('Length = '+execution.getVariable('compute').size());\n// execution.setVariable(\"myCompute\", (execution.getVariable('compute')));\n\n\n// def myCompute = (execution.getVariable('mycompute'));\n// def myComputeExtracted = myCompute.toMapString();\n\n// execution.setVariable(\"myComputeExtracted\", myComputeExtracted);\n\n\n// def contentNodeId = '';\n// execution.setVariable('contentNodeId', '0176ecf0-63da-4214-b39e-ff0fe75b0f85'); //Landing Folder\n// execution.setVariable('reviewDecision', 'TBD');\n// execution.setVariable('placeHolderNodeId', 'TBD');","executionvariables":"","overrideid":"","name":"Set Process Variables","documentation":"","asynchronousdefinition":"false","exclusivedefinition":"false","executionlisteners":"","multiinstance_type":"None","multiinstance_cardinality":"","multiinstance_collection":"","multiinstance_variable":"","multiinstance_condition":"","isforcompensation":"false"},"stencil":{"id":"ScriptTask"},"childShapes":[],"outgoing":[{"resourceId":"sid-937C9D38-3B00-4DE4-A69A-63626BE5BA37"}],"bounds":{"lowerRight":{"x":220,"y":218},"upperLeft":{"x":120,"y":138}},"dockers":[]},{"resourceId":"sid-AE856D4E-A374-4A09-BDE0-B05E4BE72A21","properties":{"overrideid":"","name":"","documentation":"","conditionsequenceflow":"","executionlisteners":"","defaultflow":"false"},"stencil":{"id":"SequenceFlow"},"childShapes":[],"outgoing":[{"resourceId":"sid-3A285777-2DEA-4B87-B858-47C7A41C39CF"}],"bounds":{"lowerRight":{"x":119.15625,"y":178},"upperLeft":{"x":75.609375,"y":178}},"dockers":[{"x":15,"y":15},{"x":50,"y":40}],"target":{"resourceId":"sid-3A285777-2DEA-4B87-B858-47C7A41C39CF"}},{"resourceId":"sid-937C9D38-3B00-4DE4-A69A-63626BE5BA37","properties":{"overrideid":"","name":"","documentation":"","conditionsequenceflow":"","executionlisteners":"","defaultflow":"false"},"stencil":{"id":"SequenceFlow"},"childShapes":[],"outgoing":[{"resourceId":"sid-7E7423C5-ECB4-42D9-A14C-CD4B9DBFEC40"}],"bounds":{"lowerRight":{"x":299.78125,"y":178},"upperLeft":{"x":220.21875,"y":178}},"dockers":[{"x":50,"y":40},{"x":50,"y":40}],"target":{"resourceId":"sid-7E7423C5-ECB4-42D9-A14C-CD4B9DBFEC40"}},{"resourceId":"sid-F517C5D8-0A6A-436A-ACFF-2526D2F8A5E8","properties":{"overrideid":"","name":"Upload to Alfresco","documentation":"","alfresco_cloud_content":"","alfresco_cloud_destination":{"account":"alfresco-1-alfresco-1","site":"demo-respository","path":"ed508278-75ab-4d00-af55-cf94effe7a9f","path_title":"documentLibrary > Bert","site_title":"Demo Respository","publish_as_type":"process_initiator","folder":"firstname"}},"stencil":{"id":"PublishToAlfrescoCloudTask"},"childShapes":[],"outgoing":[{"resourceId":"sid-8F3F0513-2972-4940-875B-CEB005B98A0B"}],"bounds":{"lowerRight":{"x":400.121096774,"y":350.167483871},"upperLeft":{"x":299.87890322600003,"y":270}},"dockers":[]},{"resourceId":"sid-574EB3A5-22EE-4818-AF0A-0925CC2480DD","properties":{"overrideid":"","name":"","documentation":"","conditionsequenceflow":"","executionlisteners":"","defaultflow":"false"},"stencil":{"id":"SequenceFlow"},"childShapes":[],"outgoing":[{"resourceId":"sid-F517C5D8-0A6A-436A-ACFF-2526D2F8A5E8"}],"bounds":{"lowerRight":{"x":350,"y":269.87138104839846},"upperLeft":{"x":350,"y":218.21236088710157}},"dockers":[{"x":50,"y":40},{"x":50.121096773999994,"y":40.0837419355}],"target":{"resourceId":"sid-F517C5D8-0A6A-436A-ACFF-2526D2F8A5E8"}},{"resourceId":"sid-8F3F0513-2972-4940-875B-CEB005B98A0B","properties":{"overrideid":"","name":"","documentation":"","conditionsequenceflow":"","executionlisteners":"","defaultflow":"false"},"stencil":{"id":"SequenceFlow"},"childShapes":[],"outgoing":[{"resourceId":"sid-0C77A5FC-399B-4C8D-9612-9DABB8A8A8F3"}],"bounds":{"lowerRight":{"x":554.3200686215645,"y":310.1481284939421},"upperLeft":{"x":400.71084821295125,"y":310.089358401265}},"dockers":[{"x":50.242193547999996,"y":40.167483871},{"x":14,"y":14}],"target":{"resourceId":"sid-0C77A5FC-399B-4C8D-9612-9DABB8A8A8F3"}}],"bounds":{"lowerRight":{"x":1200,"y":1050},"upperLeft":{"x":0,"y":0}},"stencilset":{"url":"stencilsets/bpmn2.0/bpmn2.0.json","namespace":"http://b3mn.org/stencilset/bpmn2.0#"},"ssextensions":[]}