{"resourceId":7008,"properties":{"process_id":"StartProcessByAttachingFile","name":"StartProcessByAttachingFile","documentation":"","process_author":"","process_version":"","process_namespace":"http://www.activiti.org/processdef","executionlisteners":"","eventlisteners":"","signaldefinitions":"","messagedefinitions":"","executionvariables":"[{\"variableName\":\"instanceId\",\"variableType\":\"string\",\"$$hashKey\":\"uiGrid-001D\"},{\"variableName\":\"fullname\",\"variableType\":\"string\",\"$$hashKey\":\"uiGrid-001F\"},{\"variableName\":\"documentCreatedBy\",\"variableType\":\"string\",\"$$hashKey\":\"uiGrid-001H\"},{\"variableName\":\"documentCreatedOn\",\"variableType\":\"string\",\"$$hashKey\":\"uiGrid-001J\"}]","metadata":""},"stencil":{"id":"BPMNDiagram"},"childShapes":[{"resourceId":"startEvent1","properties":{"overrideid":"","name":"Start Process","documentation":"","executionlisteners":"","initiator":"","formkeydefinition":"","formreference":{"id":7009,"name":"File-attacher","referenceId":7008},"fieldstovariables":"","formproperties":""},"stencil":{"id":"StartNoneEvent"},"childShapes":[],"outgoing":[{"resourceId":"sid-ECD9D560-6469-4664-9034-5751933AE416"}],"bounds":{"lowerRight":{"x":195,"y":194},"upperLeft":{"x":165,"y":164}},"dockers":[]},{"resourceId":"sid-8952B2B9-9E94-4DBE-911B-29ED0946639C","properties":{"overrideid":"","name":"End Process","documentation":"","executionlisteners":""},"stencil":{"id":"EndNoneEvent"},"childShapes":[],"outgoing":[],"bounds":{"lowerRight":{"x":868,"y":193},"upperLeft":{"x":840,"y":165}},"dockers":[]},{"resourceId":"sid-B44FBAA2-1C4E-47F2-BA01-27B83928F70C","properties":{"overrideid":"gd-1","name":"Generate Cover Letter","documentation":"","generatedocumenttemplate":{"id":1006,"name":"Transmittal-Cover-Page-Document-Template.docx"},"generatedocumenttaskoutputformat":"word","executionvariable_document":{"variableName":"coverLetterT","variableType":"document"},"generatedocumentfilename":"${instanceId}-cover-letter","additionaldatasources_document":"","additionaldatasourcenames_document":""},"stencil":{"id":"GenerateDocumentTask"},"childShapes":[],"outgoing":[{"resourceId":"sid-272AD15C-7DA9-46FE-A02C-36BC93AFABB2"}],"bounds":{"lowerRight":{"x":520,"y":219},"upperLeft":{"x":420,"y":139}},"dockers":[]},{"resourceId":"sid-C9F31D2B-D558-4275-8D2D-E34ADDAAA0CE","properties":{"scriptformat":"groovy","scripttext":"def instanceId = execution.getProcessInstanceId();\nruntimeService.updateBusinessKey(execution.getProcessInstanceId(), 'GENERATE-COVER-LETTER' + execution.getProcessInstanceId());\n\nexecution.setVariable('instanceId', execution.getProcessInstanceId());\n\n\nexecution.setVariable('fullname', execution.getVariable('firstname')+' '+execution.getVariable('lastname'))","executionvariables":"","overrideid":"","name":"Initialise  Variables","documentation":"","asynchronousdefinition":"false","exclusivedefinition":"false","executionlisteners":"","multiinstance_type":"None","multiinstance_cardinality":"","multiinstance_collection":"","multiinstance_variable":"","multiinstance_condition":"","isforcompensation":"false"},"stencil":{"id":"ScriptTask"},"childShapes":[],"outgoing":[{"resourceId":"sid-2AA8E926-E15F-4B87-8386-27B6F6003C01"}],"bounds":{"lowerRight":{"x":340,"y":219},"upperLeft":{"x":240,"y":139}},"dockers":[]},{"resourceId":"sid-ECD9D560-6469-4664-9034-5751933AE416","properties":{"overrideid":"","name":"","documentation":"","conditionsequenceflow":"","executionlisteners":"","defaultflow":"false"},"stencil":{"id":"SequenceFlow"},"childShapes":[],"outgoing":[{"resourceId":"sid-C9F31D2B-D558-4275-8D2D-E34ADDAAA0CE"}],"bounds":{"lowerRight":{"x":239.15625,"y":179},"upperLeft":{"x":195.609375,"y":179}},"dockers":[{"x":15,"y":15},{"x":50,"y":40}],"target":{"resourceId":"sid-C9F31D2B-D558-4275-8D2D-E34ADDAAA0CE"}},{"resourceId":"sid-AC85123D-9557-47AA-A624-1F474AF3E32A","properties":{"scriptformat":"javascript","scripttext":"java.lang.System.out.println(\"***  Started - Merge document *** \");\n\ndocumentMergeBean.mergeDocuments('coverLetterT;file1;file2', 'coverLetterT', execution);\n\njava.lang.System.out.println(\"***  Finished - Merge document *** \");","executionvariables":"","overrideid":"","name":"Merge Docs","documentation":"","asynchronousdefinition":false,"exclusivedefinition":"false","executionlisteners":"","multiinstance_type":"None","multiinstance_cardinality":"","multiinstance_collection":"","multiinstance_variable":"","multiinstance_condition":"","isforcompensation":"false"},"stencil":{"id":"ScriptTask"},"childShapes":[],"outgoing":[{"resourceId":"sid-3D327899-769F-44B5-A8FC-49D757AE9866"}],"bounds":{"lowerRight":{"x":655,"y":219},"upperLeft":{"x":555,"y":139}},"dockers":[]},{"resourceId":"sid-008D6D0A-9CB3-4F6F-9112-334CFF11AF7A","properties":{"overrideid":"","name":"Upload  To ACS","documentation":"","alfresco_cloud_content":{"source":"field","field":"coverLetterT","documentAspects":[{"aspectName":"cm:titled"}],"documentType":"cmis:document"},"alfresco_cloud_destination":{"account":"alfresco-1-alfresco-1","site":"demo-respository","path":"ed508278-75ab-4d00-af55-cf94effe7a9f","path_title":"documentLibrary > Bert","site_title":"Demo Respository","publish_as_type":"process_initiator","folder":"firstname"}},"stencil":{"id":"PublishToAlfrescoCloudTask"},"childShapes":[],"outgoing":[{"resourceId":"sid-22F4A254-5809-4837-A256-AA0AC12C4E4F"}],"bounds":{"lowerRight":{"x":790.242193548,"y":219.0837419355},"upperLeft":{"x":690,"y":138.9162580645}},"dockers":[]},{"resourceId":"sid-22F4A254-5809-4837-A256-AA0AC12C4E4F","properties":{"overrideid":"","name":"","documentation":"","conditionsequenceflow":"","executionlisteners":"","defaultflow":"false"},"stencil":{"id":"SequenceFlow"},"childShapes":[],"outgoing":[{"resourceId":"sid-8952B2B9-9E94-4DBE-911B-29ED0946639C"}],"bounds":{"lowerRight":{"x":839.6690073273588,"y":179.04636869659876},"upperLeft":{"x":791.0112335997974,"y":179.01054965018642}},"dockers":[{"x":50.242193548000024,"y":40.167483871},{"x":14,"y":14}],"target":{"resourceId":"sid-8952B2B9-9E94-4DBE-911B-29ED0946639C"}},{"resourceId":"sid-272AD15C-7DA9-46FE-A02C-36BC93AFABB2","properties":{"overrideid":"","name":"","documentation":"","conditionsequenceflow":"","executionlisteners":"","defaultflow":"false"},"stencil":{"id":"SequenceFlow"},"childShapes":[],"outgoing":[{"resourceId":"sid-AC85123D-9557-47AA-A624-1F474AF3E32A"}],"bounds":{"lowerRight":{"x":554.4296875,"y":179},"upperLeft":{"x":520.5703125,"y":179}},"dockers":[{"x":50,"y":40},{"x":50,"y":40}],"target":{"resourceId":"sid-AC85123D-9557-47AA-A624-1F474AF3E32A"}},{"resourceId":"sid-3D327899-769F-44B5-A8FC-49D757AE9866","properties":{"overrideid":"","name":"","documentation":"","conditionsequenceflow":"","executionlisteners":"","defaultflow":"false"},"stencil":{"id":"SequenceFlow"},"childShapes":[],"outgoing":[{"resourceId":"sid-008D6D0A-9CB3-4F6F-9112-334CFF11AF7A"}],"bounds":{"lowerRight":{"x":689.5063190522969,"y":179},"upperLeft":{"x":655.6147777217031,"y":179}},"dockers":[{"x":50,"y":40},{"x":50.12109677400002,"y":40.0837419355}],"target":{"resourceId":"sid-008D6D0A-9CB3-4F6F-9112-334CFF11AF7A"}},{"resourceId":"sid-2AA8E926-E15F-4B87-8386-27B6F6003C01","properties":{"overrideid":"","name":"","documentation":"","conditionsequenceflow":"","executionlisteners":"","defaultflow":"false"},"stencil":{"id":"SequenceFlow"},"childShapes":[],"outgoing":[{"resourceId":"sid-B44FBAA2-1C4E-47F2-BA01-27B83928F70C"}],"bounds":{"lowerRight":{"x":419.78125,"y":179},"upperLeft":{"x":340.21875,"y":179}},"dockers":[{"x":50,"y":40},{"x":50,"y":40}],"target":{"resourceId":"sid-B44FBAA2-1C4E-47F2-BA01-27B83928F70C"}}],"bounds":{"lowerRight":{"x":1200,"y":1050},"upperLeft":{"x":0,"y":0}},"stencilset":{"url":"stencilsets/bpmn2.0/bpmn2.0.json","namespace":"http://b3mn.org/stencilset/bpmn2.0#"},"ssextensions":[]}