{"resourceId":6012,"properties":{"process_id":"StartProcessByAttachingFile","name":"StartProcessByAttachingFile","documentation":"","process_author":"","process_version":"","process_namespace":"http://www.activiti.org/processdef","executionlisteners":"{\"executionListeners\":[]}","eventlisteners":"{\"eventListeners\":[]}","signaldefinitions":"[]","messagedefinitions":"[]","executionvariables":"[{\"variableName\":\"instanceId\",\"variableType\":\"string\",\"$$hashKey\":\"uiGrid-000D\"},{\"variableName\":\"fullname\",\"variableType\":\"string\",\"$$hashKey\":\"uiGrid-000F\"},{\"variableName\":\"documentCreatedBy\",\"variableType\":\"string\",\"$$hashKey\":\"uiGrid-000H\"},{\"variableName\":\"documentCreatedOn\",\"variableType\":\"string\",\"$$hashKey\":\"uiGrid-000J\"},{\"variableName\":\"attachedFileNames\",\"variableType\":\"string\",\"$$hashKey\":\"uiGrid-0013\"}]","metadata":""},"stencil":{"id":"BPMNDiagram"},"childShapes":[{"resourceId":"startEvent1","properties":{"overrideid":"startEvent1","name":"Start Process","documentation":"","executionlisteners":{"executionListeners":[]},"initiator":"","formkeydefinition":"","formreference":{"id":6011,"name":"File-attacher"},"fieldstovariables":"","formproperties":"","asynchronousdefinition":false,"exclusivedefinition":false},"stencil":{"id":"StartNoneEvent"},"childShapes":[],"outgoing":[{"resourceId":"sid-ECD9D560-6469-4664-9034-5751933AE416"}],"bounds":{"lowerRight":{"x":75,"y":194},"upperLeft":{"x":45,"y":164}},"dockers":[]},{"resourceId":"sid-8952B2B9-9E94-4DBE-911B-29ED0946639C","properties":{"overrideid":"sid-8952B2B9-9E94-4DBE-911B-29ED0946639C","name":"End Process","documentation":"","executionlisteners":{"executionListeners":[]},"asynchronousdefinition":false,"exclusivedefinition":false},"stencil":{"id":"EndNoneEvent"},"childShapes":[],"outgoing":[],"bounds":{"lowerRight":{"x":1003,"y":193},"upperLeft":{"x":975,"y":165}},"dockers":[]},{"resourceId":"sid-B44FBAA2-1C4E-47F2-BA01-27B83928F70C","properties":{"overrideid":"gd-1","name":"Generate Cover Letter","documentation":"","generatedocumenttemplate":{"id":2006,"name":"Transmittal Cover Page - Test.docx"},"generatedocumenttaskoutputformat":"word","executionvariable_document":{"variableName":"coverLetterT","variableType":"document"},"generatedocumentfilename":"${instanceId}-cover-letter","executionlisteners":{"executionListeners":[]},"exclusivedefinition":true,"asynchronousdefinition":true,"isforcompensation":false},"stencil":{"id":"GenerateDocumentTask"},"childShapes":[],"outgoing":[{"resourceId":"sid-272AD15C-7DA9-46FE-A02C-36BC93AFABB2"}],"bounds":{"lowerRight":{"x":655,"y":219},"upperLeft":{"x":555,"y":139}},"dockers":[]},{"resourceId":"sid-C9F31D2B-D558-4275-8D2D-E34ADDAAA0CE","properties":{"scriptformat":"groovy","scripttext":"def instanceId = execution.getProcessInstanceId();\nruntimeService.updateBusinessKey(execution.getProcessInstanceId(), 'GENERATE-COVER-LETTER' + execution.getProcessInstanceId());\n\nexecution.setVariable('instanceId', execution.getProcessInstanceId());\n\n\nexecution.setVariable('fullname', execution.getVariable('firstname')+' '+execution.getVariable('lastname'));\n\nexecution.setVariable('testVariable', 'This is an awesome idea');\n","executionvariables":"","overrideid":"sid-C9F31D2B-D558-4275-8D2D-E34ADDAAA0CE","name":"Initialise  Variables","documentation":"","asynchronousdefinition":false,"exclusivedefinition":false,"executionlisteners":{"executionListeners":[]},"multiinstance_type":"None","multiinstance_cardinality":"","multiinstance_collection":"","multiinstance_variable":"","multiinstance_condition":"","isforcompensation":false},"stencil":{"id":"ScriptTask"},"childShapes":[],"outgoing":[{"resourceId":"sid-2AA8E926-E15F-4B87-8386-27B6F6003C01"}],"bounds":{"lowerRight":{"x":220,"y":219},"upperLeft":{"x":120,"y":139}},"dockers":[]},{"resourceId":"sid-ECD9D560-6469-4664-9034-5751933AE416","properties":{"overrideid":"sid-ECD9D560-6469-4664-9034-5751933AE416","name":"","documentation":"","conditionsequenceflow":"","executionlisteners":{"executionListeners":[]},"defaultflow":"false"},"stencil":{"id":"SequenceFlow"},"childShapes":[],"outgoing":[{"resourceId":"sid-C9F31D2B-D558-4275-8D2D-E34ADDAAA0CE"}],"bounds":{"lowerRight":{"x":119.15625,"y":179},"upperLeft":{"x":75.609375,"y":179}},"dockers":[{"x":15,"y":15},{"x":50,"y":40}],"target":{"resourceId":"sid-C9F31D2B-D558-4275-8D2D-E34ADDAAA0CE"}},{"resourceId":"sid-AC85123D-9557-47AA-A624-1F474AF3E32A","properties":{"scriptformat":"javascript","scripttext":"java.lang.System.out.println(\"***  Started - Merge document *** \");\n\ndocumentMergeBean.mergeDocuments('coverLetterT;file1;file2', 'coverLetterT', execution);\n\njava.lang.System.out.println(\"***  Finished - Merge document *** \");","executionvariables":"","overrideid":"sid-AC85123D-9557-47AA-A624-1F474AF3E32A","name":"Merge Docs","documentation":"","asynchronousdefinition":false,"exclusivedefinition":false,"executionlisteners":{"executionListeners":[]},"multiinstance_type":"None","multiinstance_cardinality":"","multiinstance_collection":"","multiinstance_variable":"","multiinstance_condition":"","isforcompensation":false},"stencil":{"id":"ScriptTask"},"childShapes":[],"outgoing":[{"resourceId":"sid-3D327899-769F-44B5-A8FC-49D757AE9866"}],"bounds":{"lowerRight":{"x":790,"y":219},"upperLeft":{"x":690,"y":139}},"dockers":[]},{"resourceId":"sid-008D6D0A-9CB3-4F6F-9112-334CFF11AF7A","properties":{"overrideid":"sid-008D6D0A-9CB3-4F6F-9112-334CFF11AF7A","name":"Upload  To ACS","documentation":"","alfresco_cloud_content":{"source":"field","documentType":"cmis:document","documentAspects":[{"aspectName":"cm:titled"}],"field":"coverLetterT"},"alfresco_cloud_destination":{"account":"alfresco-1-alfresco-1","site":"demo-respository","publish_as_type":"process_initiator","path":"ed508278-75ab-4d00-af55-cf94effe7a9f","folder":"firstname","path_title":"documentLibrary > Bert","site_title":"Demo Respository","publish-task-type":"alfresco"},"isforcompensation":false,"executionlisteners":{"executionListeners":[]},"exclusivedefinition":true,"asynchronousdefinition":true},"stencil":{"id":"PublishToAlfrescoCloudTask"},"childShapes":[],"outgoing":[{"resourceId":"sid-22F4A254-5809-4837-A256-AA0AC12C4E4F"}],"bounds":{"lowerRight":{"x":925.242193548,"y":219.0837419355},"upperLeft":{"x":825,"y":138.9162580645}},"dockers":[]},{"resourceId":"sid-22F4A254-5809-4837-A256-AA0AC12C4E4F","properties":{"overrideid":"sid-22F4A254-5809-4837-A256-AA0AC12C4E4F","name":"","documentation":"","conditionsequenceflow":"","executionlisteners":{"executionListeners":[]},"defaultflow":"false"},"stencil":{"id":"SequenceFlow"},"childShapes":[],"outgoing":[{"resourceId":"sid-8952B2B9-9E94-4DBE-911B-29ED0946639C"}],"bounds":{"lowerRight":{"x":974.6548160282032,"y":179},"upperLeft":{"x":925.943116935375,"y":179}},"dockers":[{"x":50.12109677400002,"y":40.0837419355},{"x":14,"y":14}],"target":{"resourceId":"sid-8952B2B9-9E94-4DBE-911B-29ED0946639C"}},{"resourceId":"sid-272AD15C-7DA9-46FE-A02C-36BC93AFABB2","properties":{"overrideid":"sid-272AD15C-7DA9-46FE-A02C-36BC93AFABB2","name":"","documentation":"","conditionsequenceflow":"","executionlisteners":{"executionListeners":[]},"defaultflow":"false"},"stencil":{"id":"SequenceFlow"},"childShapes":[],"outgoing":[{"resourceId":"sid-AC85123D-9557-47AA-A624-1F474AF3E32A"}],"bounds":{"lowerRight":{"x":689.4296875,"y":179},"upperLeft":{"x":655.5703125,"y":179}},"dockers":[{"x":50,"y":40},{"x":50,"y":40}],"target":{"resourceId":"sid-AC85123D-9557-47AA-A624-1F474AF3E32A"}},{"resourceId":"sid-3D327899-769F-44B5-A8FC-49D757AE9866","properties":{"overrideid":"sid-3D327899-769F-44B5-A8FC-49D757AE9866","name":"","documentation":"","conditionsequenceflow":"","executionlisteners":{"executionListeners":[]},"defaultflow":"false"},"stencil":{"id":"SequenceFlow"},"childShapes":[],"outgoing":[{"resourceId":"sid-008D6D0A-9CB3-4F6F-9112-334CFF11AF7A"}],"bounds":{"lowerRight":{"x":824.5063190522969,"y":179},"upperLeft":{"x":790.6147777217031,"y":179}},"dockers":[{"x":50,"y":40},{"x":50.12109677400002,"y":40.0837419355}],"target":{"resourceId":"sid-008D6D0A-9CB3-4F6F-9112-334CFF11AF7A"}},{"resourceId":"sid-C4A378D0-0E5D-4A41-AF2E-CED2C0B4D1E6","properties":{"overrideid":"sid-C4A378D0-0E5D-4A41-AF2E-CED2C0B4D1E6","name":"Get Contents","documentation":"","restcalltask_endpoint":{"http_method":"GET","endpoint_config":{"id":1001,"tenantId":1,"name":"APS REST","protocol":"HTTP","host":"34.238.135.144","port":"9090","path":"/activiti-app/api/enterprise/","basicAuthId":1,"basicAuthName":"ACS API","requestHeaders":null},"rest_url":"process-instances/${instanceId}/content"},"restcalltask_request_mapping":[],"restcalltask_response_mapping":[{"jsonPropertyName":"data","processVariableName":"attachedFiles","processVariableType":"string","$$hashKey":"uiGrid-000Z"}],"restcalltask_request_headers":[{"name":"Accept","value":"application/json"}],"executionlisteners":{"executionListeners":[]},"exclusivedefinition":true,"asynchronousdefinition":true,"servicetaskfields":{"fields":[{"name":"baseEndpoint","stringValue":"1001"},{"name":"baseEndpointName","stringValue":"APS REST"},{"name":"restUrl","stringValue":"process-instances/${instanceId}/content"},{"name":"httpMethod","stringValue":"GET"}]},"isforcompensation":false},"stencil":{"id":"RestCallTask"},"childShapes":[],"outgoing":[{"resourceId":"sid-083094E9-22C6-4556-BAAB-1D3536E70E42"}],"bounds":{"lowerRight":{"x":355,"y":219},"upperLeft":{"x":255,"y":139}},"dockers":[]},{"resourceId":"sid-2AA8E926-E15F-4B87-8386-27B6F6003C01","properties":{"overrideid":"sid-2AA8E926-E15F-4B87-8386-27B6F6003C01","name":"","documentation":"","conditionsequenceflow":"","executionlisteners":{"executionListeners":[]},"defaultflow":"false"},"stencil":{"id":"SequenceFlow"},"childShapes":[],"outgoing":[{"resourceId":"sid-C4A378D0-0E5D-4A41-AF2E-CED2C0B4D1E6"}],"bounds":{"lowerRight":{"x":254.4296875,"y":179},"upperLeft":{"x":220.5703125,"y":179}},"dockers":[{"x":50,"y":40},{"x":50,"y":40}],"target":{"resourceId":"sid-C4A378D0-0E5D-4A41-AF2E-CED2C0B4D1E6"}},{"resourceId":"sid-5BE81736-6690-40B5-95D9-ACFBC3F420CD","properties":{"scriptformat":"groovy","scripttext":"import groovy.json.JsonSlurper;\n\ndef jsonSlurper = new JsonSlurper();\ndef attachedFileList = jsonSlurper.parseText(execution.getVariable('attachedFiles'));\ndef attachedFileNames = attachedFileList.findAll().collect{it.name};\n\n\nexecution.setVariable('attachedFileNames', attachedFileNames);","executionvariables":"","overrideid":"","name":"Extract Doc Info","documentation":"","asynchronousdefinition":"false","exclusivedefinition":"false","executionlisteners":"","multiinstance_type":"None","multiinstance_cardinality":"","multiinstance_collection":"","multiinstance_variable":"","multiinstance_condition":"","isforcompensation":"false"},"stencil":{"id":"ScriptTask"},"childShapes":[],"outgoing":[{"resourceId":"sid-E2FA9447-4B65-49D7-A8C3-D35FF20A2E9E"}],"bounds":{"lowerRight":{"x":505,"y":219},"upperLeft":{"x":405,"y":139}},"dockers":[]},{"resourceId":"sid-083094E9-22C6-4556-BAAB-1D3536E70E42","properties":{"overrideid":"sid-083094E9-22C6-4556-BAAB-1D3536E70E42","name":"","documentation":"","conditionsequenceflow":"","executionlisteners":{"executionListeners":[]},"defaultflow":"false","showdiamondmarker":false},"stencil":{"id":"SequenceFlow"},"childShapes":[],"outgoing":[{"resourceId":"sid-5BE81736-6690-40B5-95D9-ACFBC3F420CD"}],"bounds":{"lowerRight":{"x":405,"y":179},"upperLeft":{"x":355.7109375,"y":179}},"dockers":[{"x":50,"y":40},{"x":1,"y":40}],"target":{"resourceId":"sid-5BE81736-6690-40B5-95D9-ACFBC3F420CD"}},{"resourceId":"sid-E2FA9447-4B65-49D7-A8C3-D35FF20A2E9E","properties":{"overrideid":"","name":"","documentation":"","conditionsequenceflow":"","executionlisteners":"","defaultflow":"false","showdiamondmarker":false},"stencil":{"id":"SequenceFlow"},"childShapes":[],"outgoing":[{"resourceId":"sid-B44FBAA2-1C4E-47F2-BA01-27B83928F70C"}],"bounds":{"lowerRight":{"x":555,"y":179},"upperLeft":{"x":505.7109375,"y":179}},"dockers":[{"x":50,"y":40},{"x":1,"y":40}],"target":{"resourceId":"sid-B44FBAA2-1C4E-47F2-BA01-27B83928F70C"}}],"bounds":{"lowerRight":{"x":1200,"y":1050},"upperLeft":{"x":0,"y":0}},"stencilset":{"url":"stencilsets/bpmn2.0/bpmn2.0.json","namespace":"http://b3mn.org/stencilset/bpmn2.0#"},"ssextensions":[]}