<?xml version='1.0' encoding='UTF-8'?>
<definitions xmlns="http://www.omg.org/spec/BPMN/20100524/MODEL" xmlns:xsi="http://www.w3.org/2001/XMLSchema-instance" xmlns:xsd="http://www.w3.org/2001/XMLSchema" xmlns:activiti="http://activiti.org/bpmn" xmlns:bpmndi="http://www.omg.org/spec/BPMN/20100524/DI" xmlns:omgdc="http://www.omg.org/spec/DD/20100524/DC" xmlns:omgdi="http://www.omg.org/spec/DD/20100524/DI" typeLanguage="http://www.w3.org/2001/XMLSchema" expressionLanguage="http://www.w3.org/1999/XPath" targetNamespace="http://www.activiti.org/processdef" xmlns:modeler="http://activiti.com/modeler" modeler:version="1.0en" modeler:exportDateTime="20180928174203781" modeler:modelId="7008" modeler:modelVersion="21" modeler:modelLastUpdated="1538156407899">
  <process id="StartProcessByAttachingFile" name="StartProcessByAttachingFile" isExecutable="true">
    <extensionElements>
      <modeler:executionvariables xmlns:modeler="http://activiti.com/modeler" modeler:variableName="instanceId" modeler:variableType="string"/>
      <modeler:executionvariables xmlns:modeler="http://activiti.com/modeler" modeler:variableName="fullname" modeler:variableType="string"/>
      <modeler:executionvariables xmlns:modeler="http://activiti.com/modeler" modeler:variableName="documentCreatedBy" modeler:variableType="string"/>
      <modeler:executionvariables xmlns:modeler="http://activiti.com/modeler" modeler:variableName="documentCreatedOn" modeler:variableType="string"/>
    </extensionElements>
    <startEvent id="startEvent1" name="Start Process" activiti:formKey="7009">
      <extensionElements>
        <modeler:form-reference-id><![CDATA[7009]]></modeler:form-reference-id>
        <modeler:form-reference-name><![CDATA[File-attacher]]></modeler:form-reference-name>
        <modeler:editor-resource-id><![CDATA[startEvent1]]></modeler:editor-resource-id>
      </extensionElements>
    </startEvent>
    <endEvent id="sid-8952B2B9-9E94-4DBE-911B-29ED0946639C" name="End Process">
      <extensionElements>
        <modeler:editor-resource-id><![CDATA[sid-8952B2B9-9E94-4DBE-911B-29ED0946639C]]></modeler:editor-resource-id>
      </extensionElements>
    </endEvent>
    <serviceTask id="gd-1" name="Generate Cover Letter" activiti:async="true" activiti:delegateExpression="${activiti_generateDocumentDelegate}">
      <extensionElements>
        <activiti:field name="outputFormat">
          <activiti:string><![CDATA[word]]></activiti:string>
        </activiti:field>
        <activiti:field name="templateId">
          <activiti:string><![CDATA[1006]]></activiti:string>
        </activiti:field>
        <activiti:field name="templateName">
          <activiti:string><![CDATA[Transmittal-Cover-Page-Document-Template.docx]]></activiti:string>
        </activiti:field>
        <activiti:field name="fileName">
          <activiti:expression><![CDATA[${instanceId}-cover-letter]]></activiti:expression>
        </activiti:field>
        <activiti:field name="variableName">
          <activiti:string><![CDATA[coverLetterT]]></activiti:string>
        </activiti:field>
        <modeler:executionvariables modeler:variableName="coverLetterT" modeler:variableType="document"/>
        <modeler:editor-resource-id><![CDATA[sid-B44FBAA2-1C4E-47F2-BA01-27B83928F70C]]></modeler:editor-resource-id>
      </extensionElements>
    </serviceTask>
    <scriptTask id="sid-C9F31D2B-D558-4275-8D2D-E34ADDAAA0CE" name="Initialise  Variables" activiti:async="true" activiti:exclusive="false" scriptFormat="groovy" activiti:autoStoreVariables="false">
      <extensionElements>
        <activiti:executionListener event="start" class="com.activiti.runtime.activiti.ContentProcessorExecutionListener">
          <activiti:field name="externalContentHandler">
            <activiti:expression><![CDATA[${externalContentHandler}]]></activiti:expression>
          </activiti:field>
        </activiti:executionListener>
        <modeler:editor-resource-id><![CDATA[sid-C9F31D2B-D558-4275-8D2D-E34ADDAAA0CE]]></modeler:editor-resource-id>
        <modeler:ignore-listener-on-import><![CDATA[com.activiti.runtime.activiti.ContentProcessorExecutionListener]]></modeler:ignore-listener-on-import>
      </extensionElements>
      <script><![CDATA[def instanceId = execution.getProcessInstanceId();
runtimeService.updateBusinessKey(execution.getProcessInstanceId(), 'GENERATE-COVER-LETTER' + execution.getProcessInstanceId());

execution.setVariable('instanceId', execution.getProcessInstanceId());


execution.setVariable('fullname', execution.getVariable('firstname')+' '+execution.getVariable('lastname'))]]></script>
    </scriptTask>
    <sequenceFlow id="sid-ECD9D560-6469-4664-9034-5751933AE416" sourceRef="startEvent1" targetRef="sid-C9F31D2B-D558-4275-8D2D-E34ADDAAA0CE">
      <extensionElements>
        <modeler:editor-resource-id><![CDATA[sid-ECD9D560-6469-4664-9034-5751933AE416]]></modeler:editor-resource-id>
      </extensionElements>
    </sequenceFlow>
    <scriptTask id="sid-AC85123D-9557-47AA-A624-1F474AF3E32A" name="Merge Docs" scriptFormat="javascript" activiti:autoStoreVariables="false">
      <extensionElements>
        <modeler:editor-resource-id><![CDATA[sid-AC85123D-9557-47AA-A624-1F474AF3E32A]]></modeler:editor-resource-id>
      </extensionElements>
      <script><![CDATA[java.lang.System.out.println("***  Started - Merge document *** ");

documentMergeBean.mergeDocuments('coverLetterT;file1;file2', 'coverLetterT', execution);

java.lang.System.out.println("***  Finished - Merge document *** ");]]></script>
    </scriptTask>
    <serviceTask id="sid-008D6D0A-9CB3-4F6F-9112-334CFF11AF7A" name="Upload  To ACS" activiti:async="true" activiti:delegateExpression="${activiti_publishAlfrescoDelegate}">
      <extensionElements>
        <activiti:field name="contentSource">
          <activiti:string><![CDATA[field]]></activiti:string>
        </activiti:field>
        <activiti:field name="documentType">
          <activiti:string><![CDATA[cmis:document]]></activiti:string>
        </activiti:field>
        <activiti:field name="documentAspects">
          <activiti:string><![CDATA[[{"aspectName":"cm:titled"}]]]></activiti:string>
        </activiti:field>
        <activiti:field name="account">
          <activiti:string><![CDATA[alfresco-1-alfresco-1]]></activiti:string>
        </activiti:field>
        <activiti:field name="site">
          <activiti:string><![CDATA[demo-respository]]></activiti:string>
        </activiti:field>
        <activiti:field name="publishAsType">
          <activiti:string><![CDATA[process_initiator]]></activiti:string>
        </activiti:field>
        <activiti:field name="path">
          <activiti:string><![CDATA[ed508278-75ab-4d00-af55-cf94effe7a9f]]></activiti:string>
        </activiti:field>
        <activiti:field name="createFolder">
          <activiti:expression><![CDATA[${firstname}]]></activiti:expression>
        </activiti:field>
        <activiti:field name="contentContainer">
          <activiti:string><![CDATA[coverLetterT]]></activiti:string>
        </activiti:field>
        <modeler:publish-task-type><![CDATA[alfresco]]></modeler:publish-task-type>
        <modeler:site_title><![CDATA[Demo Respository]]></modeler:site_title>
        <modeler:path_title><![CDATA[documentLibrary > Bert]]></modeler:path_title>
        <modeler:editor-resource-id><![CDATA[sid-008D6D0A-9CB3-4F6F-9112-334CFF11AF7A]]></modeler:editor-resource-id>
      </extensionElements>
    </serviceTask>
    <sequenceFlow id="sid-22F4A254-5809-4837-A256-AA0AC12C4E4F" sourceRef="sid-008D6D0A-9CB3-4F6F-9112-334CFF11AF7A" targetRef="sid-8952B2B9-9E94-4DBE-911B-29ED0946639C">
      <extensionElements>
        <modeler:editor-resource-id><![CDATA[sid-22F4A254-5809-4837-A256-AA0AC12C4E4F]]></modeler:editor-resource-id>
      </extensionElements>
    </sequenceFlow>
    <sequenceFlow id="sid-272AD15C-7DA9-46FE-A02C-36BC93AFABB2" sourceRef="gd-1" targetRef="sid-AC85123D-9557-47AA-A624-1F474AF3E32A">
      <extensionElements>
        <modeler:editor-resource-id><![CDATA[sid-272AD15C-7DA9-46FE-A02C-36BC93AFABB2]]></modeler:editor-resource-id>
      </extensionElements>
    </sequenceFlow>
    <sequenceFlow id="sid-3D327899-769F-44B5-A8FC-49D757AE9866" sourceRef="sid-AC85123D-9557-47AA-A624-1F474AF3E32A" targetRef="sid-008D6D0A-9CB3-4F6F-9112-334CFF11AF7A">
      <extensionElements>
        <modeler:editor-resource-id><![CDATA[sid-3D327899-769F-44B5-A8FC-49D757AE9866]]></modeler:editor-resource-id>
      </extensionElements>
    </sequenceFlow>
    <sequenceFlow id="sid-2AA8E926-E15F-4B87-8386-27B6F6003C01" sourceRef="sid-C9F31D2B-D558-4275-8D2D-E34ADDAAA0CE" targetRef="gd-1">
      <extensionElements>
        <modeler:editor-resource-id><![CDATA[sid-2AA8E926-E15F-4B87-8386-27B6F6003C01]]></modeler:editor-resource-id>
      </extensionElements>
    </sequenceFlow>
  </process>
  <bpmndi:BPMNDiagram id="BPMNDiagram_StartProcessByAttachingFile">
    <bpmndi:BPMNPlane bpmnElement="StartProcessByAttachingFile" id="BPMNPlane_StartProcessByAttachingFile">
      <bpmndi:BPMNShape bpmnElement="startEvent1" id="BPMNShape_startEvent1">
        <omgdc:Bounds height="30.0" width="30.0" x="165.0" y="164.0"/>
      </bpmndi:BPMNShape>
      <bpmndi:BPMNShape bpmnElement="sid-8952B2B9-9E94-4DBE-911B-29ED0946639C" id="BPMNShape_sid-8952B2B9-9E94-4DBE-911B-29ED0946639C">
        <omgdc:Bounds height="28.0" width="28.0" x="840.0" y="165.0"/>
      </bpmndi:BPMNShape>
      <bpmndi:BPMNShape bpmnElement="gd-1" id="BPMNShape_gd-1">
        <omgdc:Bounds height="80.0" width="100.0" x="420.0" y="139.0"/>
      </bpmndi:BPMNShape>
      <bpmndi:BPMNShape bpmnElement="sid-C9F31D2B-D558-4275-8D2D-E34ADDAAA0CE" id="BPMNShape_sid-C9F31D2B-D558-4275-8D2D-E34ADDAAA0CE">
        <omgdc:Bounds height="80.0" width="100.0" x="240.0" y="139.0"/>
      </bpmndi:BPMNShape>
      <bpmndi:BPMNShape bpmnElement="sid-AC85123D-9557-47AA-A624-1F474AF3E32A" id="BPMNShape_sid-AC85123D-9557-47AA-A624-1F474AF3E32A">
        <omgdc:Bounds height="80.0" width="100.0" x="555.0" y="139.0"/>
      </bpmndi:BPMNShape>
      <bpmndi:BPMNShape bpmnElement="sid-008D6D0A-9CB3-4F6F-9112-334CFF11AF7A" id="BPMNShape_sid-008D6D0A-9CB3-4F6F-9112-334CFF11AF7A">
        <omgdc:Bounds height="80.167483871" width="100.24219354800005" x="690.0" y="138.9162580645"/>
      </bpmndi:BPMNShape>
      <bpmndi:BPMNEdge bpmnElement="sid-ECD9D560-6469-4664-9034-5751933AE416" id="BPMNEdge_sid-ECD9D560-6469-4664-9034-5751933AE416">
        <omgdi:waypoint x="195.0" y="179.0"/>
        <omgdi:waypoint x="240.0" y="179.0"/>
      </bpmndi:BPMNEdge>
      <bpmndi:BPMNEdge bpmnElement="sid-272AD15C-7DA9-46FE-A02C-36BC93AFABB2" id="BPMNEdge_sid-272AD15C-7DA9-46FE-A02C-36BC93AFABB2">
        <omgdi:waypoint x="520.0" y="179.0"/>
        <omgdi:waypoint x="555.0" y="179.0"/>
      </bpmndi:BPMNEdge>
      <bpmndi:BPMNEdge bpmnElement="sid-3D327899-769F-44B5-A8FC-49D757AE9866" id="BPMNEdge_sid-3D327899-769F-44B5-A8FC-49D757AE9866">
        <omgdi:waypoint x="655.0" y="179.0"/>
        <omgdi:waypoint x="690.0" y="179.0"/>
      </bpmndi:BPMNEdge>
      <bpmndi:BPMNEdge bpmnElement="sid-22F4A254-5809-4837-A256-AA0AC12C4E4F" id="BPMNEdge_sid-22F4A254-5809-4837-A256-AA0AC12C4E4F">
        <omgdi:waypoint x="790.242193548" y="179.04693481952623"/>
        <omgdi:waypoint x="840.0000037933371" y="179.01030598968023"/>
      </bpmndi:BPMNEdge>
      <bpmndi:BPMNEdge bpmnElement="sid-2AA8E926-E15F-4B87-8386-27B6F6003C01" id="BPMNEdge_sid-2AA8E926-E15F-4B87-8386-27B6F6003C01">
        <omgdi:waypoint x="340.0" y="179.0"/>
        <omgdi:waypoint x="420.0" y="179.0"/>
      </bpmndi:BPMNEdge>
    </bpmndi:BPMNPlane>
  </bpmndi:BPMNDiagram>
</definitions>