<?xml version='1.0' encoding='UTF-8'?>
<bpmn2:definitions xmlns="http://www.omg.org/spec/BPMN/20100524/MODEL" xmlns:bpmn2="http://www.omg.org/spec/BPMN/20100524/MODEL" xmlns:xsi="http://www.w3.org/2001/XMLSchema-instance" xmlns:xsd="http://www.w3.org/2001/XMLSchema" xmlns:activiti="http://activiti.org/bpmn" xmlns:bpmndi="http://www.omg.org/spec/BPMN/20100524/DI" xmlns:omgdc="http://www.omg.org/spec/DD/20100524/DC" xmlns:omgdi="http://www.omg.org/spec/DD/20100524/DI" typeLanguage="http://www.w3.org/2001/XMLSchema" expressionLanguage="http://www.w3.org/1999/XPath" targetNamespace="http://www.activiti.org/processdef" xmlns:modeler="http://activiti.com/modeler" modeler:version="1.0en" modeler:exportDateTime="20220328020156965" modeler:modelId="94" modeler:modelVersion="54" modeler:modelLastUpdated="1648423254882">
  <bpmn2:process id="DocGenProcess" name="Doc Gen Process" isExecutable="true">
    <extensionElements>
      <modeler:executionvariables xmlns:modeler="http://activiti.com/modeler" modeler:variableName="generatedDocId" modeler:variableType="string"/>
      <modeler:executionvariables xmlns:modeler="http://activiti.com/modeler" modeler:variableName="selectedTemplateName" modeler:variableType="string"/>
    </extensionElements>
    <bpmn2:startEvent id="startEvent1" name="Start">
      <extensionElements>
        <modeler:editor-resource-id><![CDATA[startEvent1]]></modeler:editor-resource-id>
      </extensionElements>
      <bpmn2:outgoing>sid-7DE3A108-EFD6-416C-9CC4-FBE9B6A5BCD5</bpmn2:outgoing>
    </bpmn2:startEvent>
    <bpmn2:userTask id="sid-578E489F-FE19-45D0-BBFA-BF03103C4743" name="Display Generated Document" activiti:assignee="$INITIATOR" activiti:formKey="96">
      <extensionElements>
        <modeler:allow-send-email><![CDATA[true]]></modeler:allow-send-email>
        <modeler:form-reference-id><![CDATA[96]]></modeler:form-reference-id>
        <modeler:form-reference-name><![CDATA[Second Form]]></modeler:form-reference-name>
        <modeler:activiti-idm-initiator><![CDATA[true]]></modeler:activiti-idm-initiator>
        <modeler:editor-resource-id><![CDATA[sid-578E489F-FE19-45D0-BBFA-BF03103C4743]]></modeler:editor-resource-id>
      </extensionElements>
      <bpmn2:incoming>sid-EB5C1488-21DF-45FC-99F8-E97EE92FE4BF</bpmn2:incoming>
      <bpmn2:outgoing>sid-B25F8A94-B21A-4204-BE13-BC780510411F</bpmn2:outgoing>
    </bpmn2:userTask>
    <bpmn2:sequenceFlow id="sid-EB5C1488-21DF-45FC-99F8-E97EE92FE4BF" sourceRef="sid-7F9EA9C5-B071-4C0D-A1C4-DE4E32307ECA" targetRef="sid-578E489F-FE19-45D0-BBFA-BF03103C4743">
      <extensionElements>
        <modeler:editor-resource-id><![CDATA[sid-EB5C1488-21DF-45FC-99F8-E97EE92FE4BF]]></modeler:editor-resource-id>
      </extensionElements>
    </bpmn2:sequenceFlow>
    <bpmn2:endEvent id="sid-3F0FCE56-52D4-4542-86A7-939DAE3018F7" name="End">
      <extensionElements>
        <modeler:editor-resource-id><![CDATA[sid-3F0FCE56-52D4-4542-86A7-939DAE3018F7]]></modeler:editor-resource-id>
      </extensionElements>
      <bpmn2:incoming>sid-B25F8A94-B21A-4204-BE13-BC780510411F</bpmn2:incoming>
    </bpmn2:endEvent>
    <bpmn2:scriptTask id="sid-7F9EA9C5-B071-4C0D-A1C4-DE4E32307ECA" name="Get Template  By Id and Generate Document" activiti:async="true" activiti:exclusive="false" scriptFormat="groovy" activiti:autoStoreVariables="false">
      <extensionElements>
        <activiti:executionListener event="start" class="com.activiti.runtime.activiti.ContentProcessorExecutionListener">
          <activiti:field name="externalContentHandler">
            <activiti:expression><![CDATA[${externalContentHandler}]]></activiti:expression>
          </activiti:field>
        </activiti:executionListener>
        <modeler:editor-resource-id><![CDATA[sid-7F9EA9C5-B071-4C0D-A1C4-DE4E32307ECA]]></modeler:editor-resource-id>
        <modeler:ignore-listener-on-import><![CDATA[com.activiti.runtime.activiti.ContentProcessorExecutionListener]]></modeler:ignore-listener-on-import>
      </extensionElements>
      <bpmn2:incoming>sid-B9D86518-BFE3-4493-8D74-F8408CFC59F4</bpmn2:incoming>
      <bpmn2:outgoing>sid-EB5C1488-21DF-45FC-99F8-E97EE92FE4BF</bpmn2:outgoing>
      <script><![CDATA[import com.aspose.words.*

import java.io.ByteArrayInputStream;
import java.io.ByteArrayOutputStream;

import org.activiti.engine.delegate.DelegateExecution;
import com.activiti.service.api.UserService;
import com.activiti.service.runtime.RelatedContentService;
import com.activiti.service.runtime.DocumentTemplateService;
import com.activiti.domain.idm.User;
import com.activiti.domain.runtime.RelatedContent;
import com.activiti.domain.runtime.RuntimeDocumentTemplate;
import com.activiti.runtime.activiti.bean.docgen.ActivitiVariablesDataRecord;
import com.activiti.runtime.activiti.bean.docgen.GenerateDocumentBean;
import com.activiti.security.SecurityUtils;

import org.apache.http.client.methods.HttpGet;
import org.apache.http.client.methods.HttpPost;
import org.apache.http.impl.client.DefaultHttpClient;
import org.apache.http.HttpResponse;

import java.nio.charset.StandardCharsets;

var generateWordDocument = false; // true for .DOCX, false for .PDF
var outputFileName = "generated-document";
var variableName = "generateddocumentvar";

// var templateName = "Hello-Template.docx"; //This has to be changed to match your template-name
var templateName = execution.getVariable("selectedTemplateName");
var tenantId = 1; //This has to be changed to match your tenant-id

var templateObj = documentTemplateService.findDocumentTemplate(tenantId, templateName);
var templateId = templateObj.id;

// println ("templateObj ID  ---------------->"+templateId);
// println ("templateObj Name  ---------------->"+templateObj.name);


User user = userService.findActiveUserByEmail("demo@example.com");
// User user = SecurityUtils.getCurrentUserObject();
println("user.id --> "+user.id);

RuntimeDocumentTemplate runtimeDocumentTemplate = runtimeDocumentTemplateService.createRuntimeDocumentTemplate(templateId, user, execution.getProcessInstanceId());
runtimeDocumentTemplate = runtimeDocumentTemplateService.save(runtimeDocumentTemplate);

println ("runtimeDocumentTemplate ID  ---------------->"+runtimeDocumentTemplate.id);
println ("runtimeDocumentTemplate Name  ---------------->"+runtimeDocumentTemplate.name);
println ("*** runtimeDocumentTemplate ID  ---------------->"+ runtimeDocumentTemplateService.findById(runtimeDocumentTemplate.id).id);

ActivitiVariablesDataRecord variablesDataRecord = new ActivitiVariablesDataRecord(execution, runtimeDocumentTemplate, null, null);

Document doc = createDocument(variablesDataRecord, runtimeDocumentTemplateService.getContent(runtimeDocumentTemplate));

File tempFile = File.createTempFile("activiti-generated-document", generateWordDocument ? ".docx" : ".pdf");

FileOutputStream outputStream = new FileOutputStream(tempFile);
doc.save(outputStream, generateWordDocument ? SaveFormat.DOCX : SaveFormat.PDF);
outputStream.flush();
outputStream.close();
        
// Store related content
RelatedContent relatedContent = null;
if (generateWordDocument) {
    relatedContent = storeAsRelatedContent(execution, outputFileName + ".docx", "application/vnd.openxmlformats-officedocument.wordprocessingml.document", variableName, new FileInputStream(tempFile));
} else {
    relatedContent = storeAsRelatedContent(execution, outputFileName + ".pdf", "application/pdf", variableName, new FileInputStream(tempFile));
}

// Store execution variable
if (relatedContent != null) {
    execution.setVariable("generatedDocId", relatedContent.getId());
}

// delete temp file
tempFile.delete();


Document createDocument(ActivitiVariablesDataRecord variablesDataRecord, InputStream inputStream) throws Exception {
	// Open an template document.
	Document doc = new Document(inputStream);
	doc.getMailMerge().setUseNonMergeFields(true);

	ReportingEngine.setUseReflectionOptimization(false);
	ReportingEngine engine = new ReportingEngine();
	engine.buildReport(doc, variablesDataRecord);
	
	return doc;
}


RelatedContent storeAsRelatedContent(DelegateExecution execution, String outputFileName, String mimeType, String fieldName, InputStream inputStream) {

    final RelatedContent relatedContent = relatedContentService.createRelatedContent(SecurityUtils.getCurrentUserObject(), 
    		outputFileName, null, null, null, execution.getProcessInstanceId(), fieldName, mimeType, inputStream, null);

    if (inputStream != null) {
        try {
            inputStream.close();
        } catch (IOException e) { }
    }

    return relatedContent;
}]]></script>
    </bpmn2:scriptTask>
    <bpmn2:sequenceFlow id="sid-B25F8A94-B21A-4204-BE13-BC780510411F" sourceRef="sid-578E489F-FE19-45D0-BBFA-BF03103C4743" targetRef="sid-3F0FCE56-52D4-4542-86A7-939DAE3018F7">
      <extensionElements>
        <modeler:editor-resource-id><![CDATA[sid-B25F8A94-B21A-4204-BE13-BC780510411F]]></modeler:editor-resource-id>
      </extensionElements>
    </bpmn2:sequenceFlow>
    <bpmn2:sequenceFlow id="sid-7DE3A108-EFD6-416C-9CC4-FBE9B6A5BCD5" sourceRef="startEvent1" targetRef="sid-EDB82AE1-78D4-44C0-9072-C130A562047E">
      <extensionElements>
        <modeler:editor-resource-id><![CDATA[sid-7DE3A108-EFD6-416C-9CC4-FBE9B6A5BCD5]]></modeler:editor-resource-id>
      </extensionElements>
    </bpmn2:sequenceFlow>
    <bpmn2:userTask id="sid-AE9A551D-8E41-4241-89FB-CEEA99F9BE45" name="Enter Data" activiti:assignee="$INITIATOR" activiti:formKey="95">
      <extensionElements>
        <modeler:allow-send-email><![CDATA[true]]></modeler:allow-send-email>
        <modeler:form-reference-id><![CDATA[95]]></modeler:form-reference-id>
        <modeler:form-reference-name><![CDATA[Get Data]]></modeler:form-reference-name>
        <modeler:activiti-idm-initiator><![CDATA[true]]></modeler:activiti-idm-initiator>
        <modeler:editor-resource-id><![CDATA[sid-AE9A551D-8E41-4241-89FB-CEEA99F9BE45]]></modeler:editor-resource-id>
      </extensionElements>
      <bpmn2:incoming>sid-C023D1C6-6524-4189-A2BE-FA5914CFDB75</bpmn2:incoming>
      <bpmn2:outgoing>sid-B9D86518-BFE3-4493-8D74-F8408CFC59F4</bpmn2:outgoing>
    </bpmn2:userTask>
    <bpmn2:sequenceFlow id="sid-C023D1C6-6524-4189-A2BE-FA5914CFDB75" sourceRef="sid-EDB82AE1-78D4-44C0-9072-C130A562047E" targetRef="sid-AE9A551D-8E41-4241-89FB-CEEA99F9BE45">
      <extensionElements>
        <modeler:editor-resource-id><![CDATA[sid-C023D1C6-6524-4189-A2BE-FA5914CFDB75]]></modeler:editor-resource-id>
      </extensionElements>
    </bpmn2:sequenceFlow>
    <bpmn2:sequenceFlow id="sid-B9D86518-BFE3-4493-8D74-F8408CFC59F4" sourceRef="sid-AE9A551D-8E41-4241-89FB-CEEA99F9BE45" targetRef="sid-7F9EA9C5-B071-4C0D-A1C4-DE4E32307ECA">
      <extensionElements>
        <modeler:editor-resource-id><![CDATA[sid-B9D86518-BFE3-4493-8D74-F8408CFC59F4]]></modeler:editor-resource-id>
      </extensionElements>
    </bpmn2:sequenceFlow>
    <bpmn2:scriptTask id="sid-EDB82AE1-78D4-44C0-9072-C130A562047E" name="Select a Document Template" scriptFormat="groovy" activiti:autoStoreVariables="false">
      <extensionElements>
        <modeler:editor-resource-id><![CDATA[sid-EDB82AE1-78D4-44C0-9072-C130A562047E]]></modeler:editor-resource-id>
      </extensionElements>
      <bpmn2:incoming>sid-7DE3A108-EFD6-416C-9CC4-FBE9B6A5BCD5</bpmn2:incoming>
      <bpmn2:outgoing>sid-C023D1C6-6524-4189-A2BE-FA5914CFDB75</bpmn2:outgoing>
      <script><![CDATA[import com.activiti.service.runtime.DocumentTemplateService;
import com.activiti.service.runtime.DocumentTemplateService.SortType;


Long tenantId = 1;
String nameFilter = "";
int start = 0;
int size = 1000; 

var templateObjList = documentTemplateService.findDocumentTemplates(tenantId, nameFilter, start, size, SortType.SORT_BY_NAME_ASC);

println("Total Number of Document Templates : "+templateObjList.size());

for(template in templateObjList){
    println(template.id+" -- "+template.name);
    execution.setVariable("selectedTemplateName", template.name);
}]]></script>
    </bpmn2:scriptTask>
  </bpmn2:process>
  <bpmndi:BPMNDiagram id="BPMNDiagram_DocGenProcess">
    <bpmndi:BPMNPlane bpmnElement="DocGenProcess" id="BPMNPlane_DocGenProcess">
      <bpmndi:BPMNShape bpmnElement="startEvent1" id="BPMNShape_startEvent1">
        <omgdc:Bounds height="30.0" width="30.0" x="100.0" y="163.0"/>
      </bpmndi:BPMNShape>
      <bpmndi:BPMNShape bpmnElement="sid-578E489F-FE19-45D0-BBFA-BF03103C4743" id="BPMNShape_sid-578E489F-FE19-45D0-BBFA-BF03103C4743">
        <omgdc:Bounds height="80.0" width="100.0" x="630.0000000000001" y="138.00000000000028"/>
      </bpmndi:BPMNShape>
      <bpmndi:BPMNShape bpmnElement="sid-3F0FCE56-52D4-4542-86A7-939DAE3018F7" id="BPMNShape_sid-3F0FCE56-52D4-4542-86A7-939DAE3018F7">
        <omgdc:Bounds height="28.0" width="28.0" x="795.0000000000001" y="164.00000000000003"/>
      </bpmndi:BPMNShape>
      <bpmndi:BPMNShape bpmnElement="sid-7F9EA9C5-B071-4C0D-A1C4-DE4E32307ECA" id="BPMNShape_sid-7F9EA9C5-B071-4C0D-A1C4-DE4E32307ECA">
        <omgdc:Bounds height="80.0" width="99.99999999999994" x="465.00000000000006" y="138.00000000000028"/>
      </bpmndi:BPMNShape>
      <bpmndi:BPMNShape bpmnElement="sid-AE9A551D-8E41-4241-89FB-CEEA99F9BE45" id="BPMNShape_sid-AE9A551D-8E41-4241-89FB-CEEA99F9BE45">
        <omgdc:Bounds height="80.0" width="100.0" x="315.0000000000001" y="138.00000000000034"/>
      </bpmndi:BPMNShape>
      <bpmndi:BPMNShape bpmnElement="sid-EDB82AE1-78D4-44C0-9072-C130A562047E" id="BPMNShape_sid-EDB82AE1-78D4-44C0-9072-C130A562047E">
        <omgdc:Bounds height="80.0" width="99.99999999999997" x="165.00000000000003" y="138.00000000000037"/>
      </bpmndi:BPMNShape>
      <bpmndi:BPMNEdge bpmnElement="sid-B9D86518-BFE3-4493-8D74-F8408CFC59F4" id="BPMNEdge_sid-B9D86518-BFE3-4493-8D74-F8408CFC59F4">
        <omgdi:waypoint x="415.0000000000001" y="178.00000000000034"/>
        <omgdi:waypoint x="465.00000000000006" y="178.00000000000028"/>
      </bpmndi:BPMNEdge>
      <bpmndi:BPMNEdge bpmnElement="sid-C023D1C6-6524-4189-A2BE-FA5914CFDB75" id="BPMNEdge_sid-C023D1C6-6524-4189-A2BE-FA5914CFDB75">
        <omgdi:waypoint x="265.0" y="178.00000000000034"/>
        <omgdi:waypoint x="315.0000000000001" y="178.00000000000034"/>
      </bpmndi:BPMNEdge>
      <bpmndi:BPMNEdge bpmnElement="sid-EB5C1488-21DF-45FC-99F8-E97EE92FE4BF" id="BPMNEdge_sid-EB5C1488-21DF-45FC-99F8-E97EE92FE4BF">
        <omgdi:waypoint x="565.0" y="178.00000000000028"/>
        <omgdi:waypoint x="630.0000000000001" y="178.00000000000028"/>
      </bpmndi:BPMNEdge>
      <bpmndi:BPMNEdge bpmnElement="sid-B25F8A94-B21A-4204-BE13-BC780510411F" id="BPMNEdge_sid-B25F8A94-B21A-4204-BE13-BC780510411F">
        <omgdi:waypoint x="730.0000000000001" y="178.00000000000017"/>
        <omgdi:waypoint x="795.0000000000001" y="178.00000000000006"/>
      </bpmndi:BPMNEdge>
      <bpmndi:BPMNEdge bpmnElement="sid-7DE3A108-EFD6-416C-9CC4-FBE9B6A5BCD5" id="BPMNEdge_sid-7DE3A108-EFD6-416C-9CC4-FBE9B6A5BCD5">
        <omgdi:waypoint x="130.0" y="178.00000000000006"/>
        <omgdi:waypoint x="165.00000000000003" y="178.0000000000002"/>
      </bpmndi:BPMNEdge>
    </bpmndi:BPMNPlane>
  </bpmndi:BPMNDiagram>
</bpmn2:definitions>