{"resourceId":94,"properties":{"process_id":"DocGenProcess","name":"Doc Gen Process","documentation":"","process_author":"","process_version":"","process_namespace":"http://www.activiti.org/processdef","executionlisteners":"","eventlisteners":"","signaldefinitions":"","messagedefinitions":"","executionvariables":"[{\"variableName\":\"generatedDocId\",\"variableType\":\"string\",\"$$hashKey\":\"uiGrid-0007\"},{\"variableName\":\"selectedTemplateName\",\"variableType\":\"string\",\"$$hashKey\":\"uiGrid-000F\"}]","metadata":""},"stencil":{"id":"BPMNDiagram"},"childShapes":[{"resourceId":"startEvent1","properties":{"overrideid":"","name":"Start","documentation":"","executionlisteners":"","initiator":"","formkeydefinition":"","formreference":null,"fieldstovariables":"","formproperties":""},"stencil":{"id":"StartNoneEvent"},"childShapes":[],"outgoing":[{"resourceId":"sid-7DE3A108-EFD6-416C-9CC4-FBE9B6A5BCD5"}],"bounds":{"lowerRight":{"x":130,"y":193},"upperLeft":{"x":100,"y":163}},"dockers":[]},{"resourceId":"sid-578E489F-FE19-45D0-BBFA-BF03103C4743","properties":{"overrideid":"","name":"Display Generated Document","documentation":"","asynchronousdefinition":"false","exclusivedefinition":"false","executionlisteners":"","multiinstance_type":"None","multiinstance_cardinality":"","multiinstance_collection":"","multiinstance_variable":"","multiinstance_condition":"","isforcompensation":"false","usertasksendemail":true,"usertaskassignment":"","formkeydefinition":"","formreference":{"id":96,"name":"Second Form","referenceId":94},"fieldstovariables":"","duedatedefinition":"","prioritydefinition":"","categorydefinition":"","formproperties":"","tasklisteners":"","emailtemplate":""},"stencil":{"id":"UserTask"},"childShapes":[],"outgoing":[{"resourceId":"sid-B25F8A94-B21A-4204-BE13-BC780510411F"}],"bounds":{"lowerRight":{"x":730.0000000000001,"y":218.00000000000028},"upperLeft":{"x":630.0000000000001,"y":138.00000000000028}},"dockers":[]},{"resourceId":"sid-EB5C1488-21DF-45FC-99F8-E97EE92FE4BF","properties":{"overrideid":"","name":"","documentation":"","conditionsequenceflow":"","executionlisteners":"","defaultflow":"false"},"stencil":{"id":"SequenceFlow"},"childShapes":[],"outgoing":[{"resourceId":"sid-578E489F-FE19-45D0-BBFA-BF03103C4743"}],"bounds":{"lowerRight":{"x":629.37109375,"y":178.00000000000028},"upperLeft":{"x":565.62890625,"y":178.00000000000028}},"dockers":[{"x":49.99999999999997,"y":40},{"x":50,"y":40}],"target":{"resourceId":"sid-578E489F-FE19-45D0-BBFA-BF03103C4743"}},{"resourceId":"sid-3F0FCE56-52D4-4542-86A7-939DAE3018F7","properties":{"overrideid":"","name":"End","documentation":"","executionlisteners":""},"stencil":{"id":"EndNoneEvent"},"childShapes":[],"outgoing":[],"bounds":{"lowerRight":{"x":823.0000000000001,"y":192.00000000000003},"upperLeft":{"x":795.0000000000001,"y":164.00000000000003}},"dockers":[]},{"resourceId":"sid-7F9EA9C5-B071-4C0D-A1C4-DE4E32307ECA","properties":{"scriptformat":"groovy","scripttext":"import com.aspose.words.*\n\nimport java.io.ByteArrayInputStream;\nimport java.io.ByteArrayOutputStream;\n\nimport org.activiti.engine.delegate.DelegateExecution;\nimport com.activiti.service.api.UserService;\nimport com.activiti.service.runtime.RelatedContentService;\nimport com.activiti.service.runtime.DocumentTemplateService;\nimport com.activiti.domain.idm.User;\nimport com.activiti.domain.runtime.RelatedContent;\nimport com.activiti.domain.runtime.RuntimeDocumentTemplate;\nimport com.activiti.runtime.activiti.bean.docgen.ActivitiVariablesDataRecord;\nimport com.activiti.runtime.activiti.bean.docgen.GenerateDocumentBean;\nimport com.activiti.security.SecurityUtils;\n\nimport org.apache.http.client.methods.HttpGet;\nimport org.apache.http.client.methods.HttpPost;\nimport org.apache.http.impl.client.DefaultHttpClient;\nimport org.apache.http.HttpResponse;\n\nimport java.nio.charset.StandardCharsets;\n\nvar generateWordDocument = false; // true for .DOCX, false for .PDF\nvar outputFileName = \"generated-document\";\nvar variableName = \"generateddocumentvar\";\n\n// var templateName = \"Hello-Template.docx\"; //This has to be changed to match your template-name\nvar templateName = execution.getVariable(\"selectedTemplateName\");\nvar tenantId = 1; //This has to be changed to match your tenant-id\n\nvar templateObj = documentTemplateService.findDocumentTemplate(tenantId, templateName);\nvar templateId = templateObj.id;\n\n// println (\"templateObj ID  ---------------->\"+templateId);\n// println (\"templateObj Name  ---------------->\"+templateObj.name);\n\n\nUser user = userService.findActiveUserByEmail(\"demo@example.com\");\n// User user = SecurityUtils.getCurrentUserObject();\nprintln(\"user.id --> \"+user.id);\n\nRuntimeDocumentTemplate runtimeDocumentTemplate = runtimeDocumentTemplateService.createRuntimeDocumentTemplate(templateId, user, execution.getProcessInstanceId());\nruntimeDocumentTemplate = runtimeDocumentTemplateService.save(runtimeDocumentTemplate);\n\nprintln (\"runtimeDocumentTemplate ID  ---------------->\"+runtimeDocumentTemplate.id);\nprintln (\"runtimeDocumentTemplate Name  ---------------->\"+runtimeDocumentTemplate.name);\nprintln (\"*** runtimeDocumentTemplate ID  ---------------->\"+ runtimeDocumentTemplateService.findById(runtimeDocumentTemplate.id).id);\n\nActivitiVariablesDataRecord variablesDataRecord = new ActivitiVariablesDataRecord(execution, runtimeDocumentTemplate, null, null);\n\nDocument doc = createDocument(variablesDataRecord, runtimeDocumentTemplateService.getContent(runtimeDocumentTemplate));\n\nFile tempFile = File.createTempFile(\"activiti-generated-document\", generateWordDocument ? \".docx\" : \".pdf\");\n\nFileOutputStream outputStream = new FileOutputStream(tempFile);\ndoc.save(outputStream, generateWordDocument ? SaveFormat.DOCX : SaveFormat.PDF);\noutputStream.flush();\noutputStream.close();\n        \n// Store related content\nRelatedContent relatedContent = null;\nif (generateWordDocument) {\n    relatedContent = storeAsRelatedContent(execution, outputFileName + \".docx\", \"application/vnd.openxmlformats-officedocument.wordprocessingml.document\", variableName, new FileInputStream(tempFile));\n} else {\n    relatedContent = storeAsRelatedContent(execution, outputFileName + \".pdf\", \"application/pdf\", variableName, new FileInputStream(tempFile));\n}\n\n// Store execution variable\nif (relatedContent != null) {\n    execution.setVariable(\"generatedDocId\", relatedContent.getId());\n}\n\n// delete temp file\ntempFile.delete();\n\n\nDocument createDocument(ActivitiVariablesDataRecord variablesDataRecord, InputStream inputStream) throws Exception {\n\t// Open an template document.\n\tDocument doc = new Document(inputStream);\n\tdoc.getMailMerge().setUseNonMergeFields(true);\n\n\tReportingEngine.setUseReflectionOptimization(false);\n\tReportingEngine engine = new ReportingEngine();\n\tengine.buildReport(doc, variablesDataRecord);\n\t\n\treturn doc;\n}\n\n\nRelatedContent storeAsRelatedContent(DelegateExecution execution, String outputFileName, String mimeType, String fieldName, InputStream inputStream) {\n\n    final RelatedContent relatedContent = relatedContentService.createRelatedContent(SecurityUtils.getCurrentUserObject(), \n    \t\toutputFileName, null, null, null, execution.getProcessInstanceId(), fieldName, mimeType, inputStream, null);\n\n    if (inputStream != null) {\n        try {\n            inputStream.close();\n        } catch (IOException e) { }\n    }\n\n    return relatedContent;\n}","executionvariables":"","overrideid":"","name":"Get Template  By Id and Generate Document","documentation":"","asynchronousdefinition":"false","exclusivedefinition":"false","executionlisteners":"","multiinstance_type":"None","multiinstance_cardinality":"","multiinstance_collection":"","multiinstance_variable":"","multiinstance_condition":"","isforcompensation":"false","type":"http://b3mn.org/stencilset/bpmn2.0#UserTask","usertasksendemail":true,"usertaskassignment":"","formkeydefinition":"","formreference":"","fieldstovariables":"","duedatedefinition":"","prioritydefinition":"","categorydefinition":"","formproperties":"","tasklisteners":"","emailtemplate":""},"stencil":{"id":"ScriptTask"},"childShapes":[],"outgoing":[{"resourceId":"sid-EB5C1488-21DF-45FC-99F8-E97EE92FE4BF"}],"bounds":{"lowerRight":{"x":565,"y":218.00000000000028},"upperLeft":{"x":465.00000000000006,"y":138.00000000000028}},"dockers":[]},{"resourceId":"sid-B25F8A94-B21A-4204-BE13-BC780510411F","properties":{"overrideid":"","name":"","documentation":"","conditionsequenceflow":"","executionlisteners":"","defaultflow":"false","showdiamondmarker":false},"stencil":{"id":"SequenceFlow"},"childShapes":[],"outgoing":[{"resourceId":"sid-3F0FCE56-52D4-4542-86A7-939DAE3018F7"}],"bounds":{"lowerRight":{"x":794.8984375000001,"y":178.00000000000017},"upperLeft":{"x":730.3828125000001,"y":178.00000000000006}},"dockers":[{"x":50,"y":40},{"x":14,"y":14}],"target":{"resourceId":"sid-3F0FCE56-52D4-4542-86A7-939DAE3018F7"}},{"resourceId":"sid-7DE3A108-EFD6-416C-9CC4-FBE9B6A5BCD5","properties":{"overrideid":"","name":"","documentation":"","conditionsequenceflow":"","executionlisteners":"","defaultflow":"false"},"stencil":{"id":"SequenceFlow"},"childShapes":[],"outgoing":[{"resourceId":"sid-EDB82AE1-78D4-44C0-9072-C130A562047E"}],"bounds":{"lowerRight":{"x":164.78125,"y":178.00000000000017},"upperLeft":{"x":130.0625,"y":178.00000000000006}},"dockers":[{"x":15,"y":15},{"x":49.999999999999986,"y":40}],"target":{"resourceId":"sid-EDB82AE1-78D4-44C0-9072-C130A562047E"}},{"resourceId":"sid-AE9A551D-8E41-4241-89FB-CEEA99F9BE45","properties":{"overrideid":"","name":"Enter Data","documentation":"","asynchronousdefinition":"false","exclusivedefinition":"false","executionlisteners":"","multiinstance_type":"None","multiinstance_cardinality":"","multiinstance_collection":"","multiinstance_variable":"","multiinstance_condition":"","isforcompensation":"false","usertasksendemail":true,"usertaskassignment":"","formkeydefinition":"","formreference":{"id":95,"name":"Get Data","referenceId":94,"variablesmapping":[]},"fieldstovariables":"","duedatedefinition":"","prioritydefinition":"","categorydefinition":"","formproperties":"","tasklisteners":"","emailtemplate":""},"stencil":{"id":"UserTask"},"childShapes":[],"outgoing":[{"resourceId":"sid-B9D86518-BFE3-4493-8D74-F8408CFC59F4"}],"bounds":{"lowerRight":{"x":415.0000000000001,"y":218.00000000000034},"upperLeft":{"x":315.0000000000001,"y":138.00000000000034}},"dockers":[]},{"resourceId":"sid-C023D1C6-6524-4189-A2BE-FA5914CFDB75","properties":{"overrideid":"","name":"","documentation":"","conditionsequenceflow":"","executionlisteners":"","defaultflow":"false"},"stencil":{"id":"SequenceFlow"},"childShapes":[],"outgoing":[{"resourceId":"sid-AE9A551D-8E41-4241-89FB-CEEA99F9BE45"}],"bounds":{"lowerRight":{"x":314.7812500000001,"y":178.00000000000034},"upperLeft":{"x":265.21875000000006,"y":178.00000000000034}},"dockers":[{"x":49.99999999999999,"y":40},{"x":50,"y":40}],"target":{"resourceId":"sid-AE9A551D-8E41-4241-89FB-CEEA99F9BE45"}},{"resourceId":"sid-B9D86518-BFE3-4493-8D74-F8408CFC59F4","properties":{"overrideid":"","name":"","documentation":"","conditionsequenceflow":"","executionlisteners":"","defaultflow":"false"},"stencil":{"id":"SequenceFlow"},"childShapes":[],"outgoing":[{"resourceId":"sid-7F9EA9C5-B071-4C0D-A1C4-DE4E32307ECA"}],"bounds":{"lowerRight":{"x":464.78125,"y":178.00000000000034},"upperLeft":{"x":415.2187500000001,"y":178.00000000000028}},"dockers":[{"x":50,"y":40},{"x":49.99999999999997,"y":40}],"target":{"resourceId":"sid-7F9EA9C5-B071-4C0D-A1C4-DE4E32307ECA"}},{"resourceId":"sid-EDB82AE1-78D4-44C0-9072-C130A562047E","properties":{"scriptformat":"groovy","scripttext":"import com.activiti.service.runtime.DocumentTemplateService;\nimport com.activiti.service.runtime.DocumentTemplateService.SortType;\n\n\nLong tenantId = 1;\nString nameFilter = \"\";\nint start = 0;\nint size = 1000; \n\nvar templateObjList = documentTemplateService.findDocumentTemplates(tenantId, nameFilter, start, size, SortType.SORT_BY_NAME_ASC);\n\nprintln(\"Total Number of Document Templates : \"+templateObjList.size());\n\nfor(template in templateObjList){\n    println(template.id+\" -- \"+template.name);\n    execution.setVariable(\"selectedTemplateName\", template.name);\n}","executionvariables":"","overrideid":"","name":"Select a Document Template","documentation":"","asynchronousdefinition":"false","exclusivedefinition":"false","executionlisteners":"","multiinstance_type":"None","multiinstance_cardinality":"","multiinstance_collection":"","multiinstance_variable":"","multiinstance_condition":"","isforcompensation":"false","type":"http://b3mn.org/stencilset/bpmn2.0#UserTask","usertasksendemail":true,"usertaskassignment":"","formkeydefinition":"","formreference":"","fieldstovariables":"","duedatedefinition":"","prioritydefinition":"","categorydefinition":"","formproperties":"","tasklisteners":"","emailtemplate":""},"stencil":{"id":"ScriptTask"},"childShapes":[],"outgoing":[{"resourceId":"sid-C023D1C6-6524-4189-A2BE-FA5914CFDB75"}],"bounds":{"lowerRight":{"x":265,"y":218.00000000000037},"upperLeft":{"x":165.00000000000003,"y":138.00000000000037}},"dockers":[]}],"bounds":{"lowerRight":{"x":1200,"y":1050},"upperLeft":{"x":0,"y":0}},"stencilset":{"url":"stencilsets/bpmn2.0/bpmn2.0.json","namespace":"http://b3mn.org/stencilset/bpmn2.0#"},"ssextensions":[]}