{"name":"Boeing","description":"","definition":{"models":[{"id":176,"name":"SignalMe","version":8,"modelType":0,"description":"","stencilSetId":0,"createdByFullName":"Demo User","createdBy":2,"lastUpdatedByFullName":"Demo User","lastUpdatedBy":2,"lastUpdated":"2025-04-28T16:58:20.865+0000"},{"id":173,"name":"MessageMe","version":10,"modelType":0,"description":"","stencilSetId":0,"createdByFullName":"Demo User","createdBy":2,"lastUpdatedByFullName":"Demo User","lastUpdatedBy":2,"lastUpdated":"2025-04-28T16:58:20.870+0000"}],"theme":"theme-2","icon":"fa-plane","publishIdentityInfo":[]}}