{"referenceId":null,"name":"nylife-customers","description":null,"dataSourceName":"NYLife - Oracle DB","editorJson":{"id":2035,"name":"nylife-customers","dataSourceId":1,"entities":[{"name":"CustomerInfo","description":"","tableName":"CUSTOMERS","attributes":[{"name":"memberId","type":"number","description":"Auto-imported attribute","mappedName":"ID","primaryKey":true,"identity":false,"required":false},{"name":"city","type":"string","description":"Auto-imported attribute","mappedName":"CITY","primaryKey":false,"identity":false,"required":false},{"name":"state","type":"string","description":"Auto-imported attribute","mappedName":"STATE","primaryKey":false,"identity":false,"required":false},{"name":"zipCode","type":"string","description":"Auto-imported attribute","mappedName":"ZIP_CODE","primaryKey":false,"identity":false,"required":false},{"name":"firstName","type":"string","description":"Auto-imported attribute","mappedName":"FIRSTNAME","primaryKey":false,"identity":false,"required":false},{"name":"lastName","type":"string","description":"Auto-imported attribute","mappedName":"LASTNAME","primaryKey":false,"identity":false,"required":false},{"name":"middleInitial","type":"string","description":"Auto-imported attribute","mappedName":"MIDDLEINITIAL","primaryKey":false,"identity":false,"required":false},{"name":"addressLine2","type":"string","description":"Auto-imported attribute","mappedName":"ADDRESSLINE2","primaryKey":false,"identity":false,"required":false},{"name":"country","type":"string","description":"Auto-imported attribute","mappedName":"COUNTRY","primaryKey":false,"identity":false,"required":false},{"name":"policyNumber","type":"string","description":"Auto-imported attribute","mappedName":"POLICYNUMBER","primaryKey":false,"identity":false,"required":false},{"name":"dob","type":"string","description":"Auto-imported attribute","mappedName":"DOB","primaryKey":false,"identity":false,"required":false},{"name":"email","type":"string","description":"Auto-imported attribute","mappedName":"EMAIL","primaryKey":false,"identity":false,"required":false},{"name":"homePhone","type":"string","description":"Auto-imported attribute","mappedName":"PHONE","primaryKey":false,"identity":false,"required":false},{"name":"addressLine1","type":"string","description":"","mappedName":"ADDRESSLINE1","primaryKey":false,"generatedValue":false,"identity":false,"required":false}]}]}}