<?xml version='1.0' encoding='UTF-8'?>
<definitions xmlns="http://www.omg.org/spec/BPMN/20100524/MODEL" xmlns:xsi="http://www.w3.org/2001/XMLSchema-instance" xmlns:xsd="http://www.w3.org/2001/XMLSchema" xmlns:activiti="http://activiti.org/bpmn" xmlns:bpmndi="http://www.omg.org/spec/BPMN/20100524/DI" xmlns:omgdc="http://www.omg.org/spec/DD/20100524/DC" xmlns:omgdi="http://www.omg.org/spec/DD/20100524/DI" typeLanguage="http://www.w3.org/2001/XMLSchema" expressionLanguage="http://www.w3.org/1999/XPath" targetNamespace="http://www.activiti.org/processdef" xmlns:modeler="http://activiti.com/modeler" modeler:version="1.0en" modeler:exportDateTime="20180928210343233" modeler:modelId="16047" modeler:modelVersion="2" modeler:modelLastUpdated="1538168604723">
  <process id="CreateFolderWithAPSData" name="Create Folder With APS Data" isExecutable="true">
    <extensionElements>
      <modeler:executionvariables xmlns:modeler="http://activiti.com/modeler" modeler:variableName="artifactId" modeler:variableType="string"/>
    </extensionElements>
    <startEvent id="startEvent1" name="Start" activiti:formKey="16044">
      <extensionElements>
        <modeler:form-reference-id><![CDATA[16044]]></modeler:form-reference-id>
        <modeler:form-reference-name><![CDATA[Metadata Capture]]></modeler:form-reference-name>
        <modeler:editor-resource-id><![CDATA[startEvent1]]></modeler:editor-resource-id>
      </extensionElements>
    </startEvent>
    <endEvent id="sid-0C77A5FC-399B-4C8D-9612-9DABB8A8A8F3" name="End">
      <extensionElements>
        <modeler:editor-resource-id><![CDATA[sid-0C77A5FC-399B-4C8D-9612-9DABB8A8A8F3]]></modeler:editor-resource-id>
      </extensionElements>
    </endEvent>
    <scriptTask id="sid-3A285777-2DEA-4B87-B858-47C7A41C39CF" name="Set Process Variables" scriptFormat="groovy" activiti:autoStoreVariables="false">
      <extensionElements>
        <modeler:editor-resource-id><![CDATA[sid-3A285777-2DEA-4B87-B858-47C7A41C39CF]]></modeler:editor-resource-id>
      </extensionElements>
      <script><![CDATA[def busKey = "artifactId-"+execution.getProcessInstanceId();
execution.setVariable("artifactId", busKey);

//execution.setVariable("businessKey", busKey);
execution.getEngineServices().getRuntimeService().updateBusinessKey(execution.getProcessInstanceId(),busKey);


//println('*** *** *** >>> '+ execution.getVariable('compute'));
//println('Length = '+execution.getVariable('compute').size());
// execution.setVariable("myCompute", (execution.getVariable('compute')));


// def myCompute = (execution.getVariable('mycompute'));
// def myComputeExtracted = myCompute.toMapString();

// execution.setVariable("myComputeExtracted", myComputeExtracted);


// def contentNodeId = '';
// execution.setVariable('contentNodeId', '0176ecf0-63da-4214-b39e-ff0fe75b0f85'); //Landing Folder
// execution.setVariable('reviewDecision', 'TBD');
// execution.setVariable('placeHolderNodeId', 'TBD');]]></script>
    </scriptTask>
    <sequenceFlow id="sid-AE856D4E-A374-4A09-BDE0-B05E4BE72A21" sourceRef="startEvent1" targetRef="sid-3A285777-2DEA-4B87-B858-47C7A41C39CF">
      <extensionElements>
        <modeler:editor-resource-id><![CDATA[sid-AE856D4E-A374-4A09-BDE0-B05E4BE72A21]]></modeler:editor-resource-id>
      </extensionElements>
    </sequenceFlow>
    <serviceTask id="sid-029A9632-9E27-4B73-ABBB-E970A068DA45" name="REST Call To Create Folder" activiti:async="true" activiti:delegateExpression="${activiti_restCallDelegate}">
      <extensionElements>
        <activiti:field name="baseEndpoint">
          <activiti:string><![CDATA[3003]]></activiti:string>
        </activiti:field>
        <activiti:field name="baseEndpointName">
          <activiti:string><![CDATA[ACS Base]]></activiti:string>
        </activiti:field>
        <activiti:field name="restUrl">
          <activiti:string><![CDATA[/-my-/children]]></activiti:string>
        </activiti:field>
        <activiti:field name="httpMethod">
          <activiti:string><![CDATA[POST]]></activiti:string>
        </activiti:field>
        <activiti:field name="requestMappingJSONTemplate">
          <activiti:expression><![CDATA[{
  "name":${foldername},
  "nodeType":"cm:folder",
  "properties":
  {
    "cm:title":${title},
    "cm:description":${description}
  }
}]]></activiti:expression>
        </activiti:field>
        <modeler:editor-resource-id><![CDATA[sid-029A9632-9E27-4B73-ABBB-E970A068DA45]]></modeler:editor-resource-id>
      </extensionElements>
    </serviceTask>
    <sequenceFlow id="sid-E3B227E6-B850-4FA7-AA9E-C668BC09586F" sourceRef="sid-3A285777-2DEA-4B87-B858-47C7A41C39CF" targetRef="sid-029A9632-9E27-4B73-ABBB-E970A068DA45">
      <extensionElements>
        <modeler:editor-resource-id><![CDATA[sid-E3B227E6-B850-4FA7-AA9E-C668BC09586F]]></modeler:editor-resource-id>
      </extensionElements>
    </sequenceFlow>
    <sequenceFlow id="sid-1BB9F69E-6512-41C3-9A4A-1A3A2D16CE0A" sourceRef="sid-029A9632-9E27-4B73-ABBB-E970A068DA45" targetRef="sid-0C77A5FC-399B-4C8D-9612-9DABB8A8A8F3">
      <extensionElements>
        <modeler:editor-resource-id><![CDATA[sid-1BB9F69E-6512-41C3-9A4A-1A3A2D16CE0A]]></modeler:editor-resource-id>
      </extensionElements>
    </sequenceFlow>
  </process>
  <bpmndi:BPMNDiagram id="BPMNDiagram_CreateFolderWithAPSData">
    <bpmndi:BPMNPlane bpmnElement="CreateFolderWithAPSData" id="BPMNPlane_CreateFolderWithAPSData">
      <bpmndi:BPMNShape bpmnElement="startEvent1" id="BPMNShape_startEvent1">
        <omgdc:Bounds height="30.0" width="30.0" x="45.0" y="145.0837419355"/>
      </bpmndi:BPMNShape>
      <bpmndi:BPMNShape bpmnElement="sid-0C77A5FC-399B-4C8D-9612-9DABB8A8A8F3" id="BPMNShape_sid-0C77A5FC-399B-4C8D-9612-9DABB8A8A8F3">
        <omgdc:Bounds height="28.0" width="28.0" x="480.0" y="146.0837419355"/>
      </bpmndi:BPMNShape>
      <bpmndi:BPMNShape bpmnElement="sid-3A285777-2DEA-4B87-B858-47C7A41C39CF" id="BPMNShape_sid-3A285777-2DEA-4B87-B858-47C7A41C39CF">
        <omgdc:Bounds height="80.0" width="100.0" x="120.0" y="120.0837419355"/>
      </bpmndi:BPMNShape>
      <bpmndi:BPMNShape bpmnElement="sid-029A9632-9E27-4B73-ABBB-E970A068DA45" id="BPMNShape_sid-029A9632-9E27-4B73-ABBB-E970A068DA45">
        <omgdc:Bounds height="80.0" width="100.0" x="285.0" y="120.0"/>
      </bpmndi:BPMNShape>
      <bpmndi:BPMNEdge bpmnElement="sid-1BB9F69E-6512-41C3-9A4A-1A3A2D16CE0A" id="BPMNEdge_sid-1BB9F69E-6512-41C3-9A4A-1A3A2D16CE0A">
        <omgdi:waypoint x="385.0" y="160.02633394198114"/>
        <omgdi:waypoint x="480.0000019417338" y="160.07636843276796"/>
      </bpmndi:BPMNEdge>
      <bpmndi:BPMNEdge bpmnElement="sid-AE856D4E-A374-4A09-BDE0-B05E4BE72A21" id="BPMNEdge_sid-AE856D4E-A374-4A09-BDE0-B05E4BE72A21">
        <omgdi:waypoint x="75.0" y="160.0837419355"/>
        <omgdi:waypoint x="120.0" y="160.0837419355"/>
      </bpmndi:BPMNEdge>
      <bpmndi:BPMNEdge bpmnElement="sid-E3B227E6-B850-4FA7-AA9E-C668BC09586F" id="BPMNEdge_sid-E3B227E6-B850-4FA7-AA9E-C668BC09586F">
        <omgdi:waypoint x="220.0" y="160.05836559140909"/>
        <omgdi:waypoint x="285.0" y="160.02537634409092"/>
      </bpmndi:BPMNEdge>
    </bpmndi:BPMNPlane>
  </bpmndi:BPMNDiagram>
</definitions>