{"resourceId":16047,"properties":{"process_id":"CreateFolderWithAPSData","name":"Create Folder With APS Data","documentation":"","process_author":"","process_version":"","process_namespace":"http://www.activiti.org/processdef","executionlisteners":"{\"executionListeners\":[]}","eventlisteners":"{\"eventListeners\":[]}","signaldefinitions":"[]","messagedefinitions":"[]","executionvariables":"[{\"variableName\":\"artifactId\",\"variableType\":\"string\"}]","metadata":""},"stencil":{"id":"BPMNDiagram"},"childShapes":[{"resourceId":"startEvent1","properties":{"overrideid":"startEvent1","name":"Start","documentation":"","executionlisteners":{"executionListeners":[]},"initiator":"","formkeydefinition":"","formreference":{"id":16044,"name":"Metadata Capture","referenceId":16047},"fieldstovariables":"","formproperties":"","asynchronousdefinition":false,"exclusivedefinition":false},"stencil":{"id":"StartNoneEvent"},"childShapes":[],"outgoing":[{"resourceId":"sid-AE856D4E-A374-4A09-BDE0-B05E4BE72A21"}],"bounds":{"lowerRight":{"x":75,"y":175.0837419355},"upperLeft":{"x":45,"y":145.0837419355}},"dockers":[]},{"resourceId":"sid-0C77A5FC-399B-4C8D-9612-9DABB8A8A8F3","properties":{"overrideid":"sid-0C77A5FC-399B-4C8D-9612-9DABB8A8A8F3","name":"End","documentation":"","executionlisteners":{"executionListeners":[]},"asynchronousdefinition":false,"exclusivedefinition":false},"stencil":{"id":"EndNoneEvent"},"childShapes":[],"outgoing":[],"bounds":{"lowerRight":{"x":508,"y":174.0837419355},"upperLeft":{"x":480,"y":146.0837419355}},"dockers":[]},{"resourceId":"sid-3A285777-2DEA-4B87-B858-47C7A41C39CF","properties":{"scriptformat":"groovy","scripttext":"def busKey = \"artifactId-\"+execution.getProcessInstanceId();\nexecution.setVariable(\"artifactId\", busKey);\n\n//execution.setVariable(\"businessKey\", busKey);\nexecution.getEngineServices().getRuntimeService().updateBusinessKey(execution.getProcessInstanceId(),busKey);\n\n\n//println('*** *** *** >>> '+ execution.getVariable('compute'));\n//println('Length = '+execution.getVariable('compute').size());\n// execution.setVariable(\"myCompute\", (execution.getVariable('compute')));\n\n\n// def myCompute = (execution.getVariable('mycompute'));\n// def myComputeExtracted = myCompute.toMapString();\n\n// execution.setVariable(\"myComputeExtracted\", myComputeExtracted);\n\n\n// def contentNodeId = '';\n// execution.setVariable('contentNodeId', '0176ecf0-63da-4214-b39e-ff0fe75b0f85'); //Landing Folder\n// execution.setVariable('reviewDecision', 'TBD');\n// execution.setVariable('placeHolderNodeId', 'TBD');","executionvariables":"","overrideid":"sid-3A285777-2DEA-4B87-B858-47C7A41C39CF","name":"Set Process Variables","documentation":"","asynchronousdefinition":false,"exclusivedefinition":false,"executionlisteners":{"executionListeners":[]},"multiinstance_type":"None","multiinstance_cardinality":"","multiinstance_collection":"","multiinstance_variable":"","multiinstance_condition":"","isforcompensation":false},"stencil":{"id":"ScriptTask"},"childShapes":[],"outgoing":[{"resourceId":"sid-E3B227E6-B850-4FA7-AA9E-C668BC09586F"}],"bounds":{"lowerRight":{"x":220,"y":200.0837419355},"upperLeft":{"x":120,"y":120.0837419355}},"dockers":[]},{"resourceId":"sid-AE856D4E-A374-4A09-BDE0-B05E4BE72A21","properties":{"overrideid":"sid-AE856D4E-A374-4A09-BDE0-B05E4BE72A21","name":"","documentation":"","conditionsequenceflow":"","executionlisteners":{"executionListeners":[]},"defaultflow":"false"},"stencil":{"id":"SequenceFlow"},"childShapes":[],"outgoing":[{"resourceId":"sid-3A285777-2DEA-4B87-B858-47C7A41C39CF"}],"bounds":{"lowerRight":{"x":119.15625,"y":160.0837419355},"upperLeft":{"x":75.609375,"y":160.0837419355}},"dockers":[{"x":15,"y":15},{"x":50,"y":40}],"target":{"resourceId":"sid-3A285777-2DEA-4B87-B858-47C7A41C39CF"}},{"resourceId":"sid-029A9632-9E27-4B73-ABBB-E970A068DA45","properties":{"overrideid":"sid-029A9632-9E27-4B73-ABBB-E970A068DA45","name":"REST Call To Create Folder","documentation":"","restcalltask_endpoint":{"http_method":"POST","endpoint_config":{"id":3003,"tenantId":1,"name":"ACS Base","protocol":"HTTP","host":"34.203.204.40","port":"8080","path":"/alfresco/api/-default-/public/alfresco/versions/1/nodes","basicAuthId":1001,"basicAuthName":"ACS Demo","requestHeaders":null},"rest_url":"/-my-/children"},"restcalltask_request_mapping":{"isJSONTemplate":true,"jsonTemplate":"{\n  \"name\":${foldername},\n  \"nodeType\":\"cm:folder\",\n  \"properties\":\n  {\n    \"cm:title\":${title},\n    \"cm:description\":${description}\n  }\n}"},"restcalltask_response_mapping":[],"restcalltask_request_headers":[],"exclusivedefinition":true,"isforcompensation":false,"servicetaskfields":{"fields":[{"name":"baseEndpoint","stringValue":"1"},{"name":"baseEndpointName","stringValue":"Create  Node"},{"name":"httpMethod","stringValue":"POST"},{"name":"requestMappingJSONTemplate","expression":"{\n  \"name\":${foldername},\n  \"nodeType\":\"cm:folder\"\n}"}]},"executionlisteners":{"executionListeners":[]},"asynchronousdefinition":true},"stencil":{"id":"RestCallTask"},"childShapes":[],"outgoing":[{"resourceId":"sid-1BB9F69E-6512-41C3-9A4A-1A3A2D16CE0A"}],"bounds":{"lowerRight":{"x":385,"y":200},"upperLeft":{"x":285,"y":120}},"dockers":[]},{"resourceId":"sid-E3B227E6-B850-4FA7-AA9E-C668BC09586F","properties":{"overrideid":"sid-E3B227E6-B850-4FA7-AA9E-C668BC09586F","name":"","documentation":"","conditionsequenceflow":"","executionlisteners":{"executionListeners":[]},"defaultflow":"false"},"stencil":{"id":"SequenceFlow"},"childShapes":[],"outgoing":[{"resourceId":"sid-029A9632-9E27-4B73-ABBB-E970A068DA45"}],"bounds":{"lowerRight":{"x":284.3710938787917,"y":160.05804640464646},"upperLeft":{"x":220.62890612120825,"y":160.02569553085357}},"dockers":[{"x":50,"y":40},{"x":50,"y":40}],"target":{"resourceId":"sid-029A9632-9E27-4B73-ABBB-E970A068DA45"}},{"resourceId":"sid-1BB9F69E-6512-41C3-9A4A-1A3A2D16CE0A","properties":{"overrideid":"","name":"","documentation":"","conditionsequenceflow":"","executionlisteners":"","defaultflow":"false"},"stencil":{"id":"SequenceFlow"},"childShapes":[],"outgoing":[{"resourceId":"sid-0C77A5FC-399B-4C8D-9612-9DABB8A8A8F3"}],"bounds":{"lowerRight":{"x":479.33593763869527,"y":160.0760186841514},"upperLeft":{"x":385.68749986130473,"y":160.02669603361034}},"dockers":[{"x":50,"y":40},{"x":14,"y":14}],"target":{"resourceId":"sid-0C77A5FC-399B-4C8D-9612-9DABB8A8A8F3"}}],"bounds":{"lowerRight":{"x":1200,"y":1050},"upperLeft":{"x":0,"y":0}},"stencilset":{"url":"stencilsets/bpmn2.0/bpmn2.0.json","namespace":"http://b3mn.org/stencilset/bpmn2.0#"},"ssextensions":[]}