{"bounds":{"lowerRight":{"x":1485.0,"y":700.0},"upperLeft":{"x":0.0,"y":0.0}},"resourceId":"canvas","stencil":{"id":"BPMNDiagram"},"stencilset":{"namespace":"http://b3mn.org/stencilset/bpmn2.0#","url":"../editor/stencilsets/bpmn2.0/bpmn2.0.json"},"properties":{"process_id":"StartProcessByAttachingFile","name":"StartProcessByAttachingFile","executionlisteners":{"executionListeners":[]},"eventlisteners":{"eventListeners":[]},"signaldefinitions":[],"messagedefinitions":[],"executionvariables":[{"variableName":"instanceId","variableType":"string"},{"variableName":"fullname","variableType":"string"},{"variableName":"documentCreatedBy","variableType":"string"},{"variableName":"documentCreatedOn","variableType":"string"}],"process_namespace":"http://www.activiti.org/processdef"},"childShapes":[{"bounds":{"lowerRight":{"x":195.0,"y":194.0},"upperLeft":{"x":165.0,"y":164.0}},"resourceId":"startEvent1","childShapes":[],"stencil":{"id":"StartNoneEvent"},"properties":{"overrideid":"startEvent1","name":"Start Process","formreference":{"id":16045,"name":"File-attacher"},"executionlisteners":{"executionListeners":[]},"asynchronousdefinition":false,"exclusivedefinition":false},"outgoing":[{"resourceId":"sid-ECD9D560-6469-4664-9034-5751933AE416"}]},{"bounds":{"lowerRight":{"x":868.0,"y":193.0},"upperLeft":{"x":840.0,"y":165.0}},"resourceId":"sid-8952B2B9-9E94-4DBE-911B-29ED0946639C","childShapes":[],"stencil":{"id":"EndNoneEvent"},"properties":{"overrideid":"sid-8952B2B9-9E94-4DBE-911B-29ED0946639C","name":"End Process","executionlisteners":{"executionListeners":[]},"asynchronousdefinition":false,"exclusivedefinition":false},"outgoing":[]},{"bounds":{"lowerRight":{"x":520.0,"y":219.0},"upperLeft":{"x":420.0,"y":139.0}},"resourceId":"sid-B44FBAA2-1C4E-47F2-BA01-27B83928F70C","childShapes":[],"stencil":{"id":"GenerateDocumentTask"},"properties":{"overrideid":"gd-1","name":"Generate Cover Letter","generatedocumenttaskoutputformat":"word","generatedocumentfilename":"${instanceId}-cover-letter","executionvariable_document":{"variableName":"coverLetterT","variableType":"document"},"generatedocumenttemplate":{"id":5006,"name":"Transmittal-Cover-Page-Document-Template.docx"},"executionlisteners":{"executionListeners":[]},"isforcompensation":false,"asynchronousdefinition":true,"exclusivedefinition":true},"outgoing":[{"resourceId":"sid-272AD15C-7DA9-46FE-A02C-36BC93AFABB2"}]},{"bounds":{"lowerRight":{"x":340.0,"y":219.0},"upperLeft":{"x":240.0,"y":139.0}},"resourceId":"sid-C9F31D2B-D558-4275-8D2D-E34ADDAAA0CE","childShapes":[],"stencil":{"id":"ScriptTask"},"properties":{"overrideid":"sid-C9F31D2B-D558-4275-8D2D-E34ADDAAA0CE","name":"Initialise  Variables","scriptformat":"groovy","scripttext":"def instanceId = execution.getProcessInstanceId();\nruntimeService.updateBusinessKey(execution.getProcessInstanceId(), 'GENERATE-COVER-LETTER' + execution.getProcessInstanceId());\n\nexecution.setVariable('instanceId', execution.getProcessInstanceId());\n\n\nexecution.setVariable('fullname', execution.getVariable('firstname')+' '+execution.getVariable('lastname'))","executionlisteners":{"executionListeners":[]},"isforcompensation":false,"asynchronousdefinition":false,"exclusivedefinition":false},"outgoing":[{"resourceId":"sid-2AA8E926-E15F-4B87-8386-27B6F6003C01"}]},{"bounds":{"lowerRight":{"x":172.0,"y":212.0},"upperLeft":{"x":128.0,"y":212.0}},"resourceId":"sid-ECD9D560-6469-4664-9034-5751933AE416","childShapes":[],"stencil":{"id":"SequenceFlow"},"dockers":[{"x":15.0,"y":15.0},{"x":50.0,"y":40.0}],"outgoing":[{"resourceId":"sid-C9F31D2B-D558-4275-8D2D-E34ADDAAA0CE"}],"target":{"resourceId":"sid-C9F31D2B-D558-4275-8D2D-E34ADDAAA0CE"},"properties":{"overrideid":"sid-ECD9D560-6469-4664-9034-5751933AE416","executionlisteners":{"executionListeners":[]}}},{"bounds":{"lowerRight":{"x":655.0,"y":219.0},"upperLeft":{"x":555.0,"y":139.0}},"resourceId":"sid-AC85123D-9557-47AA-A624-1F474AF3E32A","childShapes":[],"stencil":{"id":"ScriptTask"},"properties":{"overrideid":"sid-AC85123D-9557-47AA-A624-1F474AF3E32A","name":"Merge Docs","scriptformat":"javascript","scripttext":"java.lang.System.out.println(\"***  Started - Merge document *** \");\n\ndocumentMergeBean.mergeDocuments('coverLetterT;file1;file2', 'coverLetterT', execution);\n\njava.lang.System.out.println(\"***  Finished - Merge document *** \");","executionlisteners":{"executionListeners":[]},"isforcompensation":false,"asynchronousdefinition":false,"exclusivedefinition":false},"outgoing":[{"resourceId":"sid-3D327899-769F-44B5-A8FC-49D757AE9866"}]},{"bounds":{"lowerRight":{"x":790.242193548,"y":219.0837419355},"upperLeft":{"x":690.0,"y":138.9162580645}},"resourceId":"sid-008D6D0A-9CB3-4F6F-9112-334CFF11AF7A","childShapes":[],"stencil":{"id":"PublishToAlfrescoCloudTask"},"properties":{"overrideid":"sid-008D6D0A-9CB3-4F6F-9112-334CFF11AF7A","name":"Upload  To ACS","alfresco_cloud_destination":{"account":"alfresco-1-alfresco-1","site":"demo-respository","publish_as_type":"process_initiator","path":"ed508278-75ab-4d00-af55-cf94effe7a9f","folder":"firstname","path_title":"documentLibrary > Bert","site_title":"Demo Respository","publish-task-type":"alfresco"},"alfresco_cloud_content":{"source":"field","documentType":"cmis:document","documentAspects":[{"aspectName":"cm:titled"}],"field":"coverLetterT"},"executionlisteners":{"executionListeners":[]},"isforcompensation":false,"asynchronousdefinition":true,"exclusivedefinition":true},"outgoing":[{"resourceId":"sid-22F4A254-5809-4837-A256-AA0AC12C4E4F"}]},{"bounds":{"lowerRight":{"x":172.0,"y":212.0},"upperLeft":{"x":128.0,"y":212.0}},"resourceId":"sid-22F4A254-5809-4837-A256-AA0AC12C4E4F","childShapes":[],"stencil":{"id":"SequenceFlow"},"dockers":[{"x":50.12109677400002,"y":40.0837419355},{"x":14.0,"y":14.0}],"outgoing":[{"resourceId":"sid-8952B2B9-9E94-4DBE-911B-29ED0946639C"}],"target":{"resourceId":"sid-8952B2B9-9E94-4DBE-911B-29ED0946639C"},"properties":{"overrideid":"sid-22F4A254-5809-4837-A256-AA0AC12C4E4F","executionlisteners":{"executionListeners":[]}}},{"bounds":{"lowerRight":{"x":172.0,"y":212.0},"upperLeft":{"x":128.0,"y":212.0}},"resourceId":"sid-272AD15C-7DA9-46FE-A02C-36BC93AFABB2","childShapes":[],"stencil":{"id":"SequenceFlow"},"dockers":[{"x":50.0,"y":40.0},{"x":50.0,"y":40.0}],"outgoing":[{"resourceId":"sid-AC85123D-9557-47AA-A624-1F474AF3E32A"}],"target":{"resourceId":"sid-AC85123D-9557-47AA-A624-1F474AF3E32A"},"properties":{"overrideid":"sid-272AD15C-7DA9-46FE-A02C-36BC93AFABB2","executionlisteners":{"executionListeners":[]}}},{"bounds":{"lowerRight":{"x":172.0,"y":212.0},"upperLeft":{"x":128.0,"y":212.0}},"resourceId":"sid-3D327899-769F-44B5-A8FC-49D757AE9866","childShapes":[],"stencil":{"id":"SequenceFlow"},"dockers":[{"x":50.0,"y":40.0},{"x":50.12109677400002,"y":40.0837419355}],"outgoing":[{"resourceId":"sid-008D6D0A-9CB3-4F6F-9112-334CFF11AF7A"}],"target":{"resourceId":"sid-008D6D0A-9CB3-4F6F-9112-334CFF11AF7A"},"properties":{"overrideid":"sid-3D327899-769F-44B5-A8FC-49D757AE9866","executionlisteners":{"executionListeners":[]}}},{"bounds":{"lowerRight":{"x":172.0,"y":212.0},"upperLeft":{"x":128.0,"y":212.0}},"resourceId":"sid-2AA8E926-E15F-4B87-8386-27B6F6003C01","childShapes":[],"stencil":{"id":"SequenceFlow"},"dockers":[{"x":50.0,"y":40.0},{"x":50.0,"y":40.0}],"outgoing":[{"resourceId":"sid-B44FBAA2-1C4E-47F2-BA01-27B83928F70C"}],"target":{"resourceId":"sid-B44FBAA2-1C4E-47F2-BA01-27B83928F70C"},"properties":{"overrideid":"sid-2AA8E926-E15F-4B87-8386-27B6F6003C01","executionlisteners":{"executionListeners":[]}}}]}