{"referenceId":null,"name":"bankDataModel","description":null,"dataSourceName":"aps-custom-oracle-db","editorJson":{"id":18019,"name":"bankDataModel","dataSourceId":2002,"entities":[{"name":"bankCustomers","description":"Details of all customers","tableName":"CUSTOMERS","attributes":[{"name":"id","type":"number","description":"","mappedName":"ID","primaryKey":true,"generatedValue":false,"identity":false,"required":false},{"name":"name","type":"string","description":"","mappedName":"NAME","primaryKey":false,"generatedValue":false,"identity":false,"required":false},{"name":"address","type":"string","description":"","mappedName":"ADDRESS","primaryKey":false,"generatedValue":false,"identity":false,"required":false},{"name":"city","type":"string","description":"","mappedName":"CITY","primaryKey":false,"generatedValue":false,"identity":false,"required":false},{"name":"state","type":"string","description":"","mappedName":"STATE","primaryKey":false,"generatedValue":false,"identity":false,"required":false},{"name":"zipCode","type":"string","description":"","mappedName":"ZIP_CODE","primaryKey":false,"generatedValue":false,"identity":false,"required":false}]}]}}