{"resourceId":7012,"properties":{"process_id":"LaunchEnrollmentProcessBySignal","name":"Launch Enrollment Process By Signal","documentation":"","process_author":"","process_version":"","process_namespace":"http://www.activiti.org/processdef","executionlisteners":"","eventlisteners":"","signaldefinitions":"","messagedefinitions":"","executionvariables":"","metadata":""},"stencil":{"id":"BPMNDiagram"},"childShapes":[{"resourceId":"startEvent1","properties":{"overrideid":"","name":"Start","documentation":"","executionlisteners":"","initiator":"","formkeydefinition":"","formreference":"","fieldstovariables":"","formproperties":""},"stencil":{"id":"StartNoneEvent"},"childShapes":[],"outgoing":[{"resourceId":"sid-333D8528-CE77-49D7-9516-ADCDFA12A4A0"}],"bounds":{"lowerRight":{"x":130,"y":193},"upperLeft":{"x":100,"y":163}},"dockers":[]},{"resourceId":"sid-333D8528-CE77-49D7-9516-ADCDFA12A4A0","properties":{"overrideid":"","name":"","documentation":"","conditionsequenceflow":"","executionlisteners":"","defaultflow":"false"},"stencil":{"id":"SequenceFlow"},"childShapes":[],"outgoing":[{"resourceId":"sid-81646815-A2B7-4589-90D6-A95C93687BA9"}],"bounds":{"lowerRight":{"x":254.2734375,"y":178},"upperLeft":{"x":130.84375,"y":178}},"dockers":[{"x":15,"y":15},{"x":50,"y":40}],"target":{"resourceId":"sid-81646815-A2B7-4589-90D6-A95C93687BA9"}},{"resourceId":"sid-7B67EFA5-1C9F-4FB6-A0C7-3F7A2F3DF80D","properties":{"overrideid":"","name":"End","documentation":"","executionlisteners":""},"stencil":{"id":"EndNoneEvent"},"childShapes":[],"outgoing":[],"bounds":{"lowerRight":{"x":493,"y":192},"upperLeft":{"x":465,"y":164}},"dockers":[]},{"resourceId":"sid-0662F6C4-1091-40DC-A03A-6606BB2E537A","properties":{"overrideid":"","name":"","documentation":"","conditionsequenceflow":"","executionlisteners":"","defaultflow":"false"},"stencil":{"id":"SequenceFlow"},"childShapes":[],"outgoing":[{"resourceId":"sid-7B67EFA5-1C9F-4FB6-A0C7-3F7A2F3DF80D"}],"bounds":{"lowerRight":{"x":464.40625,"y":178},"upperLeft":{"x":355.6171875,"y":178}},"dockers":[{"x":50,"y":40},{"x":14,"y":14}],"target":{"resourceId":"sid-7B67EFA5-1C9F-4FB6-A0C7-3F7A2F3DF80D"}},{"resourceId":"sid-81646815-A2B7-4589-90D6-A95C93687BA9","properties":{"overrideid":"","name":"Launch Enrollment Process","documentation":"","restcalltask_endpoint":{"http_method":"POST","endpoint_config":{"id":2002,"tenantId":1,"name":"APS Base","protocol":"HTTP","host":"ec2-52-90-87-168.compute-1.amazonaws.com","port":"","path":"","basicAuthId":1,"basicAuthName":"demo","requestHeaders":null},"rest_url":"/activiti-app/api/runtime/signals?tenantId=tenant_1"},"restcalltask_request_mapping":{"isJSONTemplate":true,"jsonTemplate":"{ \n  \"signalName\":\"enrollment-signal-event\", \n  \"tenantId\":\"tenant_1\", \n  \"async\":\"false\", \n  \"variables\": [ \n                    { \"name\":\"varFromSignal\", \"value\":\"Happy Christmas !\" },\n                    { \"name\":\"firstname\", \"value\":\"John\" },\n                    { \"name\":\"lastname\", \"value\":\"Smith\" }\n               ] \n}"},"restcalltask_response_mapping":"","restcalltask_request_headers":"","type":"http://b3mn.org/stencilset/bpmn2.0#UserTask","asynchronousdefinition":"false","exclusivedefinition":"false","executionlisteners":"","multiinstance_type":"None","multiinstance_cardinality":"","multiinstance_collection":"","multiinstance_variable":"","multiinstance_condition":"","isforcompensation":"false","usertasksendemail":true,"usertaskassignment":"","formkeydefinition":"","formreference":"","fieldstovariables":"","duedatedefinition":"","prioritydefinition":"","categorydefinition":"","formproperties":"","tasklisteners":"","emailtemplate":""},"stencil":{"id":"RestCallTask"},"childShapes":[],"outgoing":[{"resourceId":"sid-0662F6C4-1091-40DC-A03A-6606BB2E537A"}],"bounds":{"lowerRight":{"x":355,"y":218},"upperLeft":{"x":255,"y":138}},"dockers":[]}],"bounds":{"lowerRight":{"x":1200,"y":1050},"upperLeft":{"x":0,"y":0}},"stencilset":{"url":"stencilsets/bpmn2.0/bpmn2.0.json","namespace":"http://b3mn.org/stencilset/bpmn2.0#"},"ssextensions":[]}