<?xml version='1.0' encoding='UTF-8'?>
<definitions xmlns="http://www.omg.org/spec/BPMN/20100524/MODEL" xmlns:xsi="http://www.w3.org/2001/XMLSchema-instance" xmlns:xsd="http://www.w3.org/2001/XMLSchema" xmlns:activiti="http://activiti.org/bpmn" xmlns:bpmndi="http://www.omg.org/spec/BPMN/20100524/DI" xmlns:omgdc="http://www.omg.org/spec/DD/20100524/DC" xmlns:omgdi="http://www.omg.org/spec/DD/20100524/DI" typeLanguage="http://www.w3.org/2001/XMLSchema" expressionLanguage="http://www.w3.org/1999/XPath" targetNamespace="http://www.activiti.org/processdef" xmlns:modeler="http://activiti.com/modeler" modeler:version="1.0en" modeler:exportDateTime="20191219040146819" modeler:modelId="7012" modeler:modelVersion="6" modeler:modelLastUpdated="1576727744952">
  <process id="LaunchEnrollmentProcessBySignal" name="Launch Enrollment Process By Signal" isExecutable="true">
    <startEvent id="startEvent1" name="Start">
      <extensionElements>
        <modeler:editor-resource-id><![CDATA[startEvent1]]></modeler:editor-resource-id>
      </extensionElements>
    </startEvent>
    <sequenceFlow id="sid-333D8528-CE77-49D7-9516-ADCDFA12A4A0" sourceRef="startEvent1" targetRef="sid-81646815-A2B7-4589-90D6-A95C93687BA9">
      <extensionElements>
        <modeler:editor-resource-id><![CDATA[sid-333D8528-CE77-49D7-9516-ADCDFA12A4A0]]></modeler:editor-resource-id>
      </extensionElements>
    </sequenceFlow>
    <endEvent id="sid-7B67EFA5-1C9F-4FB6-A0C7-3F7A2F3DF80D" name="End">
      <extensionElements>
        <modeler:editor-resource-id><![CDATA[sid-7B67EFA5-1C9F-4FB6-A0C7-3F7A2F3DF80D]]></modeler:editor-resource-id>
      </extensionElements>
    </endEvent>
    <sequenceFlow id="sid-0662F6C4-1091-40DC-A03A-6606BB2E537A" sourceRef="sid-81646815-A2B7-4589-90D6-A95C93687BA9" targetRef="sid-7B67EFA5-1C9F-4FB6-A0C7-3F7A2F3DF80D">
      <extensionElements>
        <modeler:editor-resource-id><![CDATA[sid-0662F6C4-1091-40DC-A03A-6606BB2E537A]]></modeler:editor-resource-id>
      </extensionElements>
    </sequenceFlow>
    <serviceTask id="sid-81646815-A2B7-4589-90D6-A95C93687BA9" name="Launch Enrollment Process" activiti:async="true" activiti:delegateExpression="${activiti_restCallDelegate}">
      <extensionElements>
        <activiti:field name="baseEndpoint">
          <activiti:string><![CDATA[2002]]></activiti:string>
        </activiti:field>
        <activiti:field name="baseEndpointName">
          <activiti:string><![CDATA[APS Base]]></activiti:string>
        </activiti:field>
        <activiti:field name="restUrl">
          <activiti:string><![CDATA[/activiti-app/api/runtime/signals?tenantId=tenant_1]]></activiti:string>
        </activiti:field>
        <activiti:field name="httpMethod">
          <activiti:string><![CDATA[POST]]></activiti:string>
        </activiti:field>
        <activiti:field name="requestMappingJSONTemplate">
          <activiti:expression><![CDATA[{ 
  "signalName":"enrollment-signal-event", 
  "tenantId":"tenant_1", 
  "async":"false", 
  "variables": [ 
                    { "name":"varFromSignal", "value":"Happy Christmas !" },
                    { "name":"firstname", "value":"John" },
                    { "name":"lastname", "value":"Smith" }
               ] 
}]]></activiti:expression>
        </activiti:field>
        <modeler:editor-resource-id><![CDATA[sid-81646815-A2B7-4589-90D6-A95C93687BA9]]></modeler:editor-resource-id>
      </extensionElements>
    </serviceTask>
  </process>
  <bpmndi:BPMNDiagram id="BPMNDiagram_LaunchEnrollmentProcessBySignal">
    <bpmndi:BPMNPlane bpmnElement="LaunchEnrollmentProcessBySignal" id="BPMNPlane_LaunchEnrollmentProcessBySignal">
      <bpmndi:BPMNShape bpmnElement="startEvent1" id="BPMNShape_startEvent1">
        <omgdc:Bounds height="30.0" width="30.0" x="100.0" y="163.0"/>
      </bpmndi:BPMNShape>
      <bpmndi:BPMNShape bpmnElement="sid-7B67EFA5-1C9F-4FB6-A0C7-3F7A2F3DF80D" id="BPMNShape_sid-7B67EFA5-1C9F-4FB6-A0C7-3F7A2F3DF80D">
        <omgdc:Bounds height="28.0" width="28.0" x="465.0" y="164.0"/>
      </bpmndi:BPMNShape>
      <bpmndi:BPMNShape bpmnElement="sid-81646815-A2B7-4589-90D6-A95C93687BA9" id="BPMNShape_sid-81646815-A2B7-4589-90D6-A95C93687BA9">
        <omgdc:Bounds height="80.0" width="100.0" x="255.0" y="138.0"/>
      </bpmndi:BPMNShape>
      <bpmndi:BPMNEdge bpmnElement="sid-0662F6C4-1091-40DC-A03A-6606BB2E537A" id="BPMNEdge_sid-0662F6C4-1091-40DC-A03A-6606BB2E537A">
        <omgdi:waypoint x="355.0" y="178.0"/>
        <omgdi:waypoint x="465.0" y="178.0"/>
      </bpmndi:BPMNEdge>
      <bpmndi:BPMNEdge bpmnElement="sid-333D8528-CE77-49D7-9516-ADCDFA12A4A0" id="BPMNEdge_sid-333D8528-CE77-49D7-9516-ADCDFA12A4A0">
        <omgdi:waypoint x="130.0" y="178.0"/>
        <omgdi:waypoint x="255.0" y="178.0"/>
      </bpmndi:BPMNEdge>
    </bpmndi:BPMNPlane>
  </bpmndi:BPMNDiagram>
</definitions>