{"fieldTypes":[{"type":"text","title":"FORM-BUILDER.PALLETTE.TEXT","icon":"images/form-builder/textfield-icon.png","width":1,"fieldValue":"value","valueType":"string","tabs":[{"id":"general","name":"FORM-BUILDER.TABS.GENERAL","properties":[{"id":"label","name":"FORM-BUILDER.COMPONENT.LABEL","type":"label"},{"id":"id","name":"FORM-BUILDER.COMPONENT.ID","type":"id"},{"id":"required","name":"FORM-BUILDER.COMPONENT.REQUIRED","type":"required"},{"id":"colspan","name":"FORM-BUILDER.COMPONENT.COLSPAN","type":"colspan"},{"id":"placeholder","name":"FORM-BUILDER.COMPONENT.PLACEHOLDER","type":"placeholder"}]},{"id":"advanced","name":"FORM-BUILDER.TABS.ADVANCED","properties":[{"id":"minLength","name":"FORM-BUILDER.COMPONENT.MIN-LENGTH","type":"minLength"},{"id":"maxLength","name":"FORM-BUILDER.COMPONENT.MAX-LENGTH","type":"maxLength"},{"id":"regexPattern","name":"FORM-BUILDER.COMPONENT.REGEX-PATTERN","type":"regexPattern"},{"id":"inputMask","name":"FORM-BUILDER.COMPONENT.MASKED-INPUT.TITLE","type":"inputMask"},{"id":"inputMaskPlaceholder","name":"FORM-BUILDER.COMPONENT.MASKED-INPUT.PLACEHOLDER","type":"inputMaskPlaceholder"}]},{"id":"visibility","name":"FORM-BUILDER.TABS.VISIBILITY","properties":[{"id":"visibility","name":"FORM-BUILDER.TABS.VISIBILITY","type":"visibility","hideLabel":true}]},{"id":"style","name":"FORM-BUILDER.TABS.STYLE","properties":[{"id":"className","name":"FORM-BUILDER.COMPONENT.CLASSNAME","type":"className"}]}]},{"type":"multi-line-text","title":"FORM-BUILDER.PALLETTE.MULTILINE-TEXT","icon":"images/form-builder/multi-line-textfield-icon.png","width":1,"fieldValue":"value","valueType":"string","tabs":[{"id":"general","name":"FORM-BUILDER.TABS.GENERAL","properties":[{"id":"label","name":"FORM-BUILDER.COMPONENT.LABEL","type":"label"},{"id":"id","name":"FORM-BUILDER.COMPONENT.ID","type":"id"},{"id":"required","name":"FORM-BUILDER.COMPONENT.REQUIRED","type":"required"},{"id":"colspan","name":"FORM-BUILDER.COMPONENT.COLSPAN","type":"colspan"},{"id":"placeholder","name":"FORM-BUILDER.COMPONENT.PLACEHOLDER","type":"placeholder"}]},{"id":"advanced","name":"FORM-BUILDER.TABS.ADVANCED","properties":[{"id":"minLength","name":"FORM-BUILDER.COMPONENT.MIN-LENGTH","type":"minLength"},{"id":"maxLength","name":"FORM-BUILDER.COMPONENT.MAX-LENGTH","type":"maxLength"},{"id":"regexPattern","name":"FORM-BUILDER.COMPONENT.REGEX-PATTERN","type":"regexPattern"}]},{"id":"visibility","name":"FORM-BUILDER.TABS.VISIBILITY","properties":[{"id":"visibility","name":"FORM-BUILDER.TABS.VISIBILITY","type":"visibility","hideLabel":true}]},{"id":"style","name":"FORM-BUILDER.TABS.STYLE","properties":[{"id":"className","name":"FORM-BUILDER.COMPONENT.CLASSNAME","type":"className"}]}]},{"type":"integer","title":"FORM-BUILDER.PALLETTE.NUMBER","icon":"images/form-builder/numberfield-icon.png","width":1,"fieldValue":"value","valueType":"string","tabs":[{"id":"general","name":"FORM-BUILDER.TABS.GENERAL","properties":[{"id":"label","name":"FORM-BUILDER.COMPONENT.LABEL","type":"label"},{"id":"id","name":"FORM-BUILDER.COMPONENT.ID","type":"id"},{"id":"required","name":"FORM-BUILDER.COMPONENT.REQUIRED","type":"required"},{"id":"colspan","name":"FORM-BUILDER.COMPONENT.COLSPAN","type":"colspan"},{"id":"placeholder","name":"FORM-BUILDER.COMPONENT.PLACEHOLDER","type":"placeholder"}]},{"id":"advanced","name":"FORM-BUILDER.TABS.ADVANCED","properties":[{"id":"minValue","name":"FORM-BUILDER.COMPONENT.MIN-VALUE","type":"minValue"},{"id":"maxValue","name":"FORM-BUILDER.COMPONENT.MAX-VALUE","type":"maxValue"}]},{"id":"visibility","name":"FORM-BUILDER.TABS.VISIBILITY","properties":[{"id":"visibility","name":"FORM-BUILDER.TABS.VISIBILITY","type":"visibility","hideLabel":true}]},{"id":"style","name":"FORM-BUILDER.TABS.STYLE","properties":[{"id":"className","name":"FORM-BUILDER.COMPONENT.CLASSNAME","type":"className"}]}]},{"type":"boolean","title":"FORM-BUILDER.PALLETTE.CHECKBOX","icon":"images/form-builder/booleanfield-icon.png","width":1,"fieldValue":"value","valueType":"string","tabs":[{"id":"general","name":"FORM-BUILDER.TABS.GENERAL","properties":[{"id":"label","name":"FORM-BUILDER.COMPONENT.LABEL","type":"label"},{"id":"id","name":"FORM-BUILDER.COMPONENT.ID","type":"id"},{"id":"required","name":"FORM-BUILDER.COMPONENT.REQUIRED","type":"required"},{"id":"colspan","name":"FORM-BUILDER.COMPONENT.COLSPAN","type":"colspan"}]},{"id":"visibility","name":"FORM-BUILDER.TABS.VISIBILITY","properties":[{"id":"visibility","name":"FORM-BUILDER.TABS.VISIBILITY","type":"visibility","hideLabel":true}]},{"id":"style","name":"FORM-BUILDER.TABS.STYLE","properties":[{"id":"className","name":"FORM-BUILDER.COMPONENT.CLASSNAME","type":"className"}]}]},{"type":"date","title":"FORM-BUILDER.PALLETTE.DATE","icon":"images/form-builder/datefield-icon.png","width":1,"fieldValue":"value","valueType":"string","tabs":[{"id":"general","name":"FORM-BUILDER.TABS.GENERAL","properties":[{"id":"label","name":"FORM-BUILDER.COMPONENT.LABEL","type":"label"},{"id":"id","name":"FORM-BUILDER.COMPONENT.ID","type":"id"},{"id":"required","name":"FORM-BUILDER.COMPONENT.REQUIRED","type":"required"},{"id":"colspan","name":"FORM-BUILDER.COMPONENT.COLSPAN","type":"colspan"},{"id":"placeholder","name":"FORM-BUILDER.COMPONENT.PLACEHOLDER","type":"placeholder"}]},{"id":"advanced","name":"FORM-BUILDER.TABS.ADVANCED","properties":[{"id":"minValue","name":"FORM-BUILDER.COMPONENT.MIN-VALUE","type":"minValue"},{"id":"maxValue","name":"FORM-BUILDER.COMPONENT.MAX-VALUE","type":"maxValue"},{"id":"dateDisplayFormat","name":"FORM-BUILDER.COMPONENT.DATE-DISPLAY-FORMAT","type":"dateFormat"}]},{"id":"visibility","name":"FORM-BUILDER.TABS.VISIBILITY","properties":[{"id":"visibility","name":"FORM-BUILDER.TABS.VISIBILITY","type":"visibility","hideLabel":true}]},{"id":"style","name":"FORM-BUILDER.TABS.STYLE","properties":[{"id":"className","name":"FORM-BUILDER.COMPONENT.CLASSNAME","type":"className"}]}]},{"type":"dropdown","title":"FORM-BUILDER.PALLETTE.DROPDOWN","icon":"images/form-builder/dropdownfield-icon.png","width":1,"fieldValue":"value","valueType":"string","tabs":[{"id":"general","name":"FORM-BUILDER.TABS.GENERAL","properties":[{"id":"label","name":"FORM-BUILDER.COMPONENT.LABEL","type":"label"},{"id":"id","name":"FORM-BUILDER.COMPONENT.ID","type":"id"},{"id":"required","name":"FORM-BUILDER.COMPONENT.REQUIRED","type":"required"},{"id":"colspan","name":"FORM-BUILDER.COMPONENT.COLSPAN","type":"colspan"},{"id":"placeholder","name":"FORM-BUILDER.COMPONENT.PLACEHOLDER","type":"placeholder"}]},{"id":"options","name":"FORM-BUILDER.TABS.OPTIONS","properties":[{"id":"options","name":"FORM-BUILDER.COMPONENT.OPTIONS-TYPE","type":"options"}]},{"id":"visibility","name":"FORM-BUILDER.TABS.VISIBILITY","properties":[{"id":"visibility","name":"FORM-BUILDER.TABS.VISIBILITY","type":"visibility","hideLabel":true}]},{"id":"style","name":"FORM-BUILDER.TABS.STYLE","properties":[{"id":"className","name":"FORM-BUILDER.COMPONENT.CLASSNAME","type":"className"}]}]},{"type":"typeahead","title":"FORM-BUILDER.PALLETTE.TYPEAHEAD","icon":"images/form-builder/dropdownfield-icon.png","width":1,"fieldValue":"value","valueType":"string","tabs":[{"id":"general","name":"FORM-BUILDER.TABS.GENERAL","properties":[{"id":"label","name":"FORM-BUILDER.COMPONENT.LABEL","type":"label"},{"id":"id","name":"FORM-BUILDER.COMPONENT.ID","type":"id"},{"id":"required","name":"FORM-BUILDER.COMPONENT.REQUIRED","type":"required"},{"id":"colspan","name":"FORM-BUILDER.COMPONENT.COLSPAN","type":"colspan"},{"id":"placeholder","name":"FORM-BUILDER.COMPONENT.PLACEHOLDER","type":"placeholder"}]},{"id":"options","name":"FORM-BUILDER.TABS.OPTIONS","properties":[{"id":"options","name":"FORM-BUILDER.COMPONENT.OPTIONS-TYPE","type":"options"}]},{"id":"visibility","name":"FORM-BUILDER.TABS.VISIBILITY","properties":[{"id":"visibility","name":"FORM-BUILDER.TABS.VISIBILITY","type":"visibility","hideLabel":true}]},{"id":"style","name":"FORM-BUILDER.TABS.STYLE","properties":[{"id":"className","name":"FORM-BUILDER.COMPONENT.CLASSNAME","type":"className"}]}]},{"type":"amount","title":"FORM-BUILDER.PALLETTE.AMOUNT","icon":"images/form-builder/amountfield-icon.png","width":1,"fieldValue":"value","valueType":"string","tabs":[{"id":"general","name":"FORM-BUILDER.TABS.GENERAL","properties":[{"id":"label","name":"FORM-BUILDER.COMPONENT.LABEL","type":"label"},{"id":"id","name":"FORM-BUILDER.COMPONENT.ID","type":"id"},{"id":"required","name":"FORM-BUILDER.COMPONENT.REQUIRED","type":"required"},{"id":"colspan","name":"FORM-BUILDER.COMPONENT.COLSPAN","type":"colspan"},{"id":"placeholder","name":"FORM-BUILDER.COMPONENT.PLACEHOLDER","type":"placeholder"}]},{"id":"advanced","name":"FORM-BUILDER.TABS.ADVANCED","properties":[{"id":"minValue","name":"FORM-BUILDER.COMPONENT.MIN-VALUE","type":"minValue"},{"id":"maxValue","name":"FORM-BUILDER.COMPONENT.MAX-VALUE","type":"maxValue"}]},{"id":"amount","name":"FORM-BUILDER.TABS.AMOUNT","properties":[{"id":"amountcurrency","name":"FORM-BUILDER.COMPONENT.AMOUNT-CURRENCY-PROPERTY","type":"amountcurrency"}]},{"id":"visibility","name":"FORM-BUILDER.TABS.VISIBILITY","properties":[{"id":"visibility","name":"FORM-BUILDER.TABS.VISIBILITY","type":"visibility","hideLabel":true}]},{"id":"style","name":"FORM-BUILDER.TABS.STYLE","properties":[{"id":"className","name":"FORM-BUILDER.COMPONENT.CLASSNAME","type":"className"}]}]},{"type":"radio-buttons","title":"FORM-BUILDER.PALLETTE.RADIO","icon":"images/form-builder/choicefield-icon.png","width":1,"fieldValue":"value","valueType":"string","tabs":[{"id":"general","name":"FORM-BUILDER.TABS.GENERAL","properties":[{"id":"label","name":"FORM-BUILDER.COMPONENT.LABEL","type":"label"},{"id":"id","name":"FORM-BUILDER.COMPONENT.ID","type":"id"},{"id":"required","name":"FORM-BUILDER.COMPONENT.REQUIRED","type":"required"},{"id":"colspan","name":"FORM-BUILDER.COMPONENT.COLSPAN","type":"colspan"},{"id":"placeholder","name":"FORM-BUILDER.COMPONENT.PLACEHOLDER","type":"placeholder"}]},{"id":"options","name":"FORM-BUILDER.TABS.OPTIONS","properties":[{"id":"options","name":"FORM-BUILDER.COMPONENT.OPTIONS-TYPE","type":"options"}]},{"id":"visibility","name":"FORM-BUILDER.TABS.VISIBILITY","properties":[{"id":"visibility","name":"FORM-BUILDER.TABS.VISIBILITY","type":"visibility","hideLabel":true}]},{"id":"style","name":"FORM-BUILDER.TABS.STYLE","properties":[{"id":"className","name":"FORM-BUILDER.COMPONENT.CLASSNAME","type":"className"}]}]},{"type":"people","title":"FORM-BUILDER.PALLETTE.PEOPLE","icon":"images/form-builder/peoplefield-icon.png","width":1,"fieldValue":"value","valueType":"string","tabs":[{"id":"general","name":"FORM-BUILDER.TABS.GENERAL","properties":[{"id":"label","name":"FORM-BUILDER.COMPONENT.LABEL","type":"label"},{"id":"id","name":"FORM-BUILDER.COMPONENT.ID","type":"id"},{"id":"required","name":"FORM-BUILDER.COMPONENT.REQUIRED","type":"required"},{"id":"colspan","name":"FORM-BUILDER.COMPONENT.COLSPAN","type":"colspan"},{"id":"placeholder","name":"FORM-BUILDER.COMPONENT.PLACEHOLDER","type":"placeholder"}]},{"id":"grouprestriction","name":"FORM-BUILDER.TABS.GROUP-RESTRICTIONS","properties":[{"id":"grouprestriction","name":"FORM-BUILDER.GROUP-RESTRICTION.LABEL","type":"grouprestriction"}]},{"id":"visibility","name":"FORM-BUILDER.TABS.VISIBILITY","properties":[{"id":"visibility","name":"FORM-BUILDER.TABS.VISIBILITY","type":"visibility","hideLabel":true}]},{"id":"style","name":"FORM-BUILDER.TABS.STYLE","properties":[{"id":"className","name":"FORM-BUILDER.COMPONENT.CLASSNAME","type":"className"}]}]},{"type":"functional-group","title":"FORM-BUILDER.PALLETTE.GROUP-OF-PEOPLE","icon":"images/form-builder/peoplefield-icon.png","width":1,"fieldValue":"value","valueType":"string","tabs":[{"id":"general","name":"FORM-BUILDER.TABS.GENERAL","properties":[{"id":"label","name":"FORM-BUILDER.COMPONENT.LABEL","type":"label"},{"id":"id","name":"FORM-BUILDER.COMPONENT.ID","type":"id"},{"id":"required","name":"FORM-BUILDER.COMPONENT.REQUIRED","type":"required"},{"id":"colspan","name":"FORM-BUILDER.COMPONENT.COLSPAN","type":"colspan"},{"id":"placeholder","name":"FORM-BUILDER.COMPONENT.PLACEHOLDER","type":"placeholder"}]},{"id":"grouprestriction","name":"FORM-BUILDER.TABS.GROUP-RESTRICTIONS","properties":[{"id":"grouprestriction","name":"FORM-BUILDER.GROUP-RESTRICTION.LABEL","type":"grouprestriction"}]},{"id":"visibility","name":"FORM-BUILDER.TABS.VISIBILITY","properties":[{"id":"visibility","name":"FORM-BUILDER.TABS.VISIBILITY","type":"visibility","hideLabel":true}]},{"id":"style","name":"FORM-BUILDER.TABS.STYLE","properties":[{"id":"className","name":"FORM-BUILDER.COMPONENT.CLASSNAME","type":"className"}]}]},{"type":"dynamic-table","title":"FORM-BUILDER.PALLETTE.TABLE","icon":"images/form-builder/dynamic-table-icon.png","width":2,"fieldValue":"value","valueType":"string","tabs":[{"id":"general","name":"FORM-BUILDER.TABS.GENERAL","properties":[{"id":"label","name":"FORM-BUILDER.COMPONENT.LABEL","type":"label"},{"id":"id","name":"FORM-BUILDER.COMPONENT.ID","type":"id"},{"id":"required","name":"FORM-BUILDER.COMPONENT.REQUIRED","type":"required"},{"id":"placeholder","name":"FORM-BUILDER.COMPONENT.PLACEHOLDER","type":"placeholder"}]},{"id":"table","name":"FORM-BUILDER.TABS.TABLE-COLUMNS","properties":[{"id":"columndefinition","name":"FORM-BUILDER.TABS.TABLE-COLUMNS","type":"columndefinition","hideLabel":true}]},{"id":"visibility","name":"FORM-BUILDER.TABS.VISIBILITY","properties":[{"id":"visibility","name":"FORM-BUILDER.TABS.VISIBILITY","type":"visibility","hideLabel":true}]},{"id":"style","name":"FORM-BUILDER.TABS.STYLE","properties":[{"id":"className","name":"FORM-BUILDER.COMPONENT.CLASSNAME","type":"className"}]}]},{"type":"hyperlink","title":"FORM-BUILDER.PALLETTE.HYPERLINK","icon":"images/form-builder/hyperlink-icon.png","width":1,"fieldValue":"value","valueType":"string","tabs":[{"id":"general","name":"FORM-BUILDER.TABS.GENERAL","properties":[{"id":"label","name":"FORM-BUILDER.COMPONENT.LABEL","type":"label"},{"id":"id","name":"FORM-BUILDER.COMPONENT.ID","type":"id"},{"id":"colspan","name":"FORM-BUILDER.COMPONENT.COLSPAN","type":"colspan"},{"id":"placeholder","name":"FORM-BUILDER.COMPONENT.PLACEHOLDER","type":"placeholder"}]},{"id":"urloptions","name":"FORM-BUILDER.TABS.URL-OPTIONS","properties":[{"id":"urldefinition","name":"FORM-BUILDER.COMPONENT.HYPERLINK-URL","type":"urldefinition"}]},{"id":"visibility","name":"FORM-BUILDER.TABS.VISIBILITY","properties":[{"id":"visibility","name":"FORM-BUILDER.TABS.VISIBILITY","type":"visibility","hideLabel":true}]},{"id":"style","name":"FORM-BUILDER.TABS.STYLE","properties":[{"id":"className","name":"FORM-BUILDER.COMPONENT.CLASSNAME","type":"className"}]}]},{"type":"container","title":"FORM-BUILDER.PALLETTE.CONTAINER","icon":"images/form-builder/group-icon.png","hideFromPalette":true,"width":2,"fieldValue":"value","valueType":"string","tabs":[{"id":"general","name":"FORM-BUILDER.TABS.GENERAL","properties":[{"id":"numberOfColumns","name":"FORM-BUILDER.COMPONENT.NUMBER-OF-COLUMNS","type":"numberOfColumns"}]},{"id":"style","name":"FORM-BUILDER.TABS.STYLE","properties":[{"id":"className","name":"FORM-BUILDER.COMPONENT.CLASSNAME","type":"className"}]}]},{"type":"group","title":"FORM-BUILDER.PALLETTE.HEADER","icon":"images/form-builder/group-icon.png","width":2,"fieldValue":"value","valueType":"string","tabs":[{"id":"general","name":"FORM-BUILDER.TABS.GENERAL","properties":[{"id":"label","name":"FORM-BUILDER.COMPONENT.LABEL","type":"label"},{"id":"id","name":"FORM-BUILDER.COMPONENT.ID","type":"id"},{"id":"numberOfColumns","name":"FORM-BUILDER.COMPONENT.NUMBER-OF-COLUMNS","type":"numberOfColumns"}]},{"id":"group","name":"FORM-BUILDER.TABS.GROUP","properties":[{"id":"allowcollapse","name":"FORM-BUILDER.COMPONENT.ALLOW-COLLAPSE","type":"allowcollapse"},{"id":"collapsebydefault","name":"FORM-BUILDER.COMPONENT.COLLAPSE-BY-DEFAULT","type":"collapsebydefault"}]},{"id":"visibility","name":"FORM-BUILDER.TABS.VISIBILITY","properties":[{"id":"visibility","name":"FORM-BUILDER.TABS.VISIBILITY","type":"visibility","hideLabel":true}]},{"id":"style","name":"FORM-BUILDER.TABS.STYLE","properties":[{"id":"className","name":"FORM-BUILDER.COMPONENT.CLASSNAME","type":"className"}]}]},{"type":"upload","title":"FORM-BUILDER.PALLETTE.UPLOAD","icon":"images/form-builder/uploadfield-icon.png","width":1,"fieldValue":"value","valueType":"string","tabs":[{"id":"general","name":"FORM-BUILDER.TABS.GENERAL","properties":[{"id":"label","name":"FORM-BUILDER.COMPONENT.LABEL","type":"label"},{"id":"id","name":"FORM-BUILDER.COMPONENT.ID","type":"id"},{"id":"required","name":"FORM-BUILDER.COMPONENT.REQUIRED","type":"required"},{"id":"colspan","name":"FORM-BUILDER.COMPONENT.COLSPAN","type":"colspan"},{"id":"placeholder","name":"FORM-BUILDER.COMPONENT.PLACEHOLDER","type":"placeholder"}]},{"id":"upload","name":"FORM-BUILDER.TABS.UPLOAD-OPTIONS","properties":[{"id":"uploadconfig","name":"FORM-BUILDER.TABS.UPLOAD-OPTIONS","type":"uploadconfig"}]},{"id":"visibility","name":"FORM-BUILDER.TABS.VISIBILITY","properties":[{"id":"visibility","name":"FORM-BUILDER.TABS.VISIBILITY","type":"visibility","hideLabel":true}]},{"id":"style","name":"FORM-BUILDER.TABS.STYLE","properties":[{"id":"className","name":"FORM-BUILDER.COMPONENT.CLASSNAME","type":"className"}]}]},{"type":"select-folder","title":"FORM-BUILDER.PALLETTE.SELECT-FOLDER","icon":"images/form-builder/uploadfield-icon.png","width":1,"fieldValue":"value","valueType":"string","tabs":[{"id":"general","name":"FORM-BUILDER.TABS.GENERAL","properties":[{"id":"label","name":"FORM-BUILDER.COMPONENT.LABEL","type":"label"},{"id":"id","name":"FORM-BUILDER.COMPONENT.ID","type":"id"},{"id":"required","name":"FORM-BUILDER.COMPONENT.REQUIRED","type":"required"},{"id":"colspan","name":"FORM-BUILDER.COMPONENT.COLSPAN","type":"colspan"},{"id":"placeholder","name":"FORM-BUILDER.COMPONENT.PLACEHOLDER","type":"placeholder"}]},{"id":"selectfolder","name":"FORM-BUILDER.TABS.SELECT-FOLDER-OPTIONS","properties":[{"id":"selectfolderconfig","name":"FORM-BUILDER.TABS.SELECT-FOLDER-OPTIONS","type":"selectfolderconfig"}]},{"id":"visibility","name":"FORM-BUILDER.TABS.VISIBILITY","properties":[{"id":"visibility","name":"FORM-BUILDER.TABS.VISIBILITY","type":"visibility","hideLabel":true}]},{"id":"style","name":"FORM-BUILDER.TABS.STYLE","properties":[{"id":"className","name":"FORM-BUILDER.COMPONENT.CLASSNAME","type":"className"}]}]},{"type":"readonly","title":"FORM-BUILDER.PALLETTE.DISPLAY-VALUE","icon":"images/form-builder/readonly-icon.png","width":1,"fieldValue":"value","valueType":"string","tabs":[{"id":"general","name":"FORM-BUILDER.TABS.GENERAL","properties":[{"id":"label","name":"FORM-BUILDER.COMPONENT.LABEL","type":"label"},{"id":"readonly","name":"FORM-BUILDER.MESSAGE.READONLY-TEXT-SELECT-FIELD","type":"readonly","hideLabel":true},{"id":"colspan","name":"FORM-BUILDER.COMPONENT.COLSPAN","type":"colspan"}]},{"id":"visibility","name":"FORM-BUILDER.TABS.VISIBILITY","properties":[{"id":"visibility","name":"FORM-BUILDER.TABS.VISIBILITY","type":"visibility","hideLabel":true}]},{"id":"style","name":"FORM-BUILDER.TABS.STYLE","properties":[{"id":"className","name":"FORM-BUILDER.COMPONENT.CLASSNAME","type":"className"}]}]},{"type":"readonly-text","title":"FORM-BUILDER.PALLETTE.DISPLAY-TEXT","icon":"images/form-builder/readonly-text-icon.png","width":1,"fieldValue":"value","valueType":"string","tabs":[{"id":"general","name":"FORM-BUILDER.TABS.GENERAL","properties":[{"id":"label","name":"FORM-BUILDER.COMPONENT.LABEL","type":"label"},{"id":"id","name":"FORM-BUILDER.COMPONENT.ID","type":"id"},{"id":"readonlytext","name":"FORM-BUILDER.COMPONENT.READONLY-TEXT","type":"readonlytext"},{"id":"colspan","name":"FORM-BUILDER.COMPONENT.COLSPAN","type":"colspan"}]},{"id":"visibility","name":"FORM-BUILDER.TABS.VISIBILITY","properties":[{"id":"visibility","name":"FORM-BUILDER.TABS.VISIBILITY","type":"visibility","hideLabel":true}]},{"id":"style","name":"FORM-BUILDER.TABS.STYLE","properties":[{"id":"className","name":"FORM-BUILDER.COMPONENT.CLASSNAME","type":"className"}]}]},{"type":"custom","customType":"multi_user_select","title":"Select Multi Users From Dual List","customIconId":51,"width":2,"template":"    <div ng-controller=\"MultiUserSelectController\">\r\n        \r\n        <div style=\"margin-left:90px;\">\r\n            <table>\r\n                <tr style=\"height:35px;margin-bottom:10px;\">\r\n                    <tr>\r\n                        <td style=\"background-color:#36A7C4\"><span style=\"margin-left:5px;color:white;background-color:#36A7C4;width:250px;\">Available</span>\r\n\r\n                        </td>\r\n                        <td></td>\r\n                        <td style=\"background-color:#36A7C4\"><span style=\"margin-left:5px;color:white;background-color:#36A7C4;width:250px;\">Selected</span>\r\n\r\n                        </td>\r\n                        <tr>\r\n                            <tr>\r\n                                <td>\r\n                                    <div>\r\n                                        <select multiple id=\"availabelist\" size=\"10\" style=\"width:275px\" ng-change=\"OnAvailableChange()\" ng-model=\"SelectedAvailItems\" ng-options=\"i as i.email for i in AvailableListItems[selectFaIndex]\"></select>\r\n                                    </div>\r\n                                </td>\r\n                                <td>\r\n                                    <div style=\"float:left\">\r\n                                        <input id=\"btnRight\" type=\"button\" value=\"-->\" style=\"width:50px\" ng-click=\"btnRight()\" />\r\n                                        <br/>\r\n                                        <br/>\r\n                                        <input id=\"btnLeft\" type=\"button\" value=\"<--\" style=\"width:50px\" ng-click=\"btnLeft()\" />\r\n                                    </div>\r\n                                </td>\r\n                                <td>\r\n                                    <div>\r\n                                        <select multiple id=\"selectedlist\" size=\"10\" style=\"width:275px\" ng-model=\"SelectedSelectedListItems\" ng-options=\"i as i.email for i  in SelectedListItems[selectFaIndex]\"></select>\r\n                                    </div>\r\n                                </td>\r\n                                <tr></tr>\r\n            </table>\r\n        </div>\r\n    </div>","formBuilderTemplate":"<div>Multi User Select</div>","componentControllerCode":"angular.module('activitiApp')\r\n.controller('MultiUserSelectController', ['$rootScope', '$scope', '$http', function ($rootScope, $scope, $http) {\r\n\r\n    console.log('MultiUserSelectController instantiated');\r\n\r\n$http.get('http://demo:demo@ec2-52-91-9-209.compute-1.amazonaws.com/activiti-app/api/enterprise/users').\r\n    then(function(response) {\r\n     \r\n        $scope.data =  Array.from(response.data.data);\r\n\r\n        $scope.selectFaIndex = 0;\r\n        $scope.SelectedAvailItems = [];\r\n        $scope.SelectedSelectedListItems = [];\r\n        $scope.SelectedListItems = [\r\n            []\r\n        ];\r\n        $scope.AvailableListItems = [\r\n            []\r\n        ];\r\n\r\n        $scope.DefaultListItems = [\r\n            \r\n        ];\r\n       \r\n       $scope.DefaultListItems.push($scope.data);\r\n       \r\n\r\n        angular.copy($scope.DefaultListItems, $scope.AvailableListItems);\r\n        \r\n        $scope.btnRight = function () {\r\n            //move selected.\r\n            angular.forEach($scope.SelectedAvailItems, function (value, key) {\r\n                this.push(value);\r\n            }, $scope.SelectedListItems[$scope.selectFaIndex]);\r\n        \r\n            //remove the ones that were moved.\r\n            angular.forEach($scope.SelectedAvailItems, function (value, key) {\r\n                for (var i = $scope.AvailableListItems[$scope.selectFaIndex].length - 1; i >= 0; i--) {\r\n                    if ($scope.AvailableListItems[$scope.selectFaIndex][i].email == value.email) {\r\n                        $scope.AvailableListItems[$scope.selectFaIndex].splice(i, 1);\r\n                    }\r\n                }\r\n            });\r\n            $scope.SelectedAvailItems = [];\r\n        \r\n        };\r\n        \r\n        $scope.btnLeft = function () {\r\n            //move selected.\r\n            angular.forEach($scope.SelectedSelectedListItems, function (value, key) {\r\n                this.push(value);\r\n            }, $scope.AvailableListItems[$scope.selectFaIndex]);\r\n        \r\n            //remove the ones that were moved from the source container.\r\n            angular.forEach($scope.SelectedSelectedListItems, function (value, key) {\r\n                for (var i = $scope.SelectedListItems[$scope.selectFaIndex].length - 1; i >= 0; i--) {\r\n                    if ($scope.SelectedListItems[$scope.selectFaIndex][i].email == value.email) {\r\n                        $scope.SelectedListItems[$scope.selectFaIndex].splice(i, 1);\r\n                    }\r\n                }\r\n            });\r\n            $scope.SelectedSelectedListItems = [];\r\n        };\r\n        \r\n        \r\n            // Register this controller to listen to the form extensions methods\r\n            $scope.registerCustomFieldListener(this);\r\n        \r\n            // Deregister on form destroy\r\n            $scope.$on(\"$destroy\", function handleDestroyEvent() {\r\n                console.log(\"destroy event\");\r\n                $scope.removeCustomFieldListener(this);\r\n            });\r\n        \r\n            // Setting the value before completing the task so it's properly stored\r\n            this.formBeforeComplete = function(form, outcome, scope) {\r\n                console.log('Before form complete');\r\n                $scope.field.value = JSON.stringify($scope.SelectedListItems);\r\n            };\r\n\r\n    }).catch(function(response) {\r\n        console.error(' error', response.status, response.data);\r\n      });\r\n\r\n}]);","fieldValue":"value","valueType":"string","tabs":[{"id":"general","name":"FORM-BUILDER.TABS.GENERAL","properties":[{"id":"label","name":"FORM-BUILDER.COMPONENT.LABEL","type":"label"},{"id":"id","name":"FORM-BUILDER.COMPONENT.ID","type":"id"},{"id":"required","name":"FORM-BUILDER.COMPONENT.REQUIRED","type":"required"}]},{"id":"visibility","name":"FORM-BUILDER.TABS.VISIBILITY","properties":[{"id":"visibility","name":"FORM-BUILDER.TABS.VISIBILITY","type":"visibility","hideLabel":true}]}]},{"type":"custom","customType":"select_multiple_reviewers","title":"Select Multiple Users From Dropdown","customIconId":52,"width":1,"template":"<div ng-controller=\"MultiUserSelectController\">\n    <multiselect multiple=\"true\" ng-model=\"selectedUsers\"\n        options=\"(c.firstName?c.firstName:'') + ' ' + (c.lastName?c.lastName:'') for c in masterUsersList\"\n        change=\"selected()\">\n    </multiselect>\n    <br />\n\n    <div ng-if=\"selectedUsers.length > 0\">\n        <b>Selected Users</b>\n        <table>\n            <tbody>\n                <tr ng-repeat=\"s in selectedUsers\">\n                    <!--<td>-->\n                    <!--    <a ng-click=\"uncheckItem($index)\">-->\n                    <!--        <i class=\"glyphicon glyphicon-remove-circle text-danger\"></i>-->\n                    <!--    </a>-->\n                    <!--</td>-->\n                    <td style=\"padding-left:0.25em\">\n                        {{s.firstName?s.firstName:''}} {{s.lastName?s.lastName:''}} ({{s.email}})\n                    </td>\n                </tr>\n            </tbody>\n        </table>\n    </div>\n</div>","componentControllerCode":"angular.module('activitiApp')\n    .controller('MultiUserSelectController', ['$rootScope', '$scope', '$timeout', '$http',\n        function ($rootScope, $scope, $timeout, $http) {\n            console.log('SignModalCtrl instantiated');\n            console.log($scope)\n    \n            $scope.selectedUsers = [];\n            \n\n            var fieldVal = $scope.field.value\n            if(fieldVal !== null){\n                $scope.selectedUsers = JSON.parse(fieldVal);\n            }\n            \n            console.log(\"fieldVal >>>\");\n            console.log(fieldVal);\n\n            $scope.name = 'World';\n            // $scope.cars = [{\n            //     id: 1,\n            //     name: 'Audi'\n            // }, {\n            //     id: 2,\n            //     name: 'BMW'\n            // }, {\n            //     id: 1,\n            //     name: 'Honda'\n            // }];\n            \n            \n            console.dir($scope.field)\n            \n            \n            \n            var getUsersURL = 'http://demo:demo@'+$scope.field.params.customProperties.urlToGetUsersFrom+'/activiti-app/api/enterprise/users';\n            console.log('getUsersURL --> '+getUsersURL);\n    \n    \n            $http.get(getUsersURL).\n            then(function (response) {\n                console.log(response.data.data);\n                //$scope.cars = Array.from(response.data.data);\n                $scope.masterUsersList = Array.from(response.data.data);\n            }).catch(function (response) {\n                console.error(' error', response.status, response.data);\n            });\n    \n            // Register this controller to listen to the form extensions methods\n            $scope.registerCustomFieldListener(this);\n            this.formRendered = function (form, scope) {\n                console.log('>>> rendered')\n                //$scope.accept(fieldVal)\n            }\n    \n            // Setting the value before completing the task so it's properly stored\n            this.formBeforeComplete = function (form, outcome, scope) {\n                console.log('Before form complete');\n                $scope.field.value = JSON.stringify($scope.selectedUsers);\n                // $scope.field.value = $scope.selectedUsers;\n            };\n            \n            $scope.uncheckItem = function ($index) {\n                console.log('Going to delete item @ -->'+$index);\n                $scope.selectedUsers.splice($index, 1);\n                $scope.selectedUsers[$index].checked = false;\n                //if($scope && $scope.items)\n                //console.log('$scope.items.length -->'+$scope.items.length);\n                //$scope.items[0].checked = false;\n                //multiselect.items[0].checked = false;\n                \n                // angular.forEach($scope.selectedUsers, function (item) {\n                    //item.checked = false;\n                    //var index = $scope.selectedUsers.indexOf(item);\n                // });\n                //multiselect.sendMessage('Sending from controller ###');\n            };\n        }]);\n\n//from bootstrap-ui typeahead parser\nangular.module('activitiApp')\n    .factory('optionParser', ['$parse', function ($parse) {\n\n        console.log('*** Factory instantiated');\n\n\n        //00000111000000000000022200000000000000003333333333333330000000000044000\n        var TYPEAHEAD_REGEXP = /^\\s*(.*?)(?:\\s+as\\s+(.*?))?\\s+for\\s+(?:([\\$\\w][\\$\\w\\d]*))\\s+in\\s+(.*)$/;\n\n        return {\n            parse: function (input) {\n\n                var match = input.match(TYPEAHEAD_REGEXP),\n                    modelMapper, viewMapper, source;\n                if (!match) {\n                    throw new Error(\n                        \"Expected typeahead specification in form of '_modelValue_ (as _label_)? for _item_ in _collection_'\" +\n                        \" but got '\" + input + \"'.\");\n                }\n\n                return {\n                    itemName: match[3],\n                    source: $parse(match[4]),\n                    viewMapper: $parse(match[2] || match[1]),\n                    modelMapper: $parse(match[1])\n                };\n            }\n        };\n    }]);\n\nangular.module('activitiApp').directive('multiselect', ['$parse', '$document', '$compile', 'optionParser',\n\n    function ($parse, $document, $compile, optionParser) {\n\n        console.log('*** multiselect Directive instantiated');\n\n        return {\n            restrict: 'E',\n            require: 'ngModel',\n            link: function (originalScope, element, attrs, modelCtrl) {\n\n                var exp = attrs.options,\n                    parsedResult = optionParser.parse(exp),\n                    isMultiple = attrs.multiple ? true : false,\n                    required = false,\n                    scope = originalScope.$new(),\n                    changeHandler = attrs.change || anguler.noop;\n\n                scope.items = [];\n                scope.header = 'Select';\n                scope.multiple = isMultiple;\n                scope.disabled = false;\n\n                originalScope.$on('$destroy', function () {\n                    scope.$destroy();\n                });\n\n                var popUpEl = angular.element('<multiselect-popup></multiselect-popup>');\n\n                //required validator\n                if (attrs.required || attrs.ngRequired) {\n                    required = true;\n                }\n                attrs.$observe('required', function (newVal) {\n                    required = newVal;\n                });\n\n                //watch disabled state\n                scope.$watch(function () {\n                    return $parse(attrs.disabled)(originalScope);\n                }, function (newVal) {\n                    scope.disabled = newVal;\n                });\n\n                //watch single/multiple state for dynamically change single to multiple\n                scope.$watch(function () {\n                    return $parse(attrs.multiple)(originalScope);\n                }, function (newVal) {\n                    isMultiple = newVal || false;\n                });\n\n                //watch option changes for options that are populated dynamically\n                scope.$watch(function () {\n                    return parsedResult.source(originalScope);\n                }, function (newVal) {\n                    if (angular.isDefined(newVal))\n                        parseModel();\n                });\n\n                //watch model change\n                scope.$watch(function () {\n                    return modelCtrl.$modelValue;\n                }, function (newVal, oldVal) {\n                    //when directive initialize, newVal usually undefined. Also, if model value already set in the controller\n                    //for preselected list then we need to mark checked in our scope item. But we don't want to do this every time\n                    //model changes. We need to do this only if it is done outside directive scope, from controller, for example.\n                    if (angular.isDefined(newVal)) {\n                        markChecked(newVal);\n                        scope.$eval(changeHandler);\n                    }\n                    getHeaderText();\n                    modelCtrl.$setValidity('required', scope.valid());\n                }, true);\n\n                function parseModel() {\n                    scope.items.length = 0;\n                    var model = parsedResult.source(originalScope);\n                    if (model) {\n                        for (var i = 0; i < model.length; i++) {\n                            var local = {};\n                            local[parsedResult.itemName] = model[i];\n                            scope.items.push({\n                                label: parsedResult.viewMapper(local),\n                                model: model[i],\n                                checked: false\n                            });\n                        }\n                    }\n\n                }\n\n                parseModel();\n\n                element.append($compile(popUpEl)(scope));\n\n                function getHeaderText() {\n                    if (!modelCtrl.$modelValue || !modelCtrl.$modelValue.length) return scope.header = 'Select';\n                    if (isMultiple) {\n                        scope.header = modelCtrl.$modelValue.length + ' ' + 'selected';\n                    } else {\n                        var local = {};\n                        local[parsedResult.itemName] = modelCtrl.$modelValue;\n                        scope.header = parsedResult.viewMapper(local);\n                    }\n                }\n\n                scope.valid = function validModel() {\n                    if (!required) return true;\n                    var value = modelCtrl.$modelValue;\n                    return (angular.isArray(value) && value.length > 0) || (!angular.isArray(value) && value != null);\n                };\n\n                function selectSingle(item) {\n                    if (item.checked) {\n                        scope.uncheckAll();\n                    } else {\n                        scope.uncheckAll();\n                        item.checked = !item.checked;\n                    }\n                    setModelValue(false);\n                }\n                \n                function sendMessage(message){\n                    console.log('*** ECHOING >>> '+message);\n                }\n\n                function selectMultiple(item) {\n                    item.checked = !item.checked;\n                    setModelValue(true);\n                }\n\n                function setModelValue(isMultiple) {\n                    var value;\n\n                    if (isMultiple) {\n                        value = [];\n                        angular.forEach(scope.items, function (item) {\n                            if (item.checked) value.push(item.model);\n                        })\n                    } else {\n                        angular.forEach(scope.items, function (item) {\n                            if (item.checked) {\n                                value = item.model;\n                                return false;\n                            }\n                        })\n                    }\n                    modelCtrl.$setViewValue(value);\n                }\n\n                function markChecked(newVal) {\n                    if (!angular.isArray(newVal)) {\n                        angular.forEach(scope.items, function (item) {\n                            if (angular.equals(item.model, newVal)) {\n                                item.checked = true;\n                                return false;\n                            }\n                        });\n                    } else {\n                        angular.forEach(newVal, function (i) {\n                            angular.forEach(scope.items, function (item) {\n                                if (angular.equals(item.model, i)) {\n                                    item.checked = true;\n                                }\n                            });\n                        });\n                    }\n                }\n\n                scope.checkAll = function () {\n                    if (!isMultiple) return;\n                    angular.forEach(scope.items, function (item) {\n                        item.checked = true;\n                    });\n                    setModelValue(true);\n                };\n\n                scope.uncheckAll = function () {\n                    angular.forEach(scope.items, function (item) {\n                        item.checked = false;\n                    });\n                    setModelValue(true);\n                };\n\n                scope.select = function (item) {\n                    if (isMultiple === false) {\n                        selectSingle(item);\n                        scope.toggleSelect();\n                    } else {\n                        selectMultiple(item);\n                    }\n                }\n                \n                \n            }\n        };\n    }\n]);\n\nangular.module('activitiApp').directive('multiselectPopup', ['$document', function ($document) {\n\n    console.log('*** multiselectPopup Directive Instantiated ');\n    return {\n        restrict: 'E',\n        scope: false,\n        replace: true,\n        //template: '<div class=\"dropdown\"><button class=\"btn-old\" style=\"width: 100%; background-color: #36A7C4;\" ng-click=\"toggleSelect()\" ng-disabled=\"disabled\" ng-class=\"{\\'error\\': !valid()}\"><span class=\"pull-left\">{{header}}</span><span class=\"caret pull-right\"></span></button><ul class=\"dropdown-menu\" style=\"width:100%\"><li><input class=\"input-block-level\" style=\"width:100%\" type=\"text\" ng-model=\"searchText.label\" autofocus=\"autofocus\" placeholder=\"Filter\" /></li><li ng-show=\"multiple\"><button class=\"btn-link btn-small\" ng-click=\"checkAll()\"><i class=\"glyphicon glyphicon-ok\"></i> Check all</button><button class=\"btn-link btn-small\" ng-click=\"uncheckAll()\"><i class=\"glyphicon glyphicon-remove\"></i> Uncheck all</button></li><li ng-repeat=\"i in items | filter:searchText\"><a ng-click=\"select(i); focus()\"><i ng-class=\"{\\'glyphicon glyphicon-remove-circle\\': i.checked, \\'glyphicon glyphicon-ok-circle\\': !i.checked}\" ></i>  {{\" \"+i.label}}</a></li></ul></div>',\n        template: '<div class=\"dropdown\"><button class=\"btn-old\" style=\"width: 100%; background-color: #36A7C4;\" ng-click=\"toggleSelect()\" ng-disabled=\"disabled\" ng-class=\"{\\'error\\': !valid()}\"><span class=\"pull-left\">{{header}}</span><span class=\"caret pull-right\"></span></button><ul class=\"dropdown-menu\" style=\"width:100%\"><li><input class=\"input-block-level\" style=\"width:100%\" type=\"text\" ng-model=\"searchText.label\" autofocus=\"autofocus\" placeholder=\"Filter\" /></li><li ng-show=\"multiple\"><button class=\"btn-link btn-small\" ng-click=\"checkAll()\"><i class=\"glyphicon glyphicon-ok\" style=\"color:GREEN\"></i> Check all</button><button class=\"btn-link btn-small\" ng-click=\"uncheckAll()\"><i class=\"glyphicon glyphicon-remove\" style=\"color:RED\"></i> Uncheck all</button></li><li ng-repeat=\"i in items | filter:searchText\"><a ng-click=\"select(i); focus()\"><i ng-class=\"{\\'glyphicon glyphicon-remove-circle text-danger\\': i.checked, \\'glyphicon glyphicon-ok-circle text-success\\': !i.checked}\" ></i>  {{\" \"+i.label}}</a></li></ul></div>',\n        \n        link: function (scope, element, attrs) {\n\n            scope.isVisible = false;\n\n            scope.toggleSelect = function () {\n                if (element.hasClass('open')) {\n                    element.removeClass('open');\n                    $document.unbind('click', clickHandler);\n                } else {\n                    element.addClass('open');\n                    scope.focus();\n                    $document.bind('click', clickHandler);\n                }\n            };\n\n            function clickHandler(event) {\n                if (elementMatchesAnyInArray(event.target, element.find(event.target.tagName)))\n                    return;\n                element.removeClass('open');\n                $document.unbind('click', clickHandler);\n                scope.$digest();\n            }\n\n            scope.focus = function focus() {\n                var searchBox = element.find('input')[0];\n                searchBox.focus();\n            }\n\n            var elementMatchesAnyInArray = function (element, elementArray) {\n                for (var i = 0; i < elementArray.length; i++)\n                    if (element == elementArray[i])\n                        return true;\n                return false;\n            }\n        }\n    }\n}]);","fieldValue":"value","valueType":"string","tabs":[{"id":"general","name":"FORM-BUILDER.TABS.GENERAL","properties":[{"id":"label","name":"FORM-BUILDER.COMPONENT.LABEL","type":"label"},{"id":"id","name":"FORM-BUILDER.COMPONENT.ID","type":"id"},{"id":"required","name":"FORM-BUILDER.COMPONENT.REQUIRED","type":"required"},{"id":"urlToGetUsersFrom","name":"Host Name","type":"text","custom":{"isCustomProperty":true}}]},{"id":"visibility","name":"FORM-BUILDER.TABS.VISIBILITY","properties":[{"id":"visibility","name":"FORM-BUILDER.TABS.VISIBILITY","type":"visibility","hideLabel":true}]}]},{"type":"custom","customType":"multi_select_dropdown","title":"Multi Select Dropdown","customIconId":53,"width":1,"template":"<div ng-controller=\"MultiValueSelectController\">\n    <multivalueselect multiple=\"true\" ng-model=\"selectedValues\"\n        options=\"c.label for c in masterList\"\n        change=\"selected()\">\n    </multivalueselect>\n    <br />\n\n    <div ng-if=\"selectedValues.length > 0\">\n        <b>Selected Values</b>\n        <table>\n            <tbody>\n                <tr ng-repeat=\"s in selectedValues\">\n                    <!--<td>-->\n                    <!--    <a ng-click=\"uncheckItem($index)\">-->\n                    <!--        <i class=\"glyphicon glyphicon-remove-circle text-danger\"></i>-->\n                    <!--    </a>-->\n                    <!--</td>-->\n                    <td style=\"padding-left:0.25em\">\n                        {{s.label?s.label:'Label Unavailable'}}\n                    </td>\n                </tr>\n            </tbody>\n        </table>\n    </div>\n</div>","formBuilderTemplate":"<p>\nMulti-Select Drop Down \n</p>","componentControllerCode":"angular.module('activitiApp')\n    .controller('MultiValueSelectController', ['$rootScope', '$scope', '$timeout', '$http',\n        function ($rootScope, $scope, $timeout, $http) {\n            console.log('SignModalCtrl instantiated');\n            console.log($scope)\n    \n            $scope.selectedValues = [];\n            \n\n            var fieldVal = $scope.field.value\n            if(fieldVal !== null){\n                $scope.selectedValues = JSON.parse(fieldVal);\n            }\n            \n            console.log(\"fieldVal >>>\");\n            console.log(fieldVal);\n\n            $scope.name = 'World';\n            \n            /*\n            $scope.masterList = [{\n                 id: 1,\n                 name: 'Audi',\n                 label: 'Audi-label'\n             }, {\n                 id: 2,\n                 name: 'BMW',\n                 label: 'BMW-label'\n             }, {\n                 id: 3,\n                 name: 'Honda',\n                 label: 'Honda-label'\n             }];\n             */\n            \n            $scope.masterList = JSON.parse($scope.field.params.customProperties.masterList.value);\n            \n            console.dir($scope.masterList);\n            \n            /* Use this to get values from via REST call\n            var getValuesURL = 'http://demo:demo@'+$scope.field.params.customProperties.urlToGetValuesFrom+'/activiti-app/api/enterprise/users';\n            console.log('getValuesURL --> '+getValuesURL);\n    \n    \n            $http.get(getValuesURL).\n            then(function (response) {\n                console.log(response.data.data);\n                $scope.masterList = Array.from(response.data.data);\n            }).catch(function (response) {\n                console.error(' error', response.status, response.data);\n            });\n            */\n    \n            // Register this controller to listen to the form extensions methods\n            $scope.registerCustomFieldListener(this);\n            this.formRendered = function (form, scope) {\n                console.log('>>> rendered')\n                //$scope.accept(fieldVal)\n            }\n    \n            // Setting the value before completing the task so it's properly stored\n            this.formBeforeComplete = function (form, outcome, scope) {\n                console.log('Before form complete');\n                $scope.field.value = JSON.stringify($scope.selectedValues);\n                // $scope.field.value = $scope.selectedValues;\n            };\n            \n            $scope.uncheckItem = function ($index) {\n                console.log('Going to delete item @ -->'+$index);\n                $scope.selectedValues.splice($index, 1);\n                $scope.selectedValues[$index].checked = false;\n                //if($scope && $scope.items)\n                //console.log('$scope.items.length -->'+$scope.items.length);\n                //$scope.items[0].checked = false;\n                //multiselect.items[0].checked = false;\n                \n                // angular.forEach($scope.selectedValues, function (item) {\n                    //item.checked = false;\n                    //var index = $scope.selectedValues.indexOf(item);\n                // });\n                //multiselect.sendMessage('Sending from controller ###');\n            };\n        }]);\n\n//from bootstrap-ui typeahead parser\nangular.module('activitiApp')\n    .factory('optionParser', ['$parse', function ($parse) {\n\n        console.log('*** Factory instantiated');\n\n\n        //00000111000000000000022200000000000000003333333333333330000000000044000\n        var TYPEAHEAD_REGEXP = /^\\s*(.*?)(?:\\s+as\\s+(.*?))?\\s+for\\s+(?:([\\$\\w][\\$\\w\\d]*))\\s+in\\s+(.*)$/;\n\n        return {\n            parse: function (input) {\n\n                var match = input.match(TYPEAHEAD_REGEXP),\n                    modelMapper, viewMapper, source;\n                if (!match) {\n                    throw new Error(\n                        \"Expected typeahead specification in form of '_modelValue_ (as _label_)? for _item_ in _collection_'\" +\n                        \" but got '\" + input + \"'.\");\n                }\n\n                return {\n                    itemName: match[3],\n                    source: $parse(match[4]),\n                    viewMapper: $parse(match[2] || match[1]),\n                    modelMapper: $parse(match[1])\n                };\n            }\n        };\n    }]);\n\nangular.module('activitiApp').directive('multivalueselect', ['$parse', '$document', '$compile', 'optionParser',\n\n    function ($parse, $document, $compile, optionParser) {\n\n        console.log('*** multivalueselect Directive instantiated');\n\n        return {\n            restrict: 'E',\n            require: 'ngModel',\n            link: function (originalScope, element, attrs, modelCtrl) {\n\n                var exp = attrs.options,\n                    parsedResult = optionParser.parse(exp),\n                    isMultiple = attrs.multiple ? true : false,\n                    required = false,\n                    scope = originalScope.$new(),\n                    changeHandler = attrs.change || anguler.noop;\n\n                scope.items = [];\n                scope.header = 'Select';\n                scope.multiple = isMultiple;\n                scope.disabled = false;\n\n                originalScope.$on('$destroy', function () {\n                    scope.$destroy();\n                });\n\n                var popUpEl = angular.element('<multivalueselect-popup></multivalueselect-popup>');\n\n                //required validator\n                if (attrs.required || attrs.ngRequired) {\n                    required = true;\n                }\n                attrs.$observe('required', function (newVal) {\n                    required = newVal;\n                });\n\n                //watch disabled state\n                scope.$watch(function () {\n                    return $parse(attrs.disabled)(originalScope);\n                }, function (newVal) {\n                    scope.disabled = newVal;\n                });\n\n                //watch single/multiple state for dynamically change single to multiple\n                scope.$watch(function () {\n                    return $parse(attrs.multiple)(originalScope);\n                }, function (newVal) {\n                    isMultiple = newVal || false;\n                });\n\n                //watch option changes for options that are populated dynamically\n                scope.$watch(function () {\n                    return parsedResult.source(originalScope);\n                }, function (newVal) {\n                    if (angular.isDefined(newVal))\n                        parseModel();\n                });\n\n                //watch model change\n                scope.$watch(function () {\n                    return modelCtrl.$modelValue;\n                }, function (newVal, oldVal) {\n                    //when directive initialize, newVal usually undefined. Also, if model value already set in the controller\n                    //for preselected list then we need to mark checked in our scope item. But we don't want to do this every time\n                    //model changes. We need to do this only if it is done outside directive scope, from controller, for example.\n                    if (angular.isDefined(newVal)) {\n                        markChecked(newVal);\n                        scope.$eval(changeHandler);\n                    }\n                    getHeaderText();\n                    modelCtrl.$setValidity('required', scope.valid());\n                }, true);\n\n                function parseModel() {\n                    scope.items.length = 0;\n                    var model = parsedResult.source(originalScope);\n                    if (model) {\n                        for (var i = 0; i < model.length; i++) {\n                            var local = {};\n                            local[parsedResult.itemName] = model[i];\n                            scope.items.push({\n                                label: parsedResult.viewMapper(local),\n                                model: model[i],\n                                checked: false\n                            });\n                        }\n                    }\n\n                }\n\n                parseModel();\n\n                element.append($compile(popUpEl)(scope));\n\n                function getHeaderText() {\n                    if (!modelCtrl.$modelValue || !modelCtrl.$modelValue.length) return scope.header = 'Select';\n                    if (isMultiple) {\n                        scope.header = modelCtrl.$modelValue.length + ' ' + 'selected';\n                    } else {\n                        var local = {};\n                        local[parsedResult.itemName] = modelCtrl.$modelValue;\n                        scope.header = parsedResult.viewMapper(local);\n                    }\n                }\n\n                scope.valid = function validModel() {\n                    if (!required) return true;\n                    var value = modelCtrl.$modelValue;\n                    return (angular.isArray(value) && value.length > 0) || (!angular.isArray(value) && value != null);\n                };\n\n                function selectSingle(item) {\n                    if (item.checked) {\n                        scope.uncheckAll();\n                    } else {\n                        scope.uncheckAll();\n                        item.checked = !item.checked;\n                    }\n                    setModelValue(false);\n                }\n                \n                function sendMessage(message){\n                    console.log('*** ECHOING >>> '+message);\n                }\n\n                function selectMultiple(item) {\n                    item.checked = !item.checked;\n                    setModelValue(true);\n                }\n\n                function setModelValue(isMultiple) {\n                    var value;\n\n                    if (isMultiple) {\n                        value = [];\n                        angular.forEach(scope.items, function (item) {\n                            if (item.checked) value.push(item.model);\n                        })\n                    } else {\n                        angular.forEach(scope.items, function (item) {\n                            if (item.checked) {\n                                value = item.model;\n                                return false;\n                            }\n                        })\n                    }\n                    modelCtrl.$setViewValue(value);\n                }\n\n                function markChecked(newVal) {\n                    if (!angular.isArray(newVal)) {\n                        angular.forEach(scope.items, function (item) {\n                            if (angular.equals(item.model, newVal)) {\n                                item.checked = true;\n                                return false;\n                            }\n                        });\n                    } else {\n                        angular.forEach(newVal, function (i) {\n                            angular.forEach(scope.items, function (item) {\n                                if (angular.equals(item.model, i)) {\n                                    item.checked = true;\n                                }\n                            });\n                        });\n                    }\n                }\n\n                scope.checkAll = function () {\n                    if (!isMultiple) return;\n                    angular.forEach(scope.items, function (item) {\n                        item.checked = true;\n                    });\n                    setModelValue(true);\n                };\n\n                scope.uncheckAll = function () {\n                    angular.forEach(scope.items, function (item) {\n                        item.checked = false;\n                    });\n                    setModelValue(true);\n                };\n\n                scope.select = function (item) {\n                    if (isMultiple === false) {\n                        selectSingle(item);\n                        scope.toggleSelect();\n                    } else {\n                        selectMultiple(item);\n                    }\n                }\n                \n                \n            }\n        };\n    }\n]);\n\nangular.module('activitiApp').directive('multivalueselectPopup', ['$document', function ($document) {\n\n    console.log('*** multivalueselectPopup Directive Instantiated ');\n    return {\n        restrict: 'E',\n        scope: false,\n        replace: true,\n        //template: '<div class=\"dropdown\"><button class=\"btn-old\" style=\"width: 100%; background-color: #36A7C4;\" ng-click=\"toggleSelect()\" ng-disabled=\"disabled\" ng-class=\"{\\'error\\': !valid()}\"><span class=\"pull-left\">{{header}}</span><span class=\"caret pull-right\"></span></button><ul class=\"dropdown-menu\" style=\"width:100%\"><li><input class=\"input-block-level\" style=\"width:100%\" type=\"text\" ng-model=\"searchText.label\" autofocus=\"autofocus\" placeholder=\"Filter\" /></li><li ng-show=\"multiple\"><button class=\"btn-link btn-small\" ng-click=\"checkAll()\"><i class=\"glyphicon glyphicon-ok\"></i> Check all</button><button class=\"btn-link btn-small\" ng-click=\"uncheckAll()\"><i class=\"glyphicon glyphicon-remove\"></i> Uncheck all</button></li><li ng-repeat=\"i in items | filter:searchText\"><a ng-click=\"select(i); focus()\"><i ng-class=\"{\\'glyphicon glyphicon-remove-circle\\': i.checked, \\'glyphicon glyphicon-ok-circle\\': !i.checked}\" ></i>  {{\" \"+i.label}}</a></li></ul></div>',\n        template: '<div class=\"dropdown\"><button class=\"btn-old\" style=\"width: 100%; background-color: #FAFAFB;\" ng-click=\"toggleSelect()\" ng-disabled=\"disabled\" ng-class=\"{\\'error\\': !valid()}\"><span class=\"pull-left\">{{header}}</span><span class=\"caret pull-right\"></span></button><ul class=\"dropdown-menu\" style=\"width:100%\"><li><input class=\"input-block-level\" style=\"width:100%\" type=\"text\" ng-model=\"searchText.label\" autofocus=\"autofocus\" placeholder=\"Filter\" /></li><li ng-show=\"multiple\"><button class=\"btn-link btn-small\" ng-click=\"checkAll()\"><i class=\"glyphicon glyphicon-ok\" style=\"color:BLACK\"></i> Check all</button><button class=\"btn-link btn-small\" ng-click=\"uncheckAll()\"><i class=\"glyphicon glyphicon-remove\" style=\"color:BLACK\"></i> Uncheck all</button></li><li ng-repeat=\"i in items | filter:searchText\"><a ng-click=\"select(i); focus()\"><i ng-class=\"{\\'glyphicon glyphicon-check\\': i.checked, \\'glyphicon glyphicon-unchecked\\': !i.checked}\" ></i>  {{\" \"+i.label}}</a></li></ul></div>',\n        \n        link: function (scope, element, attrs) {\n\n            scope.isVisible = false;\n\n            scope.toggleSelect = function () {\n                if (element.hasClass('open')) {\n                    element.removeClass('open');\n                    $document.unbind('click', clickHandler);\n                } else {\n                    element.addClass('open');\n                    scope.focus();\n                    $document.bind('click', clickHandler);\n                }\n            };\n\n            function clickHandler(event) {\n                if (elementMatchesAnyInArray(event.target, element.find(event.target.tagName)))\n                    return;\n                element.removeClass('open');\n                $document.unbind('click', clickHandler);\n                scope.$digest();\n            }\n\n            scope.focus = function focus() {\n                var searchBox = element.find('input')[0];\n                searchBox.focus();\n            }\n\n            var elementMatchesAnyInArray = function (element, elementArray) {\n                for (var i = 0; i < elementArray.length; i++)\n                    if (element == elementArray[i])\n                        return true;\n                return false;\n            }\n        }\n    }\n}]);","fieldValue":"value","valueType":"string","tabs":[{"id":"general","name":"FORM-BUILDER.TABS.GENERAL","properties":[{"id":"label","name":"FORM-BUILDER.COMPONENT.LABEL","type":"label"},{"id":"id","name":"FORM-BUILDER.COMPONENT.ID","type":"id"},{"id":"required","name":"FORM-BUILDER.COMPONENT.REQUIRED","type":"required"},{"id":"masterList","name":"Master List Of Values","type":"variable","custom":{"isCustomProperty":true}}]},{"id":"visibility","name":"FORM-BUILDER.TABS.VISIBILITY","properties":[{"id":"visibility","name":"FORM-BUILDER.TABS.VISIBILITY","type":"visibility","hideLabel":true}]}]}],"stencilInfoAttributes":{"name":"multiuser-select-stencil","description":null,"stencilType":3,"contentType":"form"}}