{"referenceId":1030,"name":"Approved form","description":null,"editorJson":{"fields":[{"fieldType":"FormFieldRepresentation","id":"content","name":"Content","type":"readonly","value":null,"required":false,"readOnly":false,"overrideId":false,"colspan":1,"placeholder":null,"minLength":0,"maxLength":0,"minValue":null,"maxValue":null,"regexPattern":null,"optionType":null,"hasEmptyValue":null,"options":null,"restUrl":null,"restResponsePath":null,"restIdProperty":null,"restLabelProperty":null,"tab":null,"className":null,"params":{"field":{"id":"content","name":"Content","type":"upload"}},"dateDisplayFormat":null,"layout":{"row":1,"column":0,"colspan":1},"sizeX":1,"sizeY":1,"row":1,"col":0,"visibilityCondition":null},{"fieldType":"FormFieldRepresentation","id":"comment","name":"Comment","type":"readonly","value":null,"required":false,"readOnly":false,"overrideId":false,"colspan":1,"placeholder":null,"minLength":0,"maxLength":0,"minValue":null,"maxValue":null,"regexPattern":null,"optionType":null,"hasEmptyValue":null,"options":null,"restUrl":null,"restResponsePath":null,"restIdProperty":null,"restLabelProperty":null,"tab":null,"className":null,"params":{"field":{"id":"comment","name":"Comment","type":"multi-line-text"}},"dateDisplayFormat":null,"layout":{"row":0,"column":0,"colspan":1},"sizeX":1,"sizeY":1,"row":0,"col":0,"visibilityCondition":null}],"outcomes":[],"customFieldTemplates":{},"metadata":{},"variables":[],"customFieldsValueInfo":{},"gridsterForm":true}}