{"referenceId":1030,"name":"Rejected form","description":null,"editorJson":{"fields":[{"fieldType":"FormFieldRepresentation","id":"content","name":"Content","type":"readonly","value":null,"required":false,"readOnly":false,"overrideId":false,"colspan":1,"placeholder":null,"minLength":0,"maxLength":0,"minValue":null,"maxValue":null,"regexPattern":null,"optionType":null,"hasEmptyValue":null,"options":null,"restUrl":null,"restResponsePath":null,"restIdProperty":null,"restLabelProperty":null,"tab":null,"className":null,"params":{"field":{"id":"content","name":"Content","type":"upload"},"documentsEditable":true},"dateDisplayFormat":null,"layout":{"row":1,"column":0,"colspan":1},"sizeX":1,"sizeY":4,"row":1,"col":0,"visibilityCondition":null},{"fieldType":"FormFieldRepresentation","id":"comment","name":"Comment","type":"readonly","value":null,"required":false,"readOnly":false,"overrideId":false,"colspan":1,"placeholder":null,"minLength":0,"maxLength":0,"minValue":null,"maxValue":null,"regexPattern":null,"optionType":null,"hasEmptyValue":null,"options":null,"restUrl":null,"restResponsePath":null,"restIdProperty":null,"restLabelProperty":null,"tab":null,"className":null,"params":{"field":{"id":"comment","name":"Comment","type":"multi-line-text"}},"dateDisplayFormat":null,"layout":{"row":0,"column":0,"colspan":1},"sizeX":1,"sizeY":1,"row":0,"col":0,"visibilityCondition":null},{"fieldType":"FormFieldRepresentation","id":"message","name":"Message","type":"multi-line-text","value":null,"required":false,"readOnly":false,"overrideId":false,"colspan":1,"placeholder":"Update the message for this task","minLength":0,"maxLength":0,"minValue":null,"maxValue":null,"regexPattern":null,"optionType":null,"hasEmptyValue":null,"options":null,"restUrl":null,"restResponsePath":null,"restIdProperty":null,"restLabelProperty":null,"tab":null,"className":null,"dateDisplayFormat":null,"layout":{"row":0,"column":1,"colspan":1},"sizeX":1,"sizeY":4,"row":0,"col":1,"visibilityCondition":null}],"outcomes":[{"id":null,"name":"Stop Approval Request"},{"id":null,"name":"Send for Approval Again"}],"customFieldTemplates":{},"metadata":{},"variables":[],"customFieldsValueInfo":{},"gridsterForm":true}}