{"referenceId":1028,"name":"Start form","description":null,"editorJson":{"fields":[{"fieldType":"FormFieldRepresentation","id":"assignee","name":"Assignee","type":"people","value":null,"required":true,"readOnly":false,"overrideId":false,"colspan":1,"placeholder":null,"minLength":0,"maxLength":0,"minValue":null,"maxValue":null,"regexPattern":null,"optionType":null,"hasEmptyValue":null,"options":null,"restUrl":null,"restResponsePath":null,"restIdProperty":null,"restLabelProperty":null,"tab":null,"className":null,"dateDisplayFormat":null,"layout":{"row":0,"column":0,"colspan":1},"sizeX":1,"sizeY":2,"row":0,"col":0,"visibilityCondition":null},{"fieldType":"FormFieldRepresentation","id":"taskdescription","name":"Task description","type":"multi-line-text","value":null,"required":false,"readOnly":false,"overrideId":false,"colspan":1,"placeholder":"Enter a description for this task","minLength":0,"maxLength":0,"minValue":null,"maxValue":null,"regexPattern":null,"optionType":null,"hasEmptyValue":null,"options":null,"restUrl":null,"restResponsePath":null,"restIdProperty":null,"restLabelProperty":null,"tab":null,"className":null,"dateDisplayFormat":null,"layout":{"row":0,"column":1,"colspan":1},"sizeX":1,"sizeY":4,"row":0,"col":1,"visibilityCondition":null},{"fieldType":"FormFieldRepresentation","id":"duedate","name":"Due date","type":"date","value":null,"required":false,"readOnly":false,"overrideId":false,"colspan":1,"placeholder":"Enter or select a date for when this task is due","minLength":0,"maxLength":0,"minValue":null,"maxValue":null,"regexPattern":null,"optionType":null,"hasEmptyValue":null,"options":null,"restUrl":null,"restResponsePath":null,"restIdProperty":null,"restLabelProperty":null,"tab":null,"className":null,"dateDisplayFormat":null,"layout":{"row":2,"column":0,"colspan":1},"sizeX":1,"sizeY":2,"row":2,"col":0,"visibilityCondition":null},{"fieldType":"FormFieldRepresentation","id":"content","name":"Content","type":"upload","value":null,"required":false,"readOnly":false,"overrideId":false,"colspan":1,"placeholder":null,"minLength":0,"maxLength":0,"minValue":null,"maxValue":null,"regexPattern":null,"optionType":null,"hasEmptyValue":null,"options":null,"restUrl":null,"restResponsePath":null,"restIdProperty":null,"restLabelProperty":null,"tab":null,"className":null,"params":{"multiple":true},"dateDisplayFormat":null,"layout":{"row":4,"column":0,"colspan":1},"sizeX":1,"sizeY":2,"row":4,"col":0,"visibilityCondition":null},{"fieldType":"FormFieldRepresentation","id":"message","name":"Message","type":"multi-line-text","value":null,"required":false,"readOnly":false,"overrideId":false,"colspan":1,"placeholder":"Enter a message for this task","minLength":0,"maxLength":0,"minValue":null,"maxValue":null,"regexPattern":null,"optionType":null,"hasEmptyValue":null,"options":null,"restUrl":null,"restResponsePath":null,"restIdProperty":null,"restLabelProperty":null,"tab":null,"className":null,"dateDisplayFormat":null,"layout":{"row":4,"column":1,"colspan":1},"sizeX":1,"sizeY":4,"row":4,"col":1,"visibilityCondition":null}],"outcomes":[],"customFieldTemplates":{},"metadata":{},"variables":[],"customFieldsValueInfo":{},"gridsterForm":true}}