{"name":"Call Activity Tester","description":"","definition":{"models":[{"id":4008,"name":"Customer OnBoarding","version":9,"modelType":0,"description":"","stencilSetId":0,"createdByFullName":"Demo User","createdBy":2,"lastUpdatedByFullName":"Demo User","lastUpdatedBy":2,"lastUpdated":"2019-03-16T03:41:51.314+0000"},{"id":4007,"name":"Child Process Checking Account","version":9,"modelType":0,"description":"","stencilSetId":0,"createdByFullName":"Demo User","createdBy":2,"lastUpdatedByFullName":"Demo User","lastUpdatedBy":2,"lastUpdated":"2019-03-16T03:41:51.368+0000"}],"theme":"theme-1","icon":"glyphicon-asterisk","publishIdentityInfo":[{"type":"user","person":{"id":2,"firstName":"Wayne","lastName":"Tam","email":"waynetam99@gmail.com","company":"UCLA"},"group":null}]}}