<?xml version='1.0' encoding='UTF-8'?>
<definitions xmlns="http://www.omg.org/spec/BPMN/20100524/MODEL" xmlns:xsi="http://www.w3.org/2001/XMLSchema-instance" xmlns:xsd="http://www.w3.org/2001/XMLSchema" xmlns:activiti="http://activiti.org/bpmn" xmlns:bpmndi="http://www.omg.org/spec/BPMN/20100524/DI" xmlns:omgdc="http://www.omg.org/spec/DD/20100524/DC" xmlns:omgdi="http://www.omg.org/spec/DD/20100524/DI" typeLanguage="http://www.w3.org/2001/XMLSchema" expressionLanguage="http://www.w3.org/1999/XPath" targetNamespace="http://www.activiti.org/test">
  <process id="adhoctask" name="Ad hoc Task" isExecutable="true">
    <startEvent id="start" activiti:formKey="1019">
      <extensionElements>
        <modeler:form-reference-id xmlns:modeler="http://activiti.com/modeler"><![CDATA[1019]]></modeler:form-reference-id>
        <modeler:form-reference-name xmlns:modeler="http://activiti.com/modeler"><![CDATA[Start form]]></modeler:form-reference-name>
      </extensionElements>
    </startEvent>
    <sequenceFlow id="sequenceFlow1" sourceRef="start" targetRef="human-step-1425739251572-662"/>
    <userTask id="human-step-1425739251572-662" name="Ad hoc Task" activiti:async="true" activiti:assignee="${taskAssignmentBean.assignTaskToAssignee('assignee', execution)}" activiti:dueDate="${taskDueDateBean.calculateDueDateWithField('duedate','add',0,0,0,0,0,0, execution)}" activiti:formKey="1026">
      <documentation>${taskdescription}</documentation>
      <extensionElements>
        <activiti:executionListener event="start" class="com.activiti.runtime.activiti.ContentProcessorExecutionListener">
          <activiti:field name="externalContentHandler">
            <activiti:expression><![CDATA[${externalContentHandler}]]></activiti:expression>
          </activiti:field>
        </activiti:executionListener>
        <modeler:allow-send-email xmlns:modeler="http://activiti.com/modeler"><![CDATA[true]]></modeler:allow-send-email>
        <modeler:activiti-idm-assignee-field xmlns:modeler="http://activiti.com/modeler"><![CDATA[assignee]]></modeler:activiti-idm-assignee-field>
        <modeler:initiator-can-complete xmlns:modeler="http://activiti.com/modeler"><![CDATA[true]]></modeler:initiator-can-complete>
        <modeler:assignee-field-info-name xmlns:modeler="http://activiti.com/modeler"><![CDATA[Assignee]]></modeler:assignee-field-info-name>
        <modeler:form-reference-id xmlns:modeler="http://activiti.com/modeler"><![CDATA[1026]]></modeler:form-reference-id>
        <modeler:form-reference-name xmlns:modeler="http://activiti.com/modeler"><![CDATA[Task form]]></modeler:form-reference-name>
        <modeler:duedate-type xmlns:modeler="http://activiti.com/modeler"><![CDATA[field]]></modeler:duedate-type>
        <modeler:duedate-calculation-type xmlns:modeler="http://activiti.com/modeler"><![CDATA[add]]></modeler:duedate-calculation-type>
        <modeler:duedate-field-id xmlns:modeler="http://activiti.com/modeler"><![CDATA[duedate]]></modeler:duedate-field-id>
        <modeler:duedate-field-name xmlns:modeler="http://activiti.com/modeler"><![CDATA[Due Date]]></modeler:duedate-field-name>
        <modeler:ignore-listener-on-import xmlns:modeler="http://activiti.com/modeler"><![CDATA[com.activiti.runtime.activiti.ContentProcessorExecutionListener]]></modeler:ignore-listener-on-import>
      </extensionElements>
    </userTask>
    <endEvent id="end"/>
    <sequenceFlow id="sequenceFlow2" sourceRef="human-step-1425739251572-662" targetRef="end"/>
  </process>
  <bpmndi:BPMNDiagram id="BPMNDiagram_adhoctask">
    <bpmndi:BPMNPlane bpmnElement="adhoctask" id="BPMNPlane_adhoctask">
      <bpmndi:BPMNShape bpmnElement="start" id="BPMNShape_start">
        <omgdc:Bounds height="30.0" width="30.0" x="0.0" y="15.0"/>
      </bpmndi:BPMNShape>
      <bpmndi:BPMNShape bpmnElement="end" id="BPMNShape_end">
        <omgdc:Bounds height="30.0" width="30.0" x="230.0" y="15.0"/>
      </bpmndi:BPMNShape>
      <bpmndi:BPMNShape bpmnElement="human-step-1425739251572-662" id="BPMNShape_human-step-1425739251572-662">
        <omgdc:Bounds height="60.0" width="100.0" x="80.0" y="0.0"/>
      </bpmndi:BPMNShape>
      <bpmndi:BPMNEdge bpmnElement="sequenceFlow1" id="BPMNEdge_sequenceFlow1">
        <omgdi:waypoint x="30.0" y="30.0"/>
        <omgdi:waypoint x="80.0" y="30.0"/>
      </bpmndi:BPMNEdge>
      <bpmndi:BPMNEdge bpmnElement="sequenceFlow2" id="BPMNEdge_sequenceFlow2">
        <omgdi:waypoint x="180.0" y="30.0"/>
        <omgdi:waypoint x="230.0" y="30.0"/>
      </bpmndi:BPMNEdge>
    </bpmndi:BPMNPlane>
  </bpmndi:BPMNDiagram>
</definitions>