{"steps":[{"type":"human-step","id":"human-step-1425739251572-662","name":"Ad hoc Task","description":"${taskdescription}","assignment":{"assigneeField":{"fieldType":"FormFieldRepresentation","id":"assignee","name":"Assignee","type":"people","required":false,"readOnly":false,"overrideId":false,"colspan":1,"minLength":0,"maxLength":0,"sizeX":0,"sizeY":0,"row":0,"col":0},"type":"user","initiatorCanCompleteTask":true},"formDefinition":{"id":1026},"taskDueDateOption":"field","taskDueDateField":{"id":"duedate","name":"Due Date"},"overdueSteps":[],"dueAction":"none","allowSendEmail":true,"emailTemplateSource":{"type":"default"}}],"startForm":{"id":1019}}