<?xml version='1.0' encoding='UTF-8'?>
<definitions xmlns="http://www.omg.org/spec/BPMN/20100524/MODEL" xmlns:xsi="http://www.w3.org/2001/XMLSchema-instance" xmlns:xsd="http://www.w3.org/2001/XMLSchema" xmlns:activiti="http://activiti.org/bpmn" xmlns:bpmndi="http://www.omg.org/spec/BPMN/20100524/DI" xmlns:omgdc="http://www.omg.org/spec/DD/20100524/DC" xmlns:omgdi="http://www.omg.org/spec/DD/20100524/DI" typeLanguage="http://www.w3.org/2001/XMLSchema" expressionLanguage="http://www.w3.org/1999/XPath" targetNamespace="http://www.activiti.org/test">
  <process id="alfrecordsdeclarationprocess" name="ALF Records Declaration Process" isExecutable="true">
    <startEvent id="start" activiti:initiator="initiator" activiti:formKey="1025">
      <extensionElements>
        <modeler:form-reference-id xmlns:modeler="http://activiti.com/modeler"><![CDATA[1025]]></modeler:form-reference-id>
        <modeler:form-reference-name xmlns:modeler="http://activiti.com/modeler"><![CDATA[Initiate Review]]></modeler:form-reference-name>
      </extensionElements>
    </startEvent>
    <sequenceFlow id="sequenceFlow1" sourceRef="start" targetRef="human-step-1492553605635-590"/>
    <userTask id="human-step-1492553605635-590" name="Records Manager Review" activiti:async="true" activiti:assignee="${initiator}" activiti:formKey="1013">
      <extensionElements>
        <activiti:executionListener event="start" class="com.activiti.runtime.activiti.ContentProcessorExecutionListener">
          <activiti:field name="externalContentHandler">
            <activiti:expression><![CDATA[${externalContentHandler}]]></activiti:expression>
          </activiti:field>
        </activiti:executionListener>
        <modeler:allow-send-email xmlns:modeler="http://activiti.com/modeler"><![CDATA[true]]></modeler:allow-send-email>
        <modeler:activiti-idm-initiator xmlns:modeler="http://activiti.com/modeler"><![CDATA[true]]></modeler:activiti-idm-initiator>
        <modeler:activiti-idm-assignee xmlns:modeler="http://activiti.com/modeler"><![CDATA[true]]></modeler:activiti-idm-assignee>
        <modeler:initiator-can-complete xmlns:modeler="http://activiti.com/modeler"><![CDATA[true]]></modeler:initiator-can-complete>
        <modeler:form-reference-id xmlns:modeler="http://activiti.com/modeler"><![CDATA[1013]]></modeler:form-reference-id>
        <modeler:form-reference-name xmlns:modeler="http://activiti.com/modeler"><![CDATA[RM Review]]></modeler:form-reference-name>
        <modeler:ignore-listener-on-import xmlns:modeler="http://activiti.com/modeler"><![CDATA[com.activiti.runtime.activiti.ContentProcessorExecutionListener]]></modeler:ignore-listener-on-import>
      </extensionElements>
    </userTask>
    <exclusiveGateway id="exclusiveGateway1"/>
    <exclusiveGateway id="exclusiveGateway2"/>
    <sequenceFlow id="sequenceFlow2" sourceRef="human-step-1492553605635-590" targetRef="exclusiveGateway1"/>
    <sequenceFlow id="sequenceFlow3" sourceRef="exclusiveGateway1" targetRef="alfresco-cloud-publish-step-1492554006100-163">
      <extensionElements>
        <modeler:conditionDefinition xmlns:modeler="http://activiti.com/modeler" modeler:index="0" modeler:outcomeFormId="1013" modeler:outcomeFormName="RM Review" modeler:rightOutcomeName="Approve" modeler:rightOutcomeFormName="RM Review" modeler:rightOutcomeFormId="1013" modeler:operator="=="/>
      </extensionElements>
      <conditionExpression xsi:type="tFormalExpression"><![CDATA[${(activiti_flowConditionsBean.exists(execution, 'form1013outcome') && form1013outcome == 'Approve')}]]></conditionExpression>
    </sequenceFlow>
    <serviceTask id="alfresco-cloud-publish-step-1492554006100-163" name="Publish to Alfresco" activiti:async="true" activiti:delegateExpression="${activiti_publishAlfrescoDelegate}">
      <extensionElements>
        <activiti:field name="contentSource">
          <activiti:string><![CDATA[process]]></activiti:string>
        </activiti:field>
        <activiti:field name="metaDataMapping">
          <activiti:string><![CDATA[[{"fileProperty":"epa:eparectype","propertyType":"string","propertyValueType":"field","formField":{"fieldType":"FormFieldRepresentation","id":"recordtype_LABEL","name":"Record Type - label","type":"dropdown","value":null,"required":false,"readOnly":false,"overrideId":false,"colspan":1,"placeholder":null,"minLength":0,"maxLength":0,"minValue":null,"maxValue":null,"regexPattern":null,"optionType":null,"hasEmptyValue":null,"options":null,"restUrl":null,"restResponsePath":null,"restIdProperty":null,"restLabelProperty":null,"tab":null,"className":null,"dateDisplayFormat":null,"layout":null,"sizeX":0,"sizeY":0,"row":0,"col":0,"visibilityCondition":null},"processVariable":null}]]]></activiti:string>
        </activiti:field>
        <activiti:field name="documentAspects">
          <activiti:string><![CDATA[[{"aspectName":"epa:eparmmetadata"}]]]></activiti:string>
        </activiti:field>
        <activiti:field name="documentType">
          <activiti:string><![CDATA[cmis:document]]></activiti:string>
        </activiti:field>
        <activiti:field name="account">
          <activiti:string><![CDATA[alfresco-1]]></activiti:string>
        </activiti:field>
        <activiti:field name="site">
          <activiti:string><![CDATA[rm]]></activiti:string>
        </activiti:field>
        <activiti:field name="publishAsType">
          <activiti:string><![CDATA[user]]></activiti:string>
        </activiti:field>
        <activiti:field name="accountUserId">
          <activiti:string><![CDATA[2]]></activiti:string>
        </activiti:field>
        <activiti:field name="path">
          <activiti:string><![CDATA[41f1137a-0fab-46f6-928a-6a0c5003798b]]></activiti:string>
        </activiti:field>
        <modeler:publish-task-type xmlns:modeler="http://activiti.com/modeler"><![CDATA[alfresco]]></modeler:publish-task-type>
        <modeler:site_title xmlns:modeler="http://activiti.com/modeler"><![CDATA[Records Management]]></modeler:site_title>
        <modeler:username xmlns:modeler="http://activiti.com/modeler"><![CDATA[Demo User]]></modeler:username>
        <modeler:path_title xmlns:modeler="http://activiti.com/modeler"><![CDATA[documentLibrary > Unfiled Records]]></modeler:path_title>
      </extensionElements>
    </serviceTask>
    <sequenceFlow id="sequenceFlow4" sourceRef="exclusiveGateway1" targetRef="exclusiveGateway2">
      <extensionElements>
        <modeler:conditionDefinition xmlns:modeler="http://activiti.com/modeler" modeler:index="0" modeler:outcomeFormId="1013" modeler:outcomeFormName="RM Review" modeler:rightOutcomeName="Reject" modeler:rightOutcomeFormName="RM Review" modeler:rightOutcomeFormId="1013" modeler:operator="=="/>
      </extensionElements>
      <conditionExpression xsi:type="tFormalExpression"><![CDATA[${(activiti_flowConditionsBean.exists(execution, 'form1013outcome') && form1013outcome == 'Reject')}]]></conditionExpression>
    </sequenceFlow>
    <sequenceFlow id="sequenceFlow5" sourceRef="alfresco-cloud-publish-step-1492554006100-163" targetRef="exclusiveGateway2"/>
    <endEvent id="end"/>
    <sequenceFlow id="sequenceFlow6" sourceRef="exclusiveGateway2" targetRef="end"/>
  </process>
  <bpmndi:BPMNDiagram id="BPMNDiagram_alfrecordsdeclarationprocess">
    <bpmndi:BPMNPlane bpmnElement="alfrecordsdeclarationprocess" id="BPMNPlane_alfrecordsdeclarationprocess">
      <bpmndi:BPMNShape bpmnElement="exclusiveGateway2" id="BPMNShape_exclusiveGateway2">
        <omgdc:Bounds height="40.0" width="40.0" x="470.0" y="73.0"/>
      </bpmndi:BPMNShape>
      <bpmndi:BPMNShape bpmnElement="exclusiveGateway1" id="BPMNShape_exclusiveGateway1">
        <omgdc:Bounds height="40.0" width="40.0" x="230.0" y="72.0"/>
      </bpmndi:BPMNShape>
      <bpmndi:BPMNShape bpmnElement="alfresco-cloud-publish-step-1492554006100-163" id="BPMNShape_alfresco-cloud-publish-step-1492554006100-163">
        <omgdc:Bounds height="60.0" width="100.0" x="320.0" y="0.0"/>
      </bpmndi:BPMNShape>
      <bpmndi:BPMNShape bpmnElement="start" id="BPMNShape_start">
        <omgdc:Bounds height="30.0" width="30.0" x="0.0" y="74.0"/>
      </bpmndi:BPMNShape>
      <bpmndi:BPMNShape bpmnElement="end" id="BPMNShape_end">
        <omgdc:Bounds height="30.0" width="30.0" x="560.0" y="78.0"/>
      </bpmndi:BPMNShape>
      <bpmndi:BPMNShape bpmnElement="human-step-1492553605635-590" id="BPMNShape_human-step-1492553605635-590">
        <omgdc:Bounds height="60.0" width="100.0" x="80.0" y="59.0"/>
      </bpmndi:BPMNShape>
      <bpmndi:BPMNEdge bpmnElement="sequenceFlow5" id="BPMNEdge_sequenceFlow5">
        <omgdi:waypoint x="420.0" y="30.0"/>
        <omgdi:waypoint x="432.0" y="30.0"/>
        <omgdi:waypoint x="432.0" y="93.0"/>
        <omgdi:waypoint x="470.0" y="93.0"/>
      </bpmndi:BPMNEdge>
      <bpmndi:BPMNEdge bpmnElement="sequenceFlow6" id="BPMNEdge_sequenceFlow6">
        <omgdi:waypoint x="510.0" y="93.0"/>
        <omgdi:waypoint x="560.0" y="93.0"/>
      </bpmndi:BPMNEdge>
      <bpmndi:BPMNEdge bpmnElement="sequenceFlow3" id="BPMNEdge_sequenceFlow3">
        <omgdi:waypoint x="270.0" y="92.0"/>
        <omgdi:waypoint x="282.0" y="92.0"/>
        <omgdi:waypoint x="282.0" y="30.0"/>
        <omgdi:waypoint x="320.0" y="30.0"/>
      </bpmndi:BPMNEdge>
      <bpmndi:BPMNEdge bpmnElement="sequenceFlow4" id="BPMNEdge_sequenceFlow4">
        <omgdi:waypoint x="270.0" y="92.0"/>
        <omgdi:waypoint x="282.0" y="92.0"/>
        <omgdi:waypoint x="282.0" y="93.0"/>
        <omgdi:waypoint x="470.0" y="93.0"/>
      </bpmndi:BPMNEdge>
      <bpmndi:BPMNEdge bpmnElement="sequenceFlow1" id="BPMNEdge_sequenceFlow1">
        <omgdi:waypoint x="30.0" y="89.0"/>
        <omgdi:waypoint x="80.0" y="89.0"/>
      </bpmndi:BPMNEdge>
      <bpmndi:BPMNEdge bpmnElement="sequenceFlow2" id="BPMNEdge_sequenceFlow2">
        <omgdi:waypoint x="180.0" y="89.0"/>
        <omgdi:waypoint x="192.0" y="89.0"/>
        <omgdi:waypoint x="192.0" y="92.0"/>
        <omgdi:waypoint x="230.0" y="92.0"/>
      </bpmndi:BPMNEdge>
    </bpmndi:BPMNPlane>
  </bpmndi:BPMNDiagram>
</definitions>