{"steps":[{"type":"human-step","id":"human-step-1492553605635-590","name":"Records Manager Review","assignment":{"type":"initiator","initiatorCanCompleteTask":true},"formDefinition":{"id":1013},"taskDueDateOption":"none","overdueSteps":[],"dueAction":"none","variablesmapping":[],"allowSendEmail":true,"emailTemplateSource":{"type":"default"}},{"type":"choice-step","id":"choice-step-1492553946643-618","name":"Choice step","choices":[{"steps":[{"type":"alfresco-cloud-publish-step","id":"alfresco-cloud-publish-step-1492554006100-163","name":"Publish to Alfresco","user":"2","userName":"Demo User","publishAsType":"user","site":{"id":"rm","title":"Records Management"},"path":{"id":"41f1137a-0fab-46f6-928a-6a0c5003798b","title":"documentLibrary > Unfiled Records","folderTree":[{"id":"17b3c0eb-1dc9-4ace-b509-1c739146014a","title":"documentLibrary","simpleType":"folder","folder":true},{"id":"41f1137a-0fab-46f6-928a-6a0c5003798b","title":"Unfiled Records","simpleType":"folder","folder":true}]},"account":{"id":"alfresco-1","name":"alfresco-1"},"metaDataColumnDefinitions":[{"fileProperty":"epa:eparectype","propertyType":"string","propertyValueType":"field","formField":{"fieldType":"FormFieldRepresentation","id":"recordtype_LABEL","name":"Record Type - label","type":"dropdown","required":false,"readOnly":false,"overrideId":false,"colspan":1,"minLength":0,"maxLength":0,"sizeX":0,"sizeY":0,"row":0,"col":0}}],"documentAspects":[{"aspectName":"epa:eparmmetadata"}],"documentType":"cmis:document","source":"process"}],"condition":{"operator":"==","type":"variables","leftOutcomeFormId":"1013","leftOutcomeFormName":"RM Review","rightOutcomeFormId":"1013","rightOutcomeFormName":"RM Review","rightOutcomeName":"Approve"},"name":"Approve","isDefault":false},{"steps":[],"condition":{"operator":"==","type":"variables","leftOutcomeFormId":"1013","leftOutcomeFormName":"RM Review","rightOutcomeFormId":"1013","rightOutcomeFormName":"RM Review","rightOutcomeName":"Reject"},"name":"Reject","isDefault":false}]}],"startForm":{"id":1025}}