{"steps":[{"type":"human-step","id":"human-step-1425739802251-499","name":"Ad hoc Group Task","description":"${taskdescription}","assignment":{"candidateGroupFields":[{"fieldType":"FormFieldRepresentation","id":"assigntogroup","name":"Assign to group","type":"functional-group","required":false,"readOnly":false,"overrideId":false,"colspan":1,"minLength":0,"maxLength":0,"sizeX":0,"sizeY":0,"row":0,"col":0}],"type":"groups","initiatorCanCompleteTask":true},"formDefinition":{"id":1027},"taskDueDateOption":"field","taskDueDateField":{"id":"duedate","name":"Due date"},"overdueSteps":[],"dueAction":"none","allowSendEmail":true}],"startForm":{"id":1021}}