{"steps":[{"type":"human-step","id":"human-step-1426098741282-640","name":"Review and Approve","description":"${taskdescription}","assignment":{"assigneeField":{"fieldType":"FormFieldRepresentation","id":"assignee","name":"Assignee","type":"people","required":false,"readOnly":false,"overrideId":false,"colspan":1,"minLength":0,"maxLength":0,"sizeX":0,"sizeY":0,"row":0,"col":0},"type":"user","initiatorCanCompleteTask":true},"formDefinition":{"id":1012},"taskDueDateOption":"field","taskDueDateField":{"id":"duedate","name":"Due date"},"overdueSteps":[],"dueAction":"none","allowSendEmail":true,"emailTemplateSource":{"type":"default"}},{"type":"choice-step","id":"choice-step-1426098951964-62","name":"Choice step","choices":[{"steps":[{"type":"human-step","id":"human-step-1426098987148-121","name":"Approved","description":"${taskdescription}","assignment":{"type":"initiator","initiatorCanCompleteTask":true},"formDefinition":{"id":1020},"taskDueDateOption":"none","overdueSteps":[],"dueAction":"none","allowSendEmail":true,"emailTemplateSource":{"type":"default"}}],"condition":{"fieldType":"outcome","outcomeName":"Approve","outcomeFormId":"1012","outcomeFormName":"Review","operator":"=="},"name":"Approved","isDefault":false},{"steps":[{"type":"human-step","id":"human-step-1426099157561-333","name":"Rejected","description":"${taskdescription}","assignment":{"type":"initiator","initiatorCanCompleteTask":true},"formDefinition":{"id":1016},"taskDueDateOption":"none","overdueSteps":[],"dueAction":"none","allowSendEmail":true,"emailTemplateSource":{"type":"default"}}],"condition":{"fieldType":"outcome","outcomeName":"Reject","outcomeFormId":"1012","outcomeFormName":"Review","operator":"=="},"name":"Rejected","isDefault":false}]},{"type":"choice-step","id":"choice-step-1426099534907-944","name":"Choice step","choices":[{"steps":[],"condition":{"fieldType":"outcome","outcomeName":"Approve","outcomeFormId":"1012","outcomeFormName":"Review","operator":"=="},"name":"Approved","isDefault":false},{"steps":[{"type":"goto-step","id":"goto-step-1426100576117-291","name":"Goto Review and Approve","gotoStep":{"id":"human-step-1426098741282-640","name":"Review and Approve","stepType":"human-step"}}],"condition":{"fieldType":"outcome","outcomeName":"Send for Approval Again","outcomeFormId":"1016","outcomeFormName":"Rejected","operator":"=="},"name":"Retry Approval","isDefault":false},{"steps":[],"condition":{"fieldType":"outcome","outcomeName":"Stop Approval Request","outcomeFormId":"1016","outcomeFormName":"Rejected","operator":"=="},"name":"Rejected","isDefault":false}]}],"startForm":{"id":1017}}