<?xml version='1.0' encoding='UTF-8'?>
<definitions xmlns="http://www.omg.org/spec/BPMN/20100524/MODEL" xmlns:xsi="http://www.w3.org/2001/XMLSchema-instance" xmlns:xsd="http://www.w3.org/2001/XMLSchema" xmlns:activiti="http://activiti.org/bpmn" xmlns:bpmndi="http://www.omg.org/spec/BPMN/20100524/DI" xmlns:omgdc="http://www.omg.org/spec/DD/20100524/DC" xmlns:omgdi="http://www.omg.org/spec/DD/20100524/DI" typeLanguage="http://www.w3.org/2001/XMLSchema" expressionLanguage="http://www.w3.org/1999/XPath" targetNamespace="http://www.activiti.org/test">
  <process id="reviewandapprove-singleperson" name="Review and Approve - Single person" isExecutable="true">
    <startEvent id="start" activiti:initiator="initiator" activiti:formKey="1017">
      <extensionElements>
        <modeler:form-reference-id xmlns:modeler="http://activiti.com/modeler"><![CDATA[1017]]></modeler:form-reference-id>
        <modeler:form-reference-name xmlns:modeler="http://activiti.com/modeler"><![CDATA[Start form]]></modeler:form-reference-name>
      </extensionElements>
    </startEvent>
    <sequenceFlow id="sequenceFlow1" sourceRef="start" targetRef="human-step-1426098741282-640"/>
    <userTask id="human-step-1426098741282-640" name="Review and Approve" activiti:async="true" activiti:assignee="${taskAssignmentBean.assignTaskToAssignee('assignee', execution)}" activiti:dueDate="${taskDueDateBean.calculateDueDateWithField('duedate','add',0,0,0,0,0,0, execution)}" activiti:formKey="1012">
      <documentation>${taskdescription}</documentation>
      <extensionElements>
        <activiti:executionListener event="start" class="com.activiti.runtime.activiti.ContentProcessorExecutionListener">
          <activiti:field name="externalContentHandler">
            <activiti:expression><![CDATA[${externalContentHandler}]]></activiti:expression>
          </activiti:field>
        </activiti:executionListener>
        <modeler:allow-send-email xmlns:modeler="http://activiti.com/modeler"><![CDATA[true]]></modeler:allow-send-email>
        <modeler:activiti-idm-assignee-field xmlns:modeler="http://activiti.com/modeler"><![CDATA[assignee]]></modeler:activiti-idm-assignee-field>
        <modeler:initiator-can-complete xmlns:modeler="http://activiti.com/modeler"><![CDATA[true]]></modeler:initiator-can-complete>
        <modeler:assignee-field-info-name xmlns:modeler="http://activiti.com/modeler"><![CDATA[Assignee]]></modeler:assignee-field-info-name>
        <modeler:form-reference-id xmlns:modeler="http://activiti.com/modeler"><![CDATA[1012]]></modeler:form-reference-id>
        <modeler:form-reference-name xmlns:modeler="http://activiti.com/modeler"><![CDATA[Review form]]></modeler:form-reference-name>
        <modeler:duedate-type xmlns:modeler="http://activiti.com/modeler"><![CDATA[field]]></modeler:duedate-type>
        <modeler:duedate-calculation-type xmlns:modeler="http://activiti.com/modeler"><![CDATA[add]]></modeler:duedate-calculation-type>
        <modeler:duedate-field-id xmlns:modeler="http://activiti.com/modeler"><![CDATA[duedate]]></modeler:duedate-field-id>
        <modeler:duedate-field-name xmlns:modeler="http://activiti.com/modeler"><![CDATA[Due date]]></modeler:duedate-field-name>
        <modeler:ignore-listener-on-import xmlns:modeler="http://activiti.com/modeler"><![CDATA[com.activiti.runtime.activiti.ContentProcessorExecutionListener]]></modeler:ignore-listener-on-import>
      </extensionElements>
    </userTask>
    <exclusiveGateway id="exclusiveGateway1"/>
    <exclusiveGateway id="exclusiveGateway2"/>
    <sequenceFlow id="sequenceFlow2" sourceRef="human-step-1426098741282-640" targetRef="exclusiveGateway1"/>
    <sequenceFlow id="sequenceFlow3" sourceRef="exclusiveGateway1" targetRef="human-step-1426098987148-121">
      <extensionElements>
        <modeler:conditionDefinition xmlns:modeler="http://activiti.com/modeler" modeler:index="0" modeler:outcomeFormId="1012" modeler:outcomeFormName="Review" modeler:rightOutcomeName="Approve" modeler:operator="=="/>
      </extensionElements>
      <conditionExpression xsi:type="tFormalExpression"><![CDATA[${form1012outcome=='Approve'}]]></conditionExpression>
    </sequenceFlow>
    <userTask id="human-step-1426098987148-121" name="Approved" activiti:assignee="${initiator}" activiti:formKey="1020">
      <documentation>${taskdescription}</documentation>
      <extensionElements>
        <modeler:allow-send-email xmlns:modeler="http://activiti.com/modeler"><![CDATA[true]]></modeler:allow-send-email>
        <modeler:activiti-idm-initiator xmlns:modeler="http://activiti.com/modeler"><![CDATA[true]]></modeler:activiti-idm-initiator>
        <modeler:activiti-idm-assignee xmlns:modeler="http://activiti.com/modeler"><![CDATA[true]]></modeler:activiti-idm-assignee>
        <modeler:initiator-can-complete xmlns:modeler="http://activiti.com/modeler"><![CDATA[true]]></modeler:initiator-can-complete>
        <modeler:form-reference-id xmlns:modeler="http://activiti.com/modeler"><![CDATA[1020]]></modeler:form-reference-id>
        <modeler:form-reference-name xmlns:modeler="http://activiti.com/modeler"><![CDATA[Approved form]]></modeler:form-reference-name>
      </extensionElements>
    </userTask>
    <sequenceFlow id="sequenceFlow4" sourceRef="exclusiveGateway1" targetRef="human-step-1426099157561-333">
      <extensionElements>
        <modeler:conditionDefinition xmlns:modeler="http://activiti.com/modeler" modeler:index="0" modeler:outcomeFormId="1012" modeler:outcomeFormName="Review" modeler:rightOutcomeName="Reject" modeler:operator="=="/>
      </extensionElements>
      <conditionExpression xsi:type="tFormalExpression"><![CDATA[${form1012outcome=='Reject'}]]></conditionExpression>
    </sequenceFlow>
    <userTask id="human-step-1426099157561-333" name="Rejected" activiti:assignee="${initiator}" activiti:formKey="1016">
      <documentation>${taskdescription}</documentation>
      <extensionElements>
        <modeler:allow-send-email xmlns:modeler="http://activiti.com/modeler"><![CDATA[true]]></modeler:allow-send-email>
        <modeler:activiti-idm-initiator xmlns:modeler="http://activiti.com/modeler"><![CDATA[true]]></modeler:activiti-idm-initiator>
        <modeler:activiti-idm-assignee xmlns:modeler="http://activiti.com/modeler"><![CDATA[true]]></modeler:activiti-idm-assignee>
        <modeler:initiator-can-complete xmlns:modeler="http://activiti.com/modeler"><![CDATA[true]]></modeler:initiator-can-complete>
        <modeler:form-reference-id xmlns:modeler="http://activiti.com/modeler"><![CDATA[1016]]></modeler:form-reference-id>
        <modeler:form-reference-name xmlns:modeler="http://activiti.com/modeler"><![CDATA[Rejected form]]></modeler:form-reference-name>
      </extensionElements>
    </userTask>
    <sequenceFlow id="sequenceFlow5" sourceRef="human-step-1426098987148-121" targetRef="exclusiveGateway2"/>
    <sequenceFlow id="sequenceFlow6" sourceRef="human-step-1426099157561-333" targetRef="exclusiveGateway2"/>
    <exclusiveGateway id="exclusiveGateway3"/>
    <exclusiveGateway id="exclusiveGateway4"/>
    <sequenceFlow id="sequenceFlow7" sourceRef="exclusiveGateway2" targetRef="exclusiveGateway3"/>
    <sequenceFlow id="sequenceFlow8" sourceRef="exclusiveGateway3" targetRef="exclusiveGateway4">
      <extensionElements>
        <modeler:conditionDefinition xmlns:modeler="http://activiti.com/modeler" modeler:index="0" modeler:outcomeFormId="1012" modeler:outcomeFormName="Review" modeler:rightOutcomeName="Approve" modeler:operator="=="/>
      </extensionElements>
      <conditionExpression xsi:type="tFormalExpression"><![CDATA[${form1012outcome=='Approve'}]]></conditionExpression>
    </sequenceFlow>
    <sequenceFlow id="sequenceFlow9" sourceRef="exclusiveGateway3" targetRef="human-step-1426098741282-640">
      <extensionElements>
        <modeler:conditionDefinition xmlns:modeler="http://activiti.com/modeler" modeler:index="0" modeler:outcomeFormId="1016" modeler:outcomeFormName="Rejected" modeler:rightOutcomeName="Send for Approval Again" modeler:operator="=="/>
      </extensionElements>
      <conditionExpression xsi:type="tFormalExpression"><![CDATA[${form1016outcome=='Send for Approval Again'}]]></conditionExpression>
    </sequenceFlow>
    <sequenceFlow id="sequenceFlow10" sourceRef="exclusiveGateway3" targetRef="exclusiveGateway4">
      <extensionElements>
        <modeler:conditionDefinition xmlns:modeler="http://activiti.com/modeler" modeler:index="0" modeler:outcomeFormId="1016" modeler:outcomeFormName="Rejected" modeler:rightOutcomeName="Stop Approval Request" modeler:operator="=="/>
      </extensionElements>
      <conditionExpression xsi:type="tFormalExpression"><![CDATA[${form1016outcome=='Stop Approval Request'}]]></conditionExpression>
    </sequenceFlow>
    <endEvent id="end"/>
    <sequenceFlow id="sequenceFlow11" sourceRef="exclusiveGateway4" targetRef="end"/>
  </process>
  <bpmndi:BPMNDiagram id="BPMNDiagram_reviewandapprove-singleperson">
    <bpmndi:BPMNPlane bpmnElement="reviewandapprove-singleperson" id="BPMNPlane_reviewandapprove-singleperson">
      <bpmndi:BPMNShape bpmnElement="exclusiveGateway4" id="BPMNShape_exclusiveGateway4">
        <omgdc:Bounds height="40.0" width="40.0" x="650.0" y="159.0"/>
      </bpmndi:BPMNShape>
      <bpmndi:BPMNShape bpmnElement="exclusiveGateway3" id="BPMNShape_exclusiveGateway3">
        <omgdc:Bounds height="40.0" width="40.0" x="560.0" y="161.0"/>
      </bpmndi:BPMNShape>
      <bpmndi:BPMNShape bpmnElement="exclusiveGateway2" id="BPMNShape_exclusiveGateway2">
        <omgdc:Bounds height="40.0" width="40.0" x="470.0" y="103.0"/>
      </bpmndi:BPMNShape>
      <bpmndi:BPMNShape bpmnElement="human-step-1426098987148-121" id="BPMNShape_human-step-1426098987148-121">
        <omgdc:Bounds height="60.0" width="100.0" x="320.0" y="0.0"/>
      </bpmndi:BPMNShape>
      <bpmndi:BPMNShape bpmnElement="exclusiveGateway1" id="BPMNShape_exclusiveGateway1">
        <omgdc:Bounds height="40.0" width="40.0" x="230.0" y="114.0"/>
      </bpmndi:BPMNShape>
      <bpmndi:BPMNShape bpmnElement="start" id="BPMNShape_start">
        <omgdc:Bounds height="30.0" width="30.0" x="0.0" y="178.0"/>
      </bpmndi:BPMNShape>
      <bpmndi:BPMNShape bpmnElement="human-step-1426098741282-640" id="BPMNShape_human-step-1426098741282-640">
        <omgdc:Bounds height="60.0" width="100.0" x="80.0" y="163.0"/>
      </bpmndi:BPMNShape>
      <bpmndi:BPMNShape bpmnElement="end" id="BPMNShape_end">
        <omgdc:Bounds height="30.0" width="30.0" x="740.0" y="164.0"/>
      </bpmndi:BPMNShape>
      <bpmndi:BPMNShape bpmnElement="human-step-1426099157561-333" id="BPMNShape_human-step-1426099157561-333">
        <omgdc:Bounds height="60.0" width="100.0" x="320.0" y="160.0"/>
      </bpmndi:BPMNShape>
      <bpmndi:BPMNEdge bpmnElement="sequenceFlow5" id="BPMNEdge_sequenceFlow5">
        <omgdi:waypoint x="420.0" y="30.0"/>
        <omgdi:waypoint x="432.0" y="30.0"/>
        <omgdi:waypoint x="432.0" y="123.0"/>
        <omgdi:waypoint x="470.0" y="123.0"/>
      </bpmndi:BPMNEdge>
      <bpmndi:BPMNEdge bpmnElement="sequenceFlow6" id="BPMNEdge_sequenceFlow6">
        <omgdi:waypoint x="420.0" y="190.0"/>
        <omgdi:waypoint x="432.0" y="190.0"/>
        <omgdi:waypoint x="432.0" y="123.0"/>
        <omgdi:waypoint x="470.0" y="123.0"/>
      </bpmndi:BPMNEdge>
      <bpmndi:BPMNEdge bpmnElement="sequenceFlow3" id="BPMNEdge_sequenceFlow3">
        <omgdi:waypoint x="270.0" y="134.0"/>
        <omgdi:waypoint x="282.0" y="134.0"/>
        <omgdi:waypoint x="282.0" y="30.0"/>
        <omgdi:waypoint x="320.0" y="30.0"/>
      </bpmndi:BPMNEdge>
      <bpmndi:BPMNEdge bpmnElement="sequenceFlow4" id="BPMNEdge_sequenceFlow4">
        <omgdi:waypoint x="270.0" y="134.0"/>
        <omgdi:waypoint x="282.0" y="134.0"/>
        <omgdi:waypoint x="282.0" y="190.0"/>
        <omgdi:waypoint x="320.0" y="190.0"/>
      </bpmndi:BPMNEdge>
      <bpmndi:BPMNEdge bpmnElement="sequenceFlow1" id="BPMNEdge_sequenceFlow1">
        <omgdi:waypoint x="30.0" y="193.0"/>
        <omgdi:waypoint x="80.0" y="193.0"/>
      </bpmndi:BPMNEdge>
      <bpmndi:BPMNEdge bpmnElement="sequenceFlow2" id="BPMNEdge_sequenceFlow2">
        <omgdi:waypoint x="180.0" y="180.5"/>
        <omgdi:waypoint x="192.0" y="180.5"/>
        <omgdi:waypoint x="192.0" y="134.0"/>
        <omgdi:waypoint x="230.0" y="134.0"/>
      </bpmndi:BPMNEdge>
      <bpmndi:BPMNEdge bpmnElement="sequenceFlow11" id="BPMNEdge_sequenceFlow11">
        <omgdi:waypoint x="690.0" y="179.0"/>
        <omgdi:waypoint x="740.0" y="179.0"/>
      </bpmndi:BPMNEdge>
      <bpmndi:BPMNEdge bpmnElement="sequenceFlow10" id="BPMNEdge_sequenceFlow10">
        <omgdi:waypoint x="600.0" y="181.0"/>
        <omgdi:waypoint x="612.0" y="181.0"/>
        <omgdi:waypoint x="612.0" y="179.0"/>
        <omgdi:waypoint x="650.0" y="179.0"/>
      </bpmndi:BPMNEdge>
      <bpmndi:BPMNEdge bpmnElement="sequenceFlow9" id="BPMNEdge_sequenceFlow9">
        <omgdi:waypoint x="560.0" y="181.0"/>
        <omgdi:waypoint x="548.0" y="181.0"/>
        <omgdi:waypoint x="548.0" y="193.0"/>
        <omgdi:waypoint x="80.0" y="193.0"/>
      </bpmndi:BPMNEdge>
      <bpmndi:BPMNEdge bpmnElement="sequenceFlow7" id="BPMNEdge_sequenceFlow7">
        <omgdi:waypoint x="510.0" y="123.0"/>
        <omgdi:waypoint x="522.0" y="123.0"/>
        <omgdi:waypoint x="522.0" y="181.0"/>
        <omgdi:waypoint x="560.0" y="181.0"/>
      </bpmndi:BPMNEdge>
      <bpmndi:BPMNEdge bpmnElement="sequenceFlow8" id="BPMNEdge_sequenceFlow8">
        <omgdi:waypoint x="600.0" y="181.0"/>
        <omgdi:waypoint x="612.0" y="181.0"/>
        <omgdi:waypoint x="612.0" y="179.0"/>
        <omgdi:waypoint x="650.0" y="179.0"/>
      </bpmndi:BPMNEdge>
    </bpmndi:BPMNPlane>
  </bpmndi:BPMNDiagram>
</definitions>