<?xml version='1.0' encoding='UTF-8'?>
<definitions xmlns="http://www.omg.org/spec/BPMN/20100524/MODEL" xmlns:xsi="http://www.w3.org/2001/XMLSchema-instance" xmlns:xsd="http://www.w3.org/2001/XMLSchema" xmlns:activiti="http://activiti.org/bpmn" xmlns:bpmndi="http://www.omg.org/spec/BPMN/20100524/DI" xmlns:omgdc="http://www.omg.org/spec/DD/20100524/DC" xmlns:omgdi="http://www.omg.org/spec/DD/20100524/DI" typeLanguage="http://www.w3.org/2001/XMLSchema" expressionLanguage="http://www.w3.org/1999/XPath" targetNamespace="http://www.activiti.org/test">
  <process id="rmdispositionreviewworkflow" name="RM Disposition Review Workflow" isExecutable="true">
    <startEvent id="start" activiti:formKey="1011">
      <extensionElements>
        <modeler:form-reference-id xmlns:modeler="http://activiti.com/modeler"><![CDATA[1011]]></modeler:form-reference-id>
        <modeler:form-reference-name xmlns:modeler="http://activiti.com/modeler"><![CDATA[Assign Reviewers Form]]></modeler:form-reference-name>
      </extensionElements>
    </startEvent>
    <sequenceFlow id="sequenceFlow1" sourceRef="start" targetRef="human-step-1468174752222-514"/>
    <userTask id="human-step-1468174752222-514" name="Review the Results of the Disposition Search" activiti:candidateGroups="1001" activiti:formKey="1023">
      <extensionElements>
        <modeler:allow-send-email xmlns:modeler="http://activiti.com/modeler"><![CDATA[true]]></modeler:allow-send-email>
        <modeler:activiti-idm-candidate-group xmlns:modeler="http://activiti.com/modeler"><![CDATA[true]]></modeler:activiti-idm-candidate-group>
        <modeler:initiator-can-complete xmlns:modeler="http://activiti.com/modeler"><![CDATA[true]]></modeler:initiator-can-complete>
        <modeler:group-info-name-1001 xmlns:modeler="http://activiti.com/modeler"><![CDATA[candidate]]></modeler:group-info-name-1001>
        <modeler:form-reference-id xmlns:modeler="http://activiti.com/modeler"><![CDATA[1023]]></modeler:form-reference-id>
        <modeler:form-reference-name xmlns:modeler="http://activiti.com/modeler"><![CDATA[Disposition Results Review]]></modeler:form-reference-name>
      </extensionElements>
    </userTask>
    <exclusiveGateway id="exclusiveGateway1"/>
    <exclusiveGateway id="exclusiveGateway2"/>
    <sequenceFlow id="sequenceFlow2" sourceRef="human-step-1468174752222-514" targetRef="exclusiveGateway1"/>
    <sequenceFlow id="sequenceFlow3" sourceRef="exclusiveGateway1" targetRef="human-step-1468175150280-761">
      <extensionElements>
        <modeler:conditionDefinition xmlns:modeler="http://activiti.com/modeler" modeler:index="0" modeler:outcomeFormId="1023" modeler:outcomeFormName="Disposition Results Review" modeler:rightOutcomeName="Approve" modeler:rightOutcomeFormName="Disposition Results Review" modeler:rightOutcomeFormId="1023" modeler:operator="=="/>
      </extensionElements>
      <conditionExpression xsi:type="tFormalExpression"><![CDATA[${(activiti_flowConditionsBean.exists(execution, 'form1023outcome') && form1023outcome == 'Approve')}]]></conditionExpression>
    </sequenceFlow>
    <userTask id="human-step-1468175150280-761" name="Records Manager Review" activiti:candidateGroups="1002" activiti:formKey="1014">
      <extensionElements>
        <modeler:allow-send-email xmlns:modeler="http://activiti.com/modeler"><![CDATA[true]]></modeler:allow-send-email>
        <modeler:activiti-idm-candidate-group xmlns:modeler="http://activiti.com/modeler"><![CDATA[true]]></modeler:activiti-idm-candidate-group>
        <modeler:initiator-can-complete xmlns:modeler="http://activiti.com/modeler"><![CDATA[true]]></modeler:initiator-can-complete>
        <modeler:group-info-name-1002 xmlns:modeler="http://activiti.com/modeler"><![CDATA[candidate groups]]></modeler:group-info-name-1002>
        <modeler:form-reference-id xmlns:modeler="http://activiti.com/modeler"><![CDATA[1014]]></modeler:form-reference-id>
        <modeler:form-reference-name xmlns:modeler="http://activiti.com/modeler"><![CDATA[Records Manager Review Form]]></modeler:form-reference-name>
      </extensionElements>
    </userTask>
    <sequenceFlow id="sequenceFlow4" sourceRef="exclusiveGateway1" targetRef="human-step-1468175150280-761">
      <extensionElements>
        <modeler:conditionDefinition xmlns:modeler="http://activiti.com/modeler" modeler:index="0" modeler:outcomeFormId="1023" modeler:outcomeFormName="Disposition Results Review" modeler:rightOutcomeName="Reject" modeler:rightOutcomeFormName="Disposition Results Review" modeler:rightOutcomeFormId="1023" modeler:operator="=="/>
      </extensionElements>
      <conditionExpression xsi:type="tFormalExpression"><![CDATA[${(activiti_flowConditionsBean.exists(execution, 'form1023outcome') && form1023outcome == 'Reject')}]]></conditionExpression>
    </sequenceFlow>
    <sequenceFlow id="sequenceFlow5" sourceRef="human-step-1468175150280-761" targetRef="exclusiveGateway2"/>
    <sequenceFlow id="sequenceFlow6" sourceRef="exclusiveGateway2" targetRef="generate-doc-step-1468175467500-102"/>
    <serviceTask id="generate-doc-step-1468175467500-102" name="Generate Document" activiti:async="true" activiti:delegateExpression="${activiti_generateDocumentDelegate}">
      <extensionElements>
        <activiti:field name="outputFormat">
          <activiti:string><![CDATA[pdf]]></activiti:string>
        </activiti:field>
        <activiti:field name="templateId">
          <activiti:string><![CDATA[1]]></activiti:string>
        </activiti:field>
        <activiti:field name="templateName">
          <activiti:string><![CDATA[Reasons for Approval or Rejection of Records ready for Disposition copy.docx]]></activiti:string>
        </activiti:field>
        <activiti:field name="variableName">
          <activiti:string><![CDATA[ReviewerComments]]></activiti:string>
        </activiti:field>
      </extensionElements>
    </serviceTask>
    <sequenceFlow id="sequenceFlow7" sourceRef="generate-doc-step-1468175467500-102" targetRef="alfresco-cloud-publish-step-1468175876696-383"/>
    <serviceTask id="alfresco-cloud-publish-step-1468175876696-383" name="Publish to Alfresco" activiti:async="true" activiti:delegateExpression="${activiti_publishAlfrescoDelegate}">
      <extensionElements>
        <activiti:field name="contentSource">
          <activiti:string><![CDATA[process]]></activiti:string>
        </activiti:field>
        <activiti:field name="documentAspects">
          <activiti:string><![CDATA[[{"aspectName":"cm:titled"}]]]></activiti:string>
        </activiti:field>
        <activiti:field name="documentType">
          <activiti:string><![CDATA[cmis:document]]></activiti:string>
        </activiti:field>
        <activiti:field name="account">
          <activiti:string><![CDATA[alfresco-1-alfresco-1]]></activiti:string>
        </activiti:field>
        <activiti:field name="site">
          <activiti:string><![CDATA[rm]]></activiti:string>
        </activiti:field>
        <activiti:field name="publishAsType">
          <activiti:string><![CDATA[user]]></activiti:string>
        </activiti:field>
        <activiti:field name="accountUserId">
          <activiti:string><![CDATA[2]]></activiti:string>
        </activiti:field>
        <activiti:field name="path">
          <activiti:string><![CDATA[a068b4c3-1fd4-4841-a8a0-949b14356398]]></activiti:string>
        </activiti:field>
        <modeler:publish-task-type xmlns:modeler="http://activiti.com/modeler"><![CDATA[alfresco]]></modeler:publish-task-type>
        <modeler:site_title xmlns:modeler="http://activiti.com/modeler"><![CDATA[Records Management]]></modeler:site_title>
        <modeler:username xmlns:modeler="http://activiti.com/modeler"><![CDATA[Demo User]]></modeler:username>
        <modeler:user-email xmlns:modeler="http://activiti.com/modeler"><![CDATA[demo@example.com]]></modeler:user-email>
        <modeler:user-external-id xmlns:modeler="http://activiti.com/modeler"><![CDATA[demo]]></modeler:user-external-id>
        <modeler:path_title xmlns:modeler="http://activiti.com/modeler"><![CDATA[documentLibrary > Unfiled Records]]></modeler:path_title>
      </extensionElements>
    </serviceTask>
    <endEvent id="end"/>
    <sequenceFlow id="sequenceFlow8" sourceRef="alfresco-cloud-publish-step-1468175876696-383" targetRef="end"/>
  </process>
  <bpmndi:BPMNDiagram id="BPMNDiagram_rmdispositionreviewworkflow">
    <bpmndi:BPMNPlane bpmnElement="rmdispositionreviewworkflow" id="BPMNPlane_rmdispositionreviewworkflow">
      <bpmndi:BPMNShape bpmnElement="generate-doc-step-1468175467500-102" id="BPMNShape_generate-doc-step-1468175467500-102">
        <omgdc:Bounds height="60.0" width="100.0" x="560.0" y="0.0"/>
      </bpmndi:BPMNShape>
      <bpmndi:BPMNShape bpmnElement="exclusiveGateway2" id="BPMNShape_exclusiveGateway2">
        <omgdc:Bounds height="40.0" width="40.0" x="470.0" y="10.0"/>
      </bpmndi:BPMNShape>
      <bpmndi:BPMNShape bpmnElement="exclusiveGateway1" id="BPMNShape_exclusiveGateway1">
        <omgdc:Bounds height="40.0" width="40.0" x="230.0" y="10.0"/>
      </bpmndi:BPMNShape>
      <bpmndi:BPMNShape bpmnElement="start" id="BPMNShape_start">
        <omgdc:Bounds height="30.0" width="30.0" x="0.0" y="15.0"/>
      </bpmndi:BPMNShape>
      <bpmndi:BPMNShape bpmnElement="end" id="BPMNShape_end">
        <omgdc:Bounds height="30.0" width="30.0" x="860.0" y="15.0"/>
      </bpmndi:BPMNShape>
      <bpmndi:BPMNShape bpmnElement="human-step-1468175150280-761" id="BPMNShape_human-step-1468175150280-761">
        <omgdc:Bounds height="60.0" width="100.0" x="320.0" y="0.0"/>
      </bpmndi:BPMNShape>
      <bpmndi:BPMNShape bpmnElement="human-step-1468174752222-514" id="BPMNShape_human-step-1468174752222-514">
        <omgdc:Bounds height="60.0" width="100.0" x="80.0" y="0.0"/>
      </bpmndi:BPMNShape>
      <bpmndi:BPMNShape bpmnElement="alfresco-cloud-publish-step-1468175876696-383" id="BPMNShape_alfresco-cloud-publish-step-1468175876696-383">
        <omgdc:Bounds height="60.0" width="100.0" x="710.0" y="0.0"/>
      </bpmndi:BPMNShape>
      <bpmndi:BPMNEdge bpmnElement="sequenceFlow5" id="BPMNEdge_sequenceFlow5">
        <omgdi:waypoint x="420.0" y="30.0"/>
        <omgdi:waypoint x="470.0" y="30.0"/>
      </bpmndi:BPMNEdge>
      <bpmndi:BPMNEdge bpmnElement="sequenceFlow6" id="BPMNEdge_sequenceFlow6">
        <omgdi:waypoint x="510.0" y="30.0"/>
        <omgdi:waypoint x="560.0" y="30.0"/>
      </bpmndi:BPMNEdge>
      <bpmndi:BPMNEdge bpmnElement="sequenceFlow3" id="BPMNEdge_sequenceFlow3">
        <omgdi:waypoint x="270.0" y="30.0"/>
        <omgdi:waypoint x="320.0" y="30.0"/>
      </bpmndi:BPMNEdge>
      <bpmndi:BPMNEdge bpmnElement="sequenceFlow4" id="BPMNEdge_sequenceFlow4">
        <omgdi:waypoint x="270.0" y="30.0"/>
        <omgdi:waypoint x="320.0" y="30.0"/>
      </bpmndi:BPMNEdge>
      <bpmndi:BPMNEdge bpmnElement="sequenceFlow1" id="BPMNEdge_sequenceFlow1">
        <omgdi:waypoint x="30.0" y="30.0"/>
        <omgdi:waypoint x="80.0" y="30.0"/>
      </bpmndi:BPMNEdge>
      <bpmndi:BPMNEdge bpmnElement="sequenceFlow2" id="BPMNEdge_sequenceFlow2">
        <omgdi:waypoint x="180.0" y="30.0"/>
        <omgdi:waypoint x="230.0" y="30.0"/>
      </bpmndi:BPMNEdge>
      <bpmndi:BPMNEdge bpmnElement="sequenceFlow7" id="BPMNEdge_sequenceFlow7">
        <omgdi:waypoint x="660.0" y="30.0"/>
        <omgdi:waypoint x="710.0" y="30.0"/>
      </bpmndi:BPMNEdge>
      <bpmndi:BPMNEdge bpmnElement="sequenceFlow8" id="BPMNEdge_sequenceFlow8">
        <omgdi:waypoint x="810.0" y="30.0"/>
        <omgdi:waypoint x="860.0" y="30.0"/>
      </bpmndi:BPMNEdge>
    </bpmndi:BPMNPlane>
  </bpmndi:BPMNDiagram>
</definitions>