{"steps":[{"type":"human-step","id":"human-step-1468174752222-514","name":"Review the Results of the Disposition Search","assignment":{"candidateGroups":[{"id":1001,"name":"candidate"}],"type":"groups","initiatorCanCompleteTask":true},"formDefinition":{"id":1023},"taskDueDateOption":"none","overdueSteps":[],"dueAction":"none","allowSendEmail":true,"emailTemplateSource":{"type":"default"}},{"type":"choice-step","id":"choice-step-1468175100970-853","name":"Choice step","choices":[{"steps":[{"type":"human-step","id":"human-step-1468175150280-761","name":"Records Manager Review","assignment":{"candidateGroups":[{"id":1002,"name":"candidate groups"}],"type":"groups","initiatorCanCompleteTask":true},"formDefinition":{"id":1014},"taskDueDateOption":"none","overdueSteps":[],"dueAction":"none","allowSendEmail":true,"emailTemplateSource":{"type":"default"}}],"condition":{"operator":"==","type":"variables","leftOutcomeFormId":"1023","leftOutcomeFormName":"Disposition Results Review","rightOutcomeFormId":"1023","rightOutcomeFormName":"Disposition Results Review","rightOutcomeName":"Approve"},"name":"Approve","isDefault":false},{"steps":[{"type":"goto-step","id":"goto-step-1468175442253-327","name":"Continue to Records Manager Review","gotoStep":{"id":"human-step-1468175150280-761","name":"Records Manager Review","stepType":"human-step"}}],"condition":{"operator":"==","type":"variables","leftOutcomeFormId":"1023","leftOutcomeFormName":"Disposition Results Review","rightOutcomeFormId":"1023","rightOutcomeFormName":"Disposition Results Review","rightOutcomeName":"Reject"},"name":"Reject","isDefault":false}]},{"type":"generate-doc-step","id":"generate-doc-step-1468175467500-102","name":"Generate Document","outputFormat":"pdf","variable":"ReviewerComments","template":{"id":1,"name":"Reasons for Approval or Rejection of Records ready for Disposition copy.docx"}},{"type":"alfresco-cloud-publish-step","id":"alfresco-cloud-publish-step-1468175876696-383","name":"Publish to Alfresco","user":"2","userName":"Demo User","userEmail":"demo@example.com","userExternalId":"demo","publishAsType":"user","site":{"id":"rm","title":"Records Management"},"path":{"id":"a068b4c3-1fd4-4841-a8a0-949b14356398","title":"documentLibrary > Unfiled Records","folderTree":[{"id":"e942e40e-acbe-4574-99d8-58c486b07c50","title":"documentLibrary","simpleType":"folder","folder":true},{"id":"a068b4c3-1fd4-4841-a8a0-949b14356398","title":"Unfiled Records","simpleType":"folder","folder":true}]},"account":{"id":"alfresco-1-alfresco-1","name":"alfresco-1"},"metaDataColumnDefinitions":[],"documentAspects":[{"aspectName":"cm:titled"}],"documentType":"cmis:document","source":"process"}],"startForm":{"id":1011}}