<?xml version='1.0' encoding='UTF-8'?>
<definitions xmlns="http://www.omg.org/spec/BPMN/20100524/MODEL" xmlns:xsi="http://www.w3.org/2001/XMLSchema-instance" xmlns:xsd="http://www.w3.org/2001/XMLSchema" xmlns:activiti="http://activiti.org/bpmn" xmlns:bpmndi="http://www.omg.org/spec/BPMN/20100524/DI" xmlns:omgdc="http://www.omg.org/spec/DD/20100524/DC" xmlns:omgdi="http://www.omg.org/spec/DD/20100524/DI" typeLanguage="http://www.w3.org/2001/XMLSchema" expressionLanguage="http://www.w3.org/1999/XPath" targetNamespace="http://www.activiti.org/processdef" xmlns:modeler="http://activiti.com/modeler" modeler:version="1.0en" modeler:exportDateTime="20190318171455207" modeler:modelId="1001" modeler:modelVersion="18" modeler:modelLastUpdated="1552929287053">
  <process id="InfinitSampleProcess" name="Infinit Sample Process" isExecutable="true">
    <extensionElements>
      <modeler:executionvariables xmlns:modeler="http://activiti.com/modeler" modeler:variableName="applicationStartedFrom" modeler:variableType="string"/>
      <modeler:executionvariables xmlns:modeler="http://activiti.com/modeler" modeler:variableName="aps_fullName" modeler:variableType="string"/>
    </extensionElements>
    <startEvent id="startEvent1" name="Start" activiti:formKey="1012">
      <extensionElements>
        <modeler:form-reference-id><![CDATA[1012]]></modeler:form-reference-id>
        <modeler:form-reference-name><![CDATA[Initiator Form]]></modeler:form-reference-name>
        <modeler:editor-resource-id><![CDATA[startEvent1]]></modeler:editor-resource-id>
      </extensionElements>
    </startEvent>
    <sequenceFlow id="sid-BCF7FC16-DC1D-465F-BCAA-76F202017AAE" sourceRef="startEvent1" targetRef="sid-01CBE65E-98A8-443B-94EC-6FE96EB1EED3">
      <extensionElements>
        <modeler:editor-resource-id><![CDATA[sid-BCF7FC16-DC1D-465F-BCAA-76F202017AAE]]></modeler:editor-resource-id>
      </extensionElements>
    </sequenceFlow>
    <endEvent id="sid-78AAF716-E977-4814-A6B6-4380CEDC82EA" name="End">
      <extensionElements>
        <modeler:editor-resource-id><![CDATA[sid-78AAF716-E977-4814-A6B6-4380CEDC82EA]]></modeler:editor-resource-id>
      </extensionElements>
    </endEvent>
    <sequenceFlow id="sid-F1FCC622-FBE0-4FA9-B518-6960CC3AD287" sourceRef="sid-E7DBBDE7-C780-4938-B630-82D027568957" targetRef="sid-78AAF716-E977-4814-A6B6-4380CEDC82EA">
      <extensionElements>
        <modeler:editor-resource-id><![CDATA[sid-F1FCC622-FBE0-4FA9-B518-6960CC3AD287]]></modeler:editor-resource-id>
      </extensionElements>
    </sequenceFlow>
    <serviceTask id="sid-E7DBBDE7-C780-4938-B630-82D027568957" name="Respond To Spring Boot Application" activiti:async="true" activiti:delegateExpression="${activiti_restCallDelegate}">
      <extensionElements>
        <activiti:field name="restUrl">
          <activiti:string><![CDATA[http://734274bf.ngrok.io/apsInstance/fullname]]></activiti:string>
        </activiti:field>
        <activiti:field name="httpMethod">
          <activiti:string><![CDATA[POST]]></activiti:string>
        </activiti:field>
        <modeler:request-mapping modeler:jsonPropertyName="fullName" modeler:jsonPropertyType="string" modeler:jsonPropertyValueRestResponseField="aps_fullName"/>
        <modeler:editor-resource-id><![CDATA[sid-E7DBBDE7-C780-4938-B630-82D027568957]]></modeler:editor-resource-id>
      </extensionElements>
    </serviceTask>
    <sequenceFlow id="sid-F589DD7C-0835-492F-BFEC-7A4376E961A2" sourceRef="sid-01CBE65E-98A8-443B-94EC-6FE96EB1EED3" targetRef="sid-E7DBBDE7-C780-4938-B630-82D027568957">
      <extensionElements>
        <modeler:editor-resource-id><![CDATA[sid-F589DD7C-0835-492F-BFEC-7A4376E961A2]]></modeler:editor-resource-id>
      </extensionElements>
    </sequenceFlow>
    <scriptTask id="sid-01CBE65E-98A8-443B-94EC-6FE96EB1EED3" name="Set Full Name" scriptFormat="javascript" activiti:autoStoreVariables="false">
      <extensionElements>
        <modeler:editor-resource-id><![CDATA[sid-01CBE65E-98A8-443B-94EC-6FE96EB1EED3]]></modeler:editor-resource-id>
      </extensionElements>
      <script><![CDATA[execution.setVariable("aps_fullName", execution.getVariable("firstName")+' '+execution.getVariable("lastName"));]]></script>
    </scriptTask>
    <textAnnotation id="sid-DFCABC11-D2A0-462C-852D-F13A7293CC9A">
      <extensionElements>
        <modeler:editor-resource-id><![CDATA[sid-DFCABC11-D2A0-462C-852D-F13A7293CC9A]]></modeler:editor-resource-id>
      </extensionElements>
      <text>Make sure the REST API hostname is the same host where Spring Boot Application runs.</text>
    </textAnnotation>
  </process>
  <bpmndi:BPMNDiagram id="BPMNDiagram_InfinitSampleProcess">
    <bpmndi:BPMNPlane bpmnElement="InfinitSampleProcess" id="BPMNPlane_InfinitSampleProcess">
      <bpmndi:BPMNShape bpmnElement="startEvent1" id="BPMNShape_startEvent1">
        <omgdc:Bounds height="30.0" width="30.0" x="255.0" y="160.0"/>
      </bpmndi:BPMNShape>
      <bpmndi:BPMNShape bpmnElement="sid-78AAF716-E977-4814-A6B6-4380CEDC82EA" id="BPMNShape_sid-78AAF716-E977-4814-A6B6-4380CEDC82EA">
        <omgdc:Bounds height="28.0" width="28.0" x="695.0" y="161.0"/>
      </bpmndi:BPMNShape>
      <bpmndi:BPMNShape bpmnElement="sid-E7DBBDE7-C780-4938-B630-82D027568957" id="BPMNShape_sid-E7DBBDE7-C780-4938-B630-82D027568957">
        <omgdc:Bounds height="80.0" width="100.0" x="525.0" y="135.0"/>
      </bpmndi:BPMNShape>
      <bpmndi:BPMNShape bpmnElement="sid-01CBE65E-98A8-443B-94EC-6FE96EB1EED3" id="BPMNShape_sid-01CBE65E-98A8-443B-94EC-6FE96EB1EED3">
        <omgdc:Bounds height="80.0" width="100.0" x="345.0" y="135.0"/>
      </bpmndi:BPMNShape>
      <bpmndi:BPMNShape bpmnElement="sid-DFCABC11-D2A0-462C-852D-F13A7293CC9A" id="BPMNShape_sid-DFCABC11-D2A0-462C-852D-F13A7293CC9A">
        <omgdc:Bounds height="138.0" width="168.0" x="492.0" y="30.0"/>
      </bpmndi:BPMNShape>
      <bpmndi:BPMNEdge bpmnElement="sid-BCF7FC16-DC1D-465F-BCAA-76F202017AAE" id="BPMNEdge_sid-BCF7FC16-DC1D-465F-BCAA-76F202017AAE">
        <omgdi:waypoint x="285.0" y="175.0"/>
        <omgdi:waypoint x="345.0" y="175.0"/>
      </bpmndi:BPMNEdge>
      <bpmndi:BPMNEdge bpmnElement="sid-F589DD7C-0835-492F-BFEC-7A4376E961A2" id="BPMNEdge_sid-F589DD7C-0835-492F-BFEC-7A4376E961A2">
        <omgdi:waypoint x="445.0" y="175.0"/>
        <omgdi:waypoint x="525.0" y="175.0"/>
      </bpmndi:BPMNEdge>
      <bpmndi:BPMNEdge bpmnElement="sid-F1FCC622-FBE0-4FA9-B518-6960CC3AD287" id="BPMNEdge_sid-F1FCC622-FBE0-4FA9-B518-6960CC3AD287">
        <omgdi:waypoint x="625.0" y="175.0"/>
        <omgdi:waypoint x="695.0" y="175.0"/>
      </bpmndi:BPMNEdge>
    </bpmndi:BPMNPlane>
  </bpmndi:BPMNDiagram>
</definitions>