{"resourceId":1001,"properties":{"process_id":"InfinitSampleProcess","name":"Infinit Sample Process","documentation":"","process_author":"","process_version":"","process_namespace":"http://www.activiti.org/processdef","executionlisteners":"","eventlisteners":"","signaldefinitions":"","messagedefinitions":"","executionvariables":"[{\"variableName\":\"applicationStartedFrom\",\"variableType\":\"string\",\"$$hashKey\":\"uiGrid-007U\"},{\"variableName\":\"aps_fullName\",\"variableType\":\"string\",\"$$hashKey\":\"uiGrid-007W\"}]","metadata":""},"stencil":{"id":"BPMNDiagram"},"childShapes":[{"resourceId":"startEvent1","properties":{"overrideid":"","name":"Start","documentation":"","executionlisteners":"","initiator":"","formkeydefinition":"","formreference":{"id":1012,"name":"Initiator Form","referenceId":1001,"variablesmapping":[]},"fieldstovariables":"","formproperties":""},"stencil":{"id":"StartNoneEvent"},"childShapes":[],"outgoing":[{"resourceId":"sid-BCF7FC16-DC1D-465F-BCAA-76F202017AAE"}],"bounds":{"lowerRight":{"x":285,"y":190},"upperLeft":{"x":255,"y":160}},"dockers":[]},{"resourceId":"sid-BCF7FC16-DC1D-465F-BCAA-76F202017AAE","properties":{"overrideid":"","name":"","documentation":"","conditionsequenceflow":"","executionlisteners":"","defaultflow":"false","showdiamondmarker":false},"stencil":{"id":"SequenceFlow"},"childShapes":[],"outgoing":[{"resourceId":"sid-01CBE65E-98A8-443B-94EC-6FE96EB1EED3"}],"bounds":{"lowerRight":{"x":345,"y":175},"upperLeft":{"x":285.25,"y":175}},"dockers":[{"x":15,"y":15},{"x":1,"y":40}],"target":{"resourceId":"sid-01CBE65E-98A8-443B-94EC-6FE96EB1EED3"}},{"resourceId":"sid-78AAF716-E977-4814-A6B6-4380CEDC82EA","properties":{"overrideid":"","name":"End","documentation":"","executionlisteners":""},"stencil":{"id":"EndNoneEvent"},"childShapes":[],"outgoing":[],"bounds":{"lowerRight":{"x":723,"y":189},"upperLeft":{"x":695,"y":161}},"dockers":[]},{"resourceId":"sid-F1FCC622-FBE0-4FA9-B518-6960CC3AD287","properties":{"overrideid":"","name":"","documentation":"","conditionsequenceflow":"","executionlisteners":"","defaultflow":"false"},"stencil":{"id":"SequenceFlow"},"childShapes":[],"outgoing":[{"resourceId":"sid-78AAF716-E977-4814-A6B6-4380CEDC82EA"}],"bounds":{"lowerRight":{"x":694.390625,"y":175},"upperLeft":{"x":625.203125,"y":175}},"dockers":[{"x":50,"y":40},{"x":14,"y":14}],"target":{"resourceId":"sid-78AAF716-E977-4814-A6B6-4380CEDC82EA"}},{"resourceId":"sid-E7DBBDE7-C780-4938-B630-82D027568957","properties":{"overrideid":"","name":"Respond To Spring Boot Application","documentation":"","restcalltask_endpoint":{"http_method":"POST","rest_url":"http://734274bf.ngrok.io/apsInstance/fullname"},"restcalltask_request_mapping":[{"jsonPropertyName":"fullName","jsonPropertyType":"string","jsonPropertyValueType":"restResponse","$$hashKey":"uiGrid-009M","jsonPropertyValueRestResponseField":{"id":"aps_fullName","name":"aps_fullName","type":"string","$$hashKey":"object:8517"}}],"restcalltask_response_mapping":"","restcalltask_request_headers":"","type":"http://b3mn.org/stencilset/bpmn2.0#UserTask","asynchronousdefinition":"false","exclusivedefinition":"false","executionlisteners":"","multiinstance_type":"None","multiinstance_cardinality":"","multiinstance_collection":"","multiinstance_variable":"","multiinstance_condition":"","isforcompensation":"false","usertasksendemail":true,"usertaskassignment":"","formkeydefinition":"","formreference":"","fieldstovariables":"","duedatedefinition":"","prioritydefinition":"","categorydefinition":"","formproperties":"","tasklisteners":"","emailtemplate":""},"stencil":{"id":"RestCallTask"},"childShapes":[],"outgoing":[{"resourceId":"sid-F1FCC622-FBE0-4FA9-B518-6960CC3AD287"}],"bounds":{"lowerRight":{"x":625,"y":215},"upperLeft":{"x":525,"y":135}},"dockers":[]},{"resourceId":"sid-F589DD7C-0835-492F-BFEC-7A4376E961A2","properties":{"overrideid":"","name":"","documentation":"","conditionsequenceflow":"","executionlisteners":"","defaultflow":"false"},"stencil":{"id":"SequenceFlow"},"childShapes":[],"outgoing":[{"resourceId":"sid-E7DBBDE7-C780-4938-B630-82D027568957"}],"bounds":{"lowerRight":{"x":524.78125,"y":175},"upperLeft":{"x":445.21875,"y":175}},"dockers":[{"x":50,"y":40},{"x":50,"y":40}],"target":{"resourceId":"sid-E7DBBDE7-C780-4938-B630-82D027568957"}},{"resourceId":"sid-01CBE65E-98A8-443B-94EC-6FE96EB1EED3","properties":{"scriptformat":"javascript","scripttext":"execution.setVariable(\"aps_fullName\", execution.getVariable(\"firstName\")+' '+execution.getVariable(\"lastName\"));","executionvariables":"","overrideid":"","name":"Set Full Name","documentation":"","asynchronousdefinition":"false","exclusivedefinition":"false","executionlisteners":"","multiinstance_type":"None","multiinstance_cardinality":"","multiinstance_collection":"","multiinstance_variable":"","multiinstance_condition":"","isforcompensation":"false","type":"http://b3mn.org/stencilset/bpmn2.0#UserTask","usertasksendemail":true,"usertaskassignment":"","formkeydefinition":"","formreference":"","fieldstovariables":"","duedatedefinition":"","prioritydefinition":"","categorydefinition":"","formproperties":"","tasklisteners":"","emailtemplate":""},"stencil":{"id":"ScriptTask"},"childShapes":[],"outgoing":[{"resourceId":"sid-F589DD7C-0835-492F-BFEC-7A4376E961A2"}],"bounds":{"lowerRight":{"x":445,"y":215},"upperLeft":{"x":345,"y":135}},"dockers":[]},{"resourceId":"sid-DFCABC11-D2A0-462C-852D-F13A7293CC9A","properties":{"overrideid":"","name":"","documentation":"","text":"Make sure the REST API hostname is the same host where Spring Boot Application runs."},"stencil":{"id":"TextAnnotation"},"childShapes":[],"outgoing":[],"bounds":{"lowerRight":{"x":660,"y":168},"upperLeft":{"x":492,"y":30}},"dockers":[]}],"bounds":{"lowerRight":{"x":1200,"y":1050},"upperLeft":{"x":0,"y":0}},"stencilset":{"url":"stencilsets/bpmn2.0/bpmn2.0.json","namespace":"http://b3mn.org/stencilset/bpmn2.0#"},"ssextensions":[]}