<?xml version='1.0' encoding='UTF-8'?>
<definitions xmlns="http://www.omg.org/spec/BPMN/20100524/MODEL" xmlns:xsi="http://www.w3.org/2001/XMLSchema-instance" xmlns:xsd="http://www.w3.org/2001/XMLSchema" xmlns:activiti="http://activiti.org/bpmn" xmlns:bpmndi="http://www.omg.org/spec/BPMN/20100524/DI" xmlns:omgdc="http://www.omg.org/spec/DD/20100524/DC" xmlns:omgdi="http://www.omg.org/spec/DD/20100524/DI" typeLanguage="http://www.w3.org/2001/XMLSchema" expressionLanguage="http://www.w3.org/1999/XPath" targetNamespace="http://www.activiti.org/processdef" xmlns:modeler="http://activiti.com/modeler" modeler:version="1.0en" modeler:exportDateTime="20210819154451588" modeler:modelId="1035" modeler:modelVersion="30" modeler:modelLastUpdated="1629387890050">
  <process id="ClaimsReview" name="Claims Review" isExecutable="true">
    <documentation>Claims Review Process</documentation>
    <extensionElements>
      <modeler:executionvariables xmlns:modeler="http://activiti.com/modeler" modeler:variableName="record" modeler:variableType="string"/>
      <modeler:executionvariables xmlns:modeler="http://activiti.com/modeler" modeler:variableName="busKey" modeler:variableType="string"/>
    </extensionElements>
    <startEvent id="startEvent1" name="Start" activiti:formKey="1036">
      <extensionElements>
        <modeler:form-reference-id><![CDATA[1036]]></modeler:form-reference-id>
        <modeler:form-reference-name><![CDATA[Claim Start Form]]></modeler:form-reference-name>
        <modeler:editor-resource-id><![CDATA[startEvent1]]></modeler:editor-resource-id>
      </extensionElements>
    </startEvent>
    <userTask id="sid-1848C7E5-EFEA-4F48-97C6-1A587182372E" name="Review 1" activiti:assignee="$INITIATOR" activiti:formKey="1038">
      <extensionElements>
        <modeler:allow-send-email><![CDATA[true]]></modeler:allow-send-email>
        <modeler:form-reference-id><![CDATA[1038]]></modeler:form-reference-id>
        <modeler:form-reference-name><![CDATA[Claim Review Form]]></modeler:form-reference-name>
        <modeler:activiti-idm-initiator><![CDATA[true]]></modeler:activiti-idm-initiator>
        <modeler:editor-resource-id><![CDATA[sid-1848C7E5-EFEA-4F48-97C6-1A587182372E]]></modeler:editor-resource-id>
      </extensionElements>
    </userTask>
    <sequenceFlow id="sid-8B3EFD4B-3564-4666-B203-19A28C8437C0" sourceRef="sid-91B3A48C-5EC4-4FD0-8933-7D11041E4A92" targetRef="sid-1848C7E5-EFEA-4F48-97C6-1A587182372E">
      <extensionElements>
        <modeler:editor-resource-id><![CDATA[sid-8B3EFD4B-3564-4666-B203-19A28C8437C0]]></modeler:editor-resource-id>
      </extensionElements>
    </sequenceFlow>
    <userTask id="sid-BBF02F22-6469-4DF5-8FA1-839431D4C649" name="Review 2" activiti:assignee="$INITIATOR" activiti:formKey="1038">
      <extensionElements>
        <modeler:allow-send-email><![CDATA[true]]></modeler:allow-send-email>
        <modeler:form-reference-id><![CDATA[1038]]></modeler:form-reference-id>
        <modeler:form-reference-name><![CDATA[Claim Review Form]]></modeler:form-reference-name>
        <modeler:activiti-idm-initiator><![CDATA[true]]></modeler:activiti-idm-initiator>
        <modeler:editor-resource-id><![CDATA[sid-BBF02F22-6469-4DF5-8FA1-839431D4C649]]></modeler:editor-resource-id>
      </extensionElements>
    </userTask>
    <sequenceFlow id="sid-B415EC23-2374-483F-BFF9-069A9C9DAC51" sourceRef="sid-91B3A48C-5EC4-4FD0-8933-7D11041E4A92" targetRef="sid-BBF02F22-6469-4DF5-8FA1-839431D4C649">
      <extensionElements>
        <modeler:editor-resource-id><![CDATA[sid-B415EC23-2374-483F-BFF9-069A9C9DAC51]]></modeler:editor-resource-id>
      </extensionElements>
    </sequenceFlow>
    <sequenceFlow id="sid-A3466113-AA68-4D9C-9A21-D077E104C980" sourceRef="sid-1848C7E5-EFEA-4F48-97C6-1A587182372E" targetRef="sid-36C59D14-5CF7-413D-B054-8F5FAA0100BE">
      <extensionElements>
        <modeler:editor-resource-id><![CDATA[sid-A3466113-AA68-4D9C-9A21-D077E104C980]]></modeler:editor-resource-id>
      </extensionElements>
    </sequenceFlow>
    <sequenceFlow id="sid-95C5AF60-6FAB-46EC-B065-360672CA88F7" sourceRef="sid-BBF02F22-6469-4DF5-8FA1-839431D4C649" targetRef="sid-36C59D14-5CF7-413D-B054-8F5FAA0100BE">
      <extensionElements>
        <modeler:editor-resource-id><![CDATA[sid-95C5AF60-6FAB-46EC-B065-360672CA88F7]]></modeler:editor-resource-id>
      </extensionElements>
    </sequenceFlow>
    <parallelGateway id="sid-91B3A48C-5EC4-4FD0-8933-7D11041E4A92">
      <extensionElements>
        <modeler:editor-resource-id><![CDATA[sid-91B3A48C-5EC4-4FD0-8933-7D11041E4A92]]></modeler:editor-resource-id>
      </extensionElements>
    </parallelGateway>
    <parallelGateway id="sid-36C59D14-5CF7-413D-B054-8F5FAA0100BE" activiti:async="true" activiti:exclusive="false">
      <extensionElements>
        <activiti:executionListener event="start" class="com.activiti.runtime.activiti.ContentProcessorExecutionListener">
          <activiti:field name="externalContentHandler">
            <activiti:expression><![CDATA[${externalContentHandler}]]></activiti:expression>
          </activiti:field>
        </activiti:executionListener>
        <modeler:editor-resource-id><![CDATA[sid-36C59D14-5CF7-413D-B054-8F5FAA0100BE]]></modeler:editor-resource-id>
        <modeler:ignore-listener-on-import><![CDATA[com.activiti.runtime.activiti.ContentProcessorExecutionListener]]></modeler:ignore-listener-on-import>
      </extensionElements>
    </parallelGateway>
    <userTask id="sid-7488AA87-8BCF-4D4C-9543-4C0DD1AFA3F0" name="Initiator Review" activiti:assignee="$INITIATOR" activiti:formKey="1036">
      <extensionElements>
        <modeler:allow-send-email><![CDATA[true]]></modeler:allow-send-email>
        <modeler:form-reference-id><![CDATA[1036]]></modeler:form-reference-id>
        <modeler:form-reference-name><![CDATA[Claim Start Form]]></modeler:form-reference-name>
        <modeler:activiti-idm-initiator><![CDATA[true]]></modeler:activiti-idm-initiator>
        <modeler:editor-resource-id><![CDATA[sid-7488AA87-8BCF-4D4C-9543-4C0DD1AFA3F0]]></modeler:editor-resource-id>
      </extensionElements>
    </userTask>
    <sequenceFlow id="sid-141091B8-779A-49AF-9FBC-BBD0DE70A3E1" sourceRef="sid-36C59D14-5CF7-413D-B054-8F5FAA0100BE" targetRef="sid-61D988D2-0226-41D7-AC46-FE8E998839D2">
      <extensionElements>
        <modeler:editor-resource-id><![CDATA[sid-141091B8-779A-49AF-9FBC-BBD0DE70A3E1]]></modeler:editor-resource-id>
      </extensionElements>
    </sequenceFlow>
    <exclusiveGateway id="sid-61D988D2-0226-41D7-AC46-FE8E998839D2">
      <extensionElements>
        <modeler:editor-resource-id><![CDATA[sid-61D988D2-0226-41D7-AC46-FE8E998839D2]]></modeler:editor-resource-id>
      </extensionElements>
    </exclusiveGateway>
    <sequenceFlow id="sid-8902B4AC-952D-4F5E-9E62-EEF04BC0BF37" name="Rejected" sourceRef="sid-61D988D2-0226-41D7-AC46-FE8E998839D2" targetRef="sid-7488AA87-8BCF-4D4C-9543-4C0DD1AFA3F0">
      <extensionElements>
        <modeler:conditionDefinition modeler:index="0" modeler:outcomeFormId="1038" modeler:outcomeFormName="Claim Review Form" modeler:rightOutcomeName="Reject" modeler:operator="=="/>
        <modeler:editor-resource-id><![CDATA[sid-8902B4AC-952D-4F5E-9E62-EEF04BC0BF37]]></modeler:editor-resource-id>
      </extensionElements>
      <conditionExpression xsi:type="tFormalExpression"><![CDATA[${(activiti_flowConditionsBean.exists(execution, 'form1038outcome') && form1038outcome == 'Reject')}]]></conditionExpression>
    </sequenceFlow>
    <endEvent id="sid-693669CC-4C29-4CDA-BE3A-72A25B495EEE" name="End-Rejected">
      <extensionElements>
        <modeler:editor-resource-id><![CDATA[sid-693669CC-4C29-4CDA-BE3A-72A25B495EEE]]></modeler:editor-resource-id>
      </extensionElements>
    </endEvent>
    <serviceTask id="sid-A5A1A865-7EF0-4718-80F8-3F929BC2CF15" name="Upload to ACS" activiti:async="true" activiti:delegateExpression="${activiti_publishAlfrescoDelegate}">
      <extensionElements>
        <activiti:field name="contentSource">
          <activiti:string><![CDATA[field]]></activiti:string>
        </activiti:field>
        <activiti:field name="metaDataMapping">
          <activiti:string><![CDATA[[{"fileProperty":"claims:claimNo","propertyType":"string","propertyValueType":"field","formField":{"id":"claimno","name":"Claim #","type":"text"}},{"fileProperty":"claims:Record","propertyType":"string","propertyValueType":"variable","processVariable":{"id":"record","name":"record","type":"string"}}]]]></activiti:string>
        </activiti:field>
        <activiti:field name="documentType">
          <activiti:string><![CDATA[cmis:document]]></activiti:string>
        </activiti:field>
        <activiti:field name="documentAspects">
          <activiti:string><![CDATA[[{"aspectName":"cm:titled"},{"aspectName":"claims:claimInfo"}]]]></activiti:string>
        </activiti:field>
        <activiti:field name="account">
          <activiti:string><![CDATA[alfresco-1-alfresco-1]]></activiti:string>
        </activiti:field>
        <activiti:field name="site">
          <activiti:string><![CDATA[claims-review]]></activiti:string>
        </activiti:field>
        <activiti:field name="publishAsType">
          <activiti:string><![CDATA[process_initiator]]></activiti:string>
        </activiti:field>
        <activiti:field name="path">
          <activiti:string><![CDATA[3cb49a05-d3d4-4486-aa82-4ecab7b6ad28]]></activiti:string>
        </activiti:field>
        <activiti:field name="createFolder">
          <activiti:expression><![CDATA[${claimno}]]></activiti:expression>
        </activiti:field>
        <activiti:field name="contentContainer">
          <activiti:string><![CDATA[AuditDoc]]></activiti:string>
        </activiti:field>
        <modeler:publish-task-type><![CDATA[alfresco]]></modeler:publish-task-type>
        <modeler:site_title><![CDATA[Claims Review]]></modeler:site_title>
        <modeler:path_title><![CDATA[documentLibrary > Claims-Processing]]></modeler:path_title>
        <modeler:editor-resource-id><![CDATA[sid-A5A1A865-7EF0-4718-80F8-3F929BC2CF15]]></modeler:editor-resource-id>
      </extensionElements>
    </serviceTask>
    <endEvent id="sid-9E896A07-7F63-4383-A5AC-13421CF601FF" name="End-Approved">
      <extensionElements>
        <modeler:editor-resource-id><![CDATA[sid-9E896A07-7F63-4383-A5AC-13421CF601FF]]></modeler:editor-resource-id>
      </extensionElements>
    </endEvent>
    <serviceTask id="sid-B81B4A5D-D682-40D9-97B1-BF7500F340BF" name="Generate Audit Report" activiti:async="true" activiti:delegateExpression="${activiti_generateDocumentDelegate}">
      <extensionElements>
        <activiti:field name="outputFormat">
          <activiti:string><![CDATA[pdf]]></activiti:string>
        </activiti:field>
        <activiti:field name="templateId">
          <activiti:string><![CDATA[1008]]></activiti:string>
        </activiti:field>
        <activiti:field name="templateName">
          <activiti:string><![CDATA[PolicyTemplatedDOL.docx]]></activiti:string>
        </activiti:field>
        <activiti:field name="fileName">
          <activiti:string><![CDATA[Audit]]></activiti:string>
        </activiti:field>
        <activiti:field name="variableName">
          <activiti:string><![CDATA[AuditDoc]]></activiti:string>
        </activiti:field>
        <modeler:executionvariables modeler:variableName="AuditDoc" modeler:variableType="document"/>
        <modeler:editor-resource-id><![CDATA[sid-B81B4A5D-D682-40D9-97B1-BF7500F340BF]]></modeler:editor-resource-id>
      </extensionElements>
    </serviceTask>
    <sequenceFlow id="sid-0CFE47AB-977C-4E5B-AEA4-3B61B44638B6" name="Approved" sourceRef="sid-61D988D2-0226-41D7-AC46-FE8E998839D2" targetRef="sid-B81B4A5D-D682-40D9-97B1-BF7500F340BF">
      <extensionElements>
        <modeler:conditionDefinition modeler:index="0" modeler:outcomeFormId="1038" modeler:outcomeFormName="Claim Review Form" modeler:rightOutcomeName="Approve" modeler:operator="=="/>
        <modeler:editor-resource-id><![CDATA[sid-0CFE47AB-977C-4E5B-AEA4-3B61B44638B6]]></modeler:editor-resource-id>
      </extensionElements>
      <conditionExpression xsi:type="tFormalExpression"><![CDATA[${(activiti_flowConditionsBean.exists(execution, 'form1038outcome') && form1038outcome == 'Approve')}]]></conditionExpression>
    </sequenceFlow>
    <scriptTask id="sid-0CE5785B-DAC7-4CB6-8F11-A9F9166655FE" name="Set Variables" activiti:async="true" activiti:exclusive="false" scriptFormat="javascript" activiti:autoStoreVariables="false">
      <extensionElements>
        <activiti:executionListener event="start" class="com.activiti.runtime.activiti.ContentProcessorExecutionListener">
          <activiti:field name="externalContentHandler">
            <activiti:expression><![CDATA[${externalContentHandler}]]></activiti:expression>
          </activiti:field>
        </activiti:executionListener>
        <modeler:editor-resource-id><![CDATA[sid-0CE5785B-DAC7-4CB6-8F11-A9F9166655FE]]></modeler:editor-resource-id>
        <modeler:ignore-listener-on-import><![CDATA[com.activiti.runtime.activiti.ContentProcessorExecutionListener]]></modeler:ignore-listener-on-import>
      </extensionElements>
      <script><![CDATA[var busKey = "claid-"+execution.getProcessInstanceId();

execution.setVariable("record","true");]]></script>
    </scriptTask>
    <sequenceFlow id="sid-153183F9-44EA-4A40-9AD2-55C32BF0C442" sourceRef="sid-0CE5785B-DAC7-4CB6-8F11-A9F9166655FE" targetRef="sid-91B3A48C-5EC4-4FD0-8933-7D11041E4A92">
      <extensionElements>
        <modeler:editor-resource-id><![CDATA[sid-153183F9-44EA-4A40-9AD2-55C32BF0C442]]></modeler:editor-resource-id>
      </extensionElements>
    </sequenceFlow>
    <sequenceFlow id="sid-ACBC9D04-2622-473B-9362-5B83416D310A" sourceRef="sid-13E99894-D290-4EF7-B64F-0030FA6A6DB4" targetRef="sid-9E896A07-7F63-4383-A5AC-13421CF601FF">
      <extensionElements>
        <modeler:editor-resource-id><![CDATA[sid-ACBC9D04-2622-473B-9362-5B83416D310A]]></modeler:editor-resource-id>
      </extensionElements>
    </sequenceFlow>
    <parallelGateway id="sid-74FC11D5-5FC7-44F7-9370-B11987E143D3">
      <extensionElements>
        <modeler:editor-resource-id><![CDATA[sid-74FC11D5-5FC7-44F7-9370-B11987E143D3]]></modeler:editor-resource-id>
      </extensionElements>
    </parallelGateway>
    <serviceTask id="sid-73A5BF61-155F-4CC1-A4DC-91954B6271CA" name="Move Claim" activiti:async="true" activiti:delegateExpression="${activiti_alfrescoActionRestCallDelegate}">
      <extensionElements>
        <activiti:field name="publishAsType">
          <activiti:string><![CDATA[process_initiator]]></activiti:string>
        </activiti:field>
        <activiti:field name="repository">
          <activiti:string><![CDATA[alfresco-1-alfresco-1]]></activiti:string>
        </activiti:field>
        <activiti:field name="repositoryName">
          <activiti:string><![CDATA[alfresco-1]]></activiti:string>
        </activiti:field>
        <activiti:field name="inputSourceFieldId">
          <activiti:string><![CDATA[selectclaim]]></activiti:string>
        </activiti:field>
        <activiti:field name="inputSourceFieldName">
          <activiti:string><![CDATA[Select Claim]]></activiti:string>
        </activiti:field>
        <activiti:field name="inputSourceFieldType">
          <activiti:string><![CDATA[upload]]></activiti:string>
        </activiti:field>
        <modeler:request-mapping modeler:jsonPropertyName="actionedUponNode" modeler:jsonPropertyType="string" modeler:jsonPropertyValue="workspace://SpacesStore/${selectclaim}"/>
        <modeler:request-mapping modeler:jsonPropertyName="actionDefinitionName" modeler:jsonPropertyType="string" modeler:jsonPropertyValue="move"/>
        <modeler:request-mapping modeler:jsonPropertyName="parameterValues" modeler:jsonPropertyType="object" modeler:jsonPropertyValue="{&quot;destination-folder&quot;:&quot;workspace://SpacesStore/3cb49a05-d3d4-4486-aa82-4ecab7b6ad28&quot;}"/>
        <modeler:editor-resource-id><![CDATA[sid-73A5BF61-155F-4CC1-A4DC-91954B6271CA]]></modeler:editor-resource-id>
      </extensionElements>
    </serviceTask>
    <sequenceFlow id="sid-907CBC10-B609-442E-BE6D-0E8501B284CE" sourceRef="sid-74FC11D5-5FC7-44F7-9370-B11987E143D3" targetRef="sid-73A5BF61-155F-4CC1-A4DC-91954B6271CA">
      <extensionElements>
        <modeler:editor-resource-id><![CDATA[sid-907CBC10-B609-442E-BE6D-0E8501B284CE]]></modeler:editor-resource-id>
      </extensionElements>
    </sequenceFlow>
    <parallelGateway id="sid-13E99894-D290-4EF7-B64F-0030FA6A6DB4">
      <extensionElements>
        <modeler:editor-resource-id><![CDATA[sid-13E99894-D290-4EF7-B64F-0030FA6A6DB4]]></modeler:editor-resource-id>
      </extensionElements>
    </parallelGateway>
    <sequenceFlow id="sid-64CC5CEC-0C8D-4EDA-9BF7-BB6211B87FD2" sourceRef="sid-A5A1A865-7EF0-4718-80F8-3F929BC2CF15" targetRef="sid-13E99894-D290-4EF7-B64F-0030FA6A6DB4">
      <extensionElements>
        <modeler:editor-resource-id><![CDATA[sid-64CC5CEC-0C8D-4EDA-9BF7-BB6211B87FD2]]></modeler:editor-resource-id>
      </extensionElements>
    </sequenceFlow>
    <serviceTask id="sid-029A7CC6-4C66-4BB9-85EF-9ECB6DDBB57E" name="Upload to ACS" activiti:async="true" activiti:delegateExpression="${activiti_publishAlfrescoDelegate}">
      <extensionElements>
        <activiti:field name="contentSource">
          <activiti:string><![CDATA[field]]></activiti:string>
        </activiti:field>
        <activiti:field name="documentType">
          <activiti:string><![CDATA[cmis:document]]></activiti:string>
        </activiti:field>
        <activiti:field name="documentAspects">
          <activiti:string><![CDATA[[{"aspectName":"cm:titled"},{"aspectName":"claims:claimInfo"}]]]></activiti:string>
        </activiti:field>
        <activiti:field name="account">
          <activiti:string><![CDATA[alfresco-1-alfresco-1]]></activiti:string>
        </activiti:field>
        <activiti:field name="site">
          <activiti:string><![CDATA[claims-review]]></activiti:string>
        </activiti:field>
        <activiti:field name="publishAsType">
          <activiti:string><![CDATA[process_initiator]]></activiti:string>
        </activiti:field>
        <activiti:field name="path">
          <activiti:string><![CDATA[3cb49a05-d3d4-4486-aa82-4ecab7b6ad28]]></activiti:string>
        </activiti:field>
        <activiti:field name="createFolder">
          <activiti:expression><![CDATA[${claimno}]]></activiti:expression>
        </activiti:field>
        <activiti:field name="contentContainer">
          <activiti:string><![CDATA[supportingevidence]]></activiti:string>
        </activiti:field>
        <activiti:executionListener event="start" class="com.activiti.runtime.activiti.ContentProcessorExecutionListener">
          <activiti:field name="externalContentHandler">
            <activiti:expression><![CDATA[${externalContentHandler}]]></activiti:expression>
          </activiti:field>
        </activiti:executionListener>
        <modeler:publish-task-type><![CDATA[alfresco]]></modeler:publish-task-type>
        <modeler:site_title><![CDATA[Claims Review]]></modeler:site_title>
        <modeler:path_title><![CDATA[documentLibrary > Claims-Processing]]></modeler:path_title>
        <modeler:editor-resource-id><![CDATA[sid-029A7CC6-4C66-4BB9-85EF-9ECB6DDBB57E]]></modeler:editor-resource-id>
        <modeler:ignore-listener-on-import><![CDATA[com.activiti.runtime.activiti.ContentProcessorExecutionListener]]></modeler:ignore-listener-on-import>
      </extensionElements>
    </serviceTask>
    <sequenceFlow id="sid-E2179407-1013-4422-9E51-C5E470B4A9EF" sourceRef="sid-029A7CC6-4C66-4BB9-85EF-9ECB6DDBB57E" targetRef="sid-693669CC-4C29-4CDA-BE3A-72A25B495EEE">
      <extensionElements>
        <modeler:editor-resource-id><![CDATA[sid-E2179407-1013-4422-9E51-C5E470B4A9EF]]></modeler:editor-resource-id>
      </extensionElements>
    </sequenceFlow>
    <sequenceFlow id="sid-C3BD4F4F-FBDE-43C2-BE63-C2D199D58EDF" sourceRef="sid-7488AA87-8BCF-4D4C-9543-4C0DD1AFA3F0" targetRef="sid-029A7CC6-4C66-4BB9-85EF-9ECB6DDBB57E">
      <extensionElements>
        <modeler:editor-resource-id><![CDATA[sid-C3BD4F4F-FBDE-43C2-BE63-C2D199D58EDF]]></modeler:editor-resource-id>
      </extensionElements>
    </sequenceFlow>
    <sequenceFlow id="sid-3352FA67-9BE0-4E02-905C-E08EE9933107" sourceRef="sid-74FC11D5-5FC7-44F7-9370-B11987E143D3" targetRef="sid-A5A1A865-7EF0-4718-80F8-3F929BC2CF15">
      <extensionElements>
        <modeler:editor-resource-id><![CDATA[sid-3352FA67-9BE0-4E02-905C-E08EE9933107]]></modeler:editor-resource-id>
      </extensionElements>
    </sequenceFlow>
    <sequenceFlow id="sid-FF6248F5-813B-4598-8733-24AAB5B79CDF" sourceRef="sid-B81B4A5D-D682-40D9-97B1-BF7500F340BF" targetRef="sid-74FC11D5-5FC7-44F7-9370-B11987E143D3">
      <extensionElements>
        <modeler:editor-resource-id><![CDATA[sid-FF6248F5-813B-4598-8733-24AAB5B79CDF]]></modeler:editor-resource-id>
      </extensionElements>
    </sequenceFlow>
    <sequenceFlow id="sid-C3B295E2-9BD2-45FB-81CC-43A8A13399F9" sourceRef="sid-73A5BF61-155F-4CC1-A4DC-91954B6271CA" targetRef="sid-13E99894-D290-4EF7-B64F-0030FA6A6DB4">
      <extensionElements>
        <modeler:editor-resource-id><![CDATA[sid-C3B295E2-9BD2-45FB-81CC-43A8A13399F9]]></modeler:editor-resource-id>
      </extensionElements>
    </sequenceFlow>
    <sequenceFlow id="sid-68A119C9-2691-4068-B6D4-0A1B384CC2AB" sourceRef="startEvent1" targetRef="sid-0CE5785B-DAC7-4CB6-8F11-A9F9166655FE">
      <extensionElements>
        <modeler:editor-resource-id><![CDATA[sid-68A119C9-2691-4068-B6D4-0A1B384CC2AB]]></modeler:editor-resource-id>
      </extensionElements>
    </sequenceFlow>
  </process>
  <bpmndi:BPMNDiagram id="BPMNDiagram_ClaimsReview">
    <bpmndi:BPMNPlane bpmnElement="ClaimsReview" id="BPMNPlane_ClaimsReview">
      <bpmndi:BPMNShape bpmnElement="startEvent1" id="BPMNShape_startEvent1">
        <omgdc:Bounds height="30.0" width="30.0" x="45.0" y="119.5"/>
      </bpmndi:BPMNShape>
      <bpmndi:BPMNShape bpmnElement="sid-1848C7E5-EFEA-4F48-97C6-1A587182372E" id="BPMNShape_sid-1848C7E5-EFEA-4F48-97C6-1A587182372E">
        <omgdc:Bounds height="80.0" width="100.0" x="315.0" y="94.5"/>
      </bpmndi:BPMNShape>
      <bpmndi:BPMNShape bpmnElement="sid-BBF02F22-6469-4DF5-8FA1-839431D4C649" id="BPMNShape_sid-BBF02F22-6469-4DF5-8FA1-839431D4C649">
        <omgdc:Bounds height="80.0" width="100.0" x="315.0" y="199.0"/>
      </bpmndi:BPMNShape>
      <bpmndi:BPMNShape bpmnElement="sid-91B3A48C-5EC4-4FD0-8933-7D11041E4A92" id="BPMNShape_sid-91B3A48C-5EC4-4FD0-8933-7D11041E4A92">
        <omgdc:Bounds height="40.0" width="40.0" x="255.0" y="114.5"/>
      </bpmndi:BPMNShape>
      <bpmndi:BPMNShape bpmnElement="sid-36C59D14-5CF7-413D-B054-8F5FAA0100BE" id="BPMNShape_sid-36C59D14-5CF7-413D-B054-8F5FAA0100BE">
        <omgdc:Bounds height="40.0" width="40.0" x="450.0" y="114.5"/>
      </bpmndi:BPMNShape>
      <bpmndi:BPMNShape bpmnElement="sid-7488AA87-8BCF-4D4C-9543-4C0DD1AFA3F0" id="BPMNShape_sid-7488AA87-8BCF-4D4C-9543-4C0DD1AFA3F0">
        <omgdc:Bounds height="80.0" width="100.0" x="615.0" y="199.0"/>
      </bpmndi:BPMNShape>
      <bpmndi:BPMNShape bpmnElement="sid-61D988D2-0226-41D7-AC46-FE8E998839D2" id="BPMNShape_sid-61D988D2-0226-41D7-AC46-FE8E998839D2">
        <omgdc:Bounds height="40.0" width="40.0" x="510.0" y="114.5"/>
      </bpmndi:BPMNShape>
      <bpmndi:BPMNShape bpmnElement="sid-693669CC-4C29-4CDA-BE3A-72A25B495EEE" id="BPMNShape_sid-693669CC-4C29-4CDA-BE3A-72A25B495EEE">
        <omgdc:Bounds height="28.0" width="28.0" x="1065.0" y="326.08374193550003"/>
      </bpmndi:BPMNShape>
      <bpmndi:BPMNShape bpmnElement="sid-A5A1A865-7EF0-4718-80F8-3F929BC2CF15" id="BPMNShape_sid-A5A1A865-7EF0-4718-80F8-3F929BC2CF15">
        <omgdc:Bounds height="80.16748387100006" width="100.24219354800016" x="824.8789032259999" y="94.41625806449997"/>
      </bpmndi:BPMNShape>
      <bpmndi:BPMNShape bpmnElement="sid-9E896A07-7F63-4383-A5AC-13421CF601FF" id="BPMNShape_sid-9E896A07-7F63-4383-A5AC-13421CF601FF">
        <omgdc:Bounds height="28.0" width="28.0" x="1065.0" y="120.5"/>
      </bpmndi:BPMNShape>
      <bpmndi:BPMNShape bpmnElement="sid-B81B4A5D-D682-40D9-97B1-BF7500F340BF" id="BPMNShape_sid-B81B4A5D-D682-40D9-97B1-BF7500F340BF">
        <omgdc:Bounds height="80.0" width="100.0" x="615.0" y="94.5"/>
      </bpmndi:BPMNShape>
      <bpmndi:BPMNShape bpmnElement="sid-0CE5785B-DAC7-4CB6-8F11-A9F9166655FE" id="BPMNShape_sid-0CE5785B-DAC7-4CB6-8F11-A9F9166655FE">
        <omgdc:Bounds height="80.0" width="100.0" x="120.0" y="94.5"/>
      </bpmndi:BPMNShape>
      <bpmndi:BPMNShape bpmnElement="sid-74FC11D5-5FC7-44F7-9370-B11987E143D3" id="BPMNShape_sid-74FC11D5-5FC7-44F7-9370-B11987E143D3">
        <omgdc:Bounds height="40.0" width="40.0" x="765.0" y="114.5"/>
      </bpmndi:BPMNShape>
      <bpmndi:BPMNShape bpmnElement="sid-73A5BF61-155F-4CC1-A4DC-91954B6271CA" id="BPMNShape_sid-73A5BF61-155F-4CC1-A4DC-91954B6271CA">
        <omgdc:Bounds height="80.0" width="100.0" x="825.0" y="199.0"/>
      </bpmndi:BPMNShape>
      <bpmndi:BPMNShape bpmnElement="sid-13E99894-D290-4EF7-B64F-0030FA6A6DB4" id="BPMNShape_sid-13E99894-D290-4EF7-B64F-0030FA6A6DB4">
        <omgdc:Bounds height="40.0" width="40.0" x="960.0" y="114.5"/>
      </bpmndi:BPMNShape>
      <bpmndi:BPMNShape bpmnElement="sid-029A7CC6-4C66-4BB9-85EF-9ECB6DDBB57E" id="BPMNShape_sid-029A7CC6-4C66-4BB9-85EF-9ECB6DDBB57E">
        <omgdc:Bounds height="80.16748387100006" width="100.24219354800016" x="824.8789032259999" y="300.0"/>
      </bpmndi:BPMNShape>
      <bpmndi:BPMNEdge bpmnElement="sid-0CFE47AB-977C-4E5B-AEA4-3B61B44638B6" id="BPMNEdge_sid-0CFE47AB-977C-4E5B-AEA4-3B61B44638B6">
        <omgdi:waypoint x="549.5" y="135.0"/>
        <omgdi:waypoint x="615.0" y="135.0"/>
      </bpmndi:BPMNEdge>
      <bpmndi:BPMNEdge bpmnElement="sid-153183F9-44EA-4A40-9AD2-55C32BF0C442" id="BPMNEdge_sid-153183F9-44EA-4A40-9AD2-55C32BF0C442">
        <omgdi:waypoint x="220.0" y="134.5"/>
        <omgdi:waypoint x="255.0" y="134.5"/>
      </bpmndi:BPMNEdge>
      <bpmndi:BPMNEdge bpmnElement="sid-141091B8-779A-49AF-9FBC-BBD0DE70A3E1" id="BPMNEdge_sid-141091B8-779A-49AF-9FBC-BBD0DE70A3E1">
        <omgdi:waypoint x="489.5" y="135.0"/>
        <omgdi:waypoint x="510.5" y="135.0"/>
      </bpmndi:BPMNEdge>
      <bpmndi:BPMNEdge bpmnElement="sid-ACBC9D04-2622-473B-9362-5B83416D310A" id="BPMNEdge_sid-ACBC9D04-2622-473B-9362-5B83416D310A">
        <omgdi:waypoint x="999.5969387755102" y="134.9030612244898"/>
        <omgdi:waypoint x="1065.000180367047" y="134.57106507427895"/>
      </bpmndi:BPMNEdge>
      <bpmndi:BPMNEdge bpmnElement="sid-3352FA67-9BE0-4E02-905C-E08EE9933107" id="BPMNEdge_sid-3352FA67-9BE0-4E02-905C-E08EE9933107">
        <omgdi:waypoint x="804.6067415730337" y="134.8932584269663"/>
        <omgdi:waypoint x="824.8789032259999" y="134.78000612722906"/>
      </bpmndi:BPMNEdge>
      <bpmndi:BPMNEdge bpmnElement="sid-B415EC23-2374-483F-BFF9-069A9C9DAC51" id="BPMNEdge_sid-B415EC23-2374-483F-BFF9-069A9C9DAC51">
        <omgdi:waypoint x="275.5" y="154.0"/>
        <omgdi:waypoint x="275.5" y="239.0"/>
        <omgdi:waypoint x="315.0" y="239.0"/>
      </bpmndi:BPMNEdge>
      <bpmndi:BPMNEdge bpmnElement="sid-A3466113-AA68-4D9C-9A21-D077E104C980" id="BPMNEdge_sid-A3466113-AA68-4D9C-9A21-D077E104C980">
        <omgdi:waypoint x="415.0" y="134.73696682464455"/>
        <omgdi:waypoint x="450.4047619047619" y="134.9047619047619"/>
      </bpmndi:BPMNEdge>
      <bpmndi:BPMNEdge bpmnElement="sid-64CC5CEC-0C8D-4EDA-9BF7-BB6211B87FD2" id="BPMNEdge_sid-64CC5CEC-0C8D-4EDA-9BF7-BB6211B87FD2">
        <omgdi:waypoint x="925.1210967740001" y="134.5438187798776"/>
        <omgdi:waypoint x="960.0159565215552" y="134.5159565215551"/>
      </bpmndi:BPMNEdge>
      <bpmndi:BPMNEdge bpmnElement="sid-68A119C9-2691-4068-B6D4-0A1B384CC2AB" id="BPMNEdge_sid-68A119C9-2691-4068-B6D4-0A1B384CC2AB">
        <omgdi:waypoint x="75.0" y="134.5"/>
        <omgdi:waypoint x="120.0" y="134.5"/>
      </bpmndi:BPMNEdge>
      <bpmndi:BPMNEdge bpmnElement="sid-E2179407-1013-4422-9E51-C5E470B4A9EF" id="BPMNEdge_sid-E2179407-1013-4422-9E51-C5E470B4A9EF">
        <omgdi:waypoint x="925.1210967740001" y="340.14694669570264"/>
        <omgdi:waypoint x="1065.0000011809714" y="340.08949234409823"/>
      </bpmndi:BPMNEdge>
      <bpmndi:BPMNEdge bpmnElement="sid-C3B295E2-9BD2-45FB-81CC-43A8A13399F9" id="BPMNEdge_sid-C3B295E2-9BD2-45FB-81CC-43A8A13399F9">
        <omgdi:waypoint x="925.0" y="239.0"/>
        <omgdi:waypoint x="980.0" y="239.0"/>
        <omgdi:waypoint x="980.0" y="154.5"/>
      </bpmndi:BPMNEdge>
      <bpmndi:BPMNEdge bpmnElement="sid-907CBC10-B609-442E-BE6D-0E8501B284CE" id="BPMNEdge_sid-907CBC10-B609-442E-BE6D-0E8501B284CE">
        <omgdi:waypoint x="785.5" y="154.0"/>
        <omgdi:waypoint x="785.5" y="239.0"/>
        <omgdi:waypoint x="825.0" y="239.0"/>
      </bpmndi:BPMNEdge>
      <bpmndi:BPMNEdge bpmnElement="sid-8B3EFD4B-3564-4666-B203-19A28C8437C0" id="BPMNEdge_sid-8B3EFD4B-3564-4666-B203-19A28C8437C0">
        <omgdi:waypoint x="294.60674157303373" y="134.8932584269663"/>
        <omgdi:waypoint x="315.0" y="134.77932960893855"/>
      </bpmndi:BPMNEdge>
      <bpmndi:BPMNEdge bpmnElement="sid-FF6248F5-813B-4598-8733-24AAB5B79CDF" id="BPMNEdge_sid-FF6248F5-813B-4598-8733-24AAB5B79CDF">
        <omgdi:waypoint x="715.0" y="134.5"/>
        <omgdi:waypoint x="765.0" y="134.5"/>
      </bpmndi:BPMNEdge>
      <bpmndi:BPMNEdge bpmnElement="sid-95C5AF60-6FAB-46EC-B065-360672CA88F7" id="BPMNEdge_sid-95C5AF60-6FAB-46EC-B065-360672CA88F7">
        <omgdi:waypoint x="415.0" y="239.0"/>
        <omgdi:waypoint x="470.0" y="239.0"/>
        <omgdi:waypoint x="470.0" y="154.5"/>
      </bpmndi:BPMNEdge>
      <bpmndi:BPMNEdge bpmnElement="sid-8902B4AC-952D-4F5E-9E62-EEF04BC0BF37" id="BPMNEdge_sid-8902B4AC-952D-4F5E-9E62-EEF04BC0BF37">
        <omgdi:waypoint x="530.5" y="154.0"/>
        <omgdi:waypoint x="530.5" y="239.0"/>
        <omgdi:waypoint x="615.0" y="239.0"/>
      </bpmndi:BPMNEdge>
      <bpmndi:BPMNEdge bpmnElement="sid-C3BD4F4F-FBDE-43C2-BE63-C2D199D58EDF" id="BPMNEdge_sid-C3BD4F4F-FBDE-43C2-BE63-C2D199D58EDF">
        <omgdi:waypoint x="665.0" y="279.0"/>
        <omgdi:waypoint x="665.0" y="325.0"/>
        <omgdi:waypoint x="824.8789032259999" y="325.0"/>
      </bpmndi:BPMNEdge>
    </bpmndi:BPMNPlane>
  </bpmndi:BPMNDiagram>
</definitions>