{"resourceId":1035,"properties":{"process_id":"ClaimsReview","name":"Claims Review","documentation":"Claims Review Process","process_author":"","process_version":"","process_namespace":"http://www.activiti.org/processdef","executionlisteners":"","eventlisteners":"","signaldefinitions":"","messagedefinitions":"","executionvariables":"[{\"variableName\":\"record\",\"variableType\":\"string\",\"$$hashKey\":\"uiGrid-000R\"},{\"variableName\":\"busKey\",\"variableType\":\"string\",\"$$hashKey\":\"uiGrid-000T\",\"mapVariable\":false}]","metadata":""},"stencil":{"id":"BPMNDiagram"},"childShapes":[{"resourceId":"startEvent1","properties":{"overrideid":"","name":"Start","documentation":"","executionlisteners":"","initiator":"","formkeydefinition":"","formreference":{"id":1036,"name":"Claim Start Form","referenceId":null},"fieldstovariables":"","formproperties":""},"stencil":{"id":"StartNoneEvent"},"childShapes":[],"outgoing":[{"resourceId":"sid-68A119C9-2691-4068-B6D4-0A1B384CC2AB"}],"bounds":{"lowerRight":{"x":75,"y":149.5},"upperLeft":{"x":45,"y":119.5}},"dockers":[]},{"resourceId":"sid-1848C7E5-EFEA-4F48-97C6-1A587182372E","properties":{"overrideid":"","name":"Review 1","documentation":"","asynchronousdefinition":"false","exclusivedefinition":"false","executionlisteners":"","multiinstance_type":"None","multiinstance_cardinality":"","multiinstance_collection":"","multiinstance_variable":"","multiinstance_condition":"","isforcompensation":"false","usertasksendemail":true,"usertaskassignment":"","formkeydefinition":"","formreference":{"id":1038,"name":"Claim Review Form","referenceId":null,"variablesmapping":[]},"fieldstovariables":"","duedatedefinition":"","prioritydefinition":"","categorydefinition":"","formproperties":"","tasklisteners":"","emailtemplate":""},"stencil":{"id":"UserTask"},"childShapes":[],"outgoing":[{"resourceId":"sid-A3466113-AA68-4D9C-9A21-D077E104C980"}],"bounds":{"lowerRight":{"x":415,"y":174.5},"upperLeft":{"x":315,"y":94.5}},"dockers":[]},{"resourceId":"sid-8B3EFD4B-3564-4666-B203-19A28C8437C0","properties":{"overrideid":"","name":"","documentation":"","conditionsequenceflow":"","executionlisteners":"","defaultflow":"false"},"stencil":{"id":"SequenceFlow"},"childShapes":[],"outgoing":[{"resourceId":"sid-1848C7E5-EFEA-4F48-97C6-1A587182372E"}],"bounds":{"lowerRight":{"x":314.3554843546408,"y":134.88894474499799},"upperLeft":{"x":295.3788906453592,"y":134.78293025500201}},"dockers":[{"x":20.5,"y":20.5},{"x":50,"y":40}],"target":{"resourceId":"sid-1848C7E5-EFEA-4F48-97C6-1A587182372E"}},{"resourceId":"sid-BBF02F22-6469-4DF5-8FA1-839431D4C649","properties":{"overrideid":"","name":"Review 2","documentation":"","asynchronousdefinition":"false","exclusivedefinition":"false","executionlisteners":"","multiinstance_type":"None","multiinstance_cardinality":"","multiinstance_collection":"","multiinstance_variable":"","multiinstance_condition":"","isforcompensation":"false","usertasksendemail":true,"usertaskassignment":"","formkeydefinition":"","formreference":{"id":1038,"name":"Claim Review Form","referenceId":null,"variablesmapping":[]},"fieldstovariables":"","duedatedefinition":"","prioritydefinition":"","categorydefinition":"","formproperties":"","tasklisteners":"","emailtemplate":""},"stencil":{"id":"UserTask"},"childShapes":[],"outgoing":[{"resourceId":"sid-95C5AF60-6FAB-46EC-B065-360672CA88F7"}],"bounds":{"lowerRight":{"x":415,"y":279},"upperLeft":{"x":315,"y":199}},"dockers":[]},{"resourceId":"sid-B415EC23-2374-483F-BFF9-069A9C9DAC51","properties":{"overrideid":"","name":"","documentation":"","conditionsequenceflow":"","executionlisteners":"","defaultflow":"false"},"stencil":{"id":"SequenceFlow"},"childShapes":[],"outgoing":[{"resourceId":"sid-BBF02F22-6469-4DF5-8FA1-839431D4C649"}],"bounds":{"lowerRight":{"x":314.35546875,"y":239},"upperLeft":{"x":275.5,"y":155.5}},"dockers":[{"x":20.5,"y":20.5},{"x":275.5,"y":239},{"x":50,"y":40}],"target":{"resourceId":"sid-BBF02F22-6469-4DF5-8FA1-839431D4C649"}},{"resourceId":"sid-A3466113-AA68-4D9C-9A21-D077E104C980","properties":{"overrideid":"","name":"","documentation":"","conditionsequenceflow":"","executionlisteners":"","defaultflow":"false"},"stencil":{"id":"SequenceFlow"},"childShapes":[],"outgoing":[{"resourceId":"sid-36C59D14-5CF7-413D-B054-8F5FAA0100BE"}],"bounds":{"lowerRight":{"x":449.718761230466,"y":134.90151071673208},"upperLeft":{"x":415.453113769534,"y":134.73911428326792}},"dockers":[{"x":50,"y":40},{"x":20.5,"y":20.5}],"target":{"resourceId":"sid-36C59D14-5CF7-413D-B054-8F5FAA0100BE"}},{"resourceId":"sid-95C5AF60-6FAB-46EC-B065-360672CA88F7","properties":{"overrideid":"","name":"","documentation":"","conditionsequenceflow":"","executionlisteners":"","defaultflow":"false"},"stencil":{"id":"SequenceFlow"},"childShapes":[],"outgoing":[{"resourceId":"sid-36C59D14-5CF7-413D-B054-8F5FAA0100BE"}],"bounds":{"lowerRight":{"x":470,"y":239},"upperLeft":{"x":415.21875,"y":154.27734375}},"dockers":[{"x":50,"y":40},{"x":470,"y":239},{"x":20,"y":20}],"target":{"resourceId":"sid-36C59D14-5CF7-413D-B054-8F5FAA0100BE"}},{"resourceId":"sid-91B3A48C-5EC4-4FD0-8933-7D11041E4A92","properties":{"overrideid":"","name":"","documentation":"","asynchronousdefinition":"false","exclusivedefinition":"false","sequencefloworder":"","type":"http://b3mn.org/stencilset/bpmn2.0#ExclusiveGateway"},"stencil":{"id":"ParallelGateway"},"childShapes":[],"outgoing":[{"resourceId":"sid-8B3EFD4B-3564-4666-B203-19A28C8437C0"},{"resourceId":"sid-B415EC23-2374-483F-BFF9-069A9C9DAC51"}],"bounds":{"lowerRight":{"x":295,"y":154.5},"upperLeft":{"x":255,"y":114.5}},"dockers":[]},{"resourceId":"sid-36C59D14-5CF7-413D-B054-8F5FAA0100BE","properties":{"overrideid":"","name":"","documentation":"","asynchronousdefinition":"false","exclusivedefinition":"false","sequencefloworder":"","type":"http://b3mn.org/stencilset/bpmn2.0#ExclusiveGateway"},"stencil":{"id":"ParallelGateway"},"childShapes":[],"outgoing":[{"resourceId":"sid-141091B8-779A-49AF-9FBC-BBD0DE70A3E1"}],"bounds":{"lowerRight":{"x":490,"y":154.5},"upperLeft":{"x":450,"y":114.5}},"dockers":[]},{"resourceId":"sid-7488AA87-8BCF-4D4C-9543-4C0DD1AFA3F0","properties":{"overrideid":"","name":"Initiator Review","documentation":"","asynchronousdefinition":"false","exclusivedefinition":"false","executionlisteners":"","multiinstance_type":"None","multiinstance_cardinality":"","multiinstance_collection":"","multiinstance_variable":"","multiinstance_condition":"","isforcompensation":"false","usertasksendemail":true,"usertaskassignment":"","formkeydefinition":"","formreference":{"id":1036,"name":"Claim Start Form","referenceId":null,"variablesmapping":[]},"fieldstovariables":"","duedatedefinition":"","prioritydefinition":"","categorydefinition":"","formproperties":"","tasklisteners":"","emailtemplate":""},"stencil":{"id":"UserTask"},"childShapes":[],"outgoing":[{"resourceId":"sid-C3BD4F4F-FBDE-43C2-BE63-C2D199D58EDF"}],"bounds":{"lowerRight":{"x":715,"y":279},"upperLeft":{"x":615,"y":199}},"dockers":[]},{"resourceId":"sid-141091B8-779A-49AF-9FBC-BBD0DE70A3E1","properties":{"overrideid":"","name":"","documentation":"","conditionsequenceflow":"","executionlisteners":"","defaultflow":"false","showdiamondmarker":false},"stencil":{"id":"SequenceFlow"},"childShapes":[],"outgoing":[{"resourceId":"sid-61D988D2-0226-41D7-AC46-FE8E998839D2"}],"bounds":{"lowerRight":{"x":509.8125,"y":135},"upperLeft":{"x":490.25,"y":135}},"dockers":[{"x":20.5,"y":20.5},{"x":20.5,"y":20.5}],"target":{"resourceId":"sid-61D988D2-0226-41D7-AC46-FE8E998839D2"}},{"resourceId":"sid-61D988D2-0226-41D7-AC46-FE8E998839D2","properties":{"overrideid":"","name":"","documentation":"","asynchronousdefinition":"false","exclusivedefinition":"false","sequencefloworder":""},"stencil":{"id":"ExclusiveGateway"},"childShapes":[],"outgoing":[{"resourceId":"sid-8902B4AC-952D-4F5E-9E62-EEF04BC0BF37"},{"resourceId":"sid-0CFE47AB-977C-4E5B-AEA4-3B61B44638B6"}],"bounds":{"lowerRight":{"x":550,"y":154.5},"upperLeft":{"x":510,"y":114.5}},"dockers":[]},{"resourceId":"sid-8902B4AC-952D-4F5E-9E62-EEF04BC0BF37","properties":{"overrideid":"","name":"Rejected","documentation":"","conditionsequenceflow":{"expression":{"type":"variables","outcomeFormId":1038,"outcomeFormName":"Claim Review Form","operator":"==","rightOutcomeFormId":1038,"rightOutcomeFormName":"Claim Review Form","rightOutcomeName":"Reject"}},"executionlisteners":"","defaultflow":false},"stencil":{"id":"SequenceFlow"},"childShapes":[],"outgoing":[{"resourceId":"sid-7488AA87-8BCF-4D4C-9543-4C0DD1AFA3F0"}],"bounds":{"lowerRight":{"x":614.61328125,"y":239},"upperLeft":{"x":530.5,"y":155.5}},"dockers":[{"x":20.5,"y":20.5},{"x":530.5,"y":239},{"x":50,"y":40}],"target":{"resourceId":"sid-7488AA87-8BCF-4D4C-9543-4C0DD1AFA3F0"}},{"resourceId":"sid-693669CC-4C29-4CDA-BE3A-72A25B495EEE","properties":{"overrideid":"","name":"End-Rejected","documentation":"","executionlisteners":""},"stencil":{"id":"EndNoneEvent"},"childShapes":[],"outgoing":[],"bounds":{"lowerRight":{"x":1093,"y":354.08374193550003},"upperLeft":{"x":1065,"y":326.08374193550003}},"dockers":[]},{"resourceId":"sid-A5A1A865-7EF0-4718-80F8-3F929BC2CF15","properties":{"overrideid":"","name":"Upload to ACS","documentation":"","alfresco_cloud_content":{"source":"field","field":"AuditDoc","metaDataColumnDefinitions":[{"fileProperty":"claims:claimNo","propertyType":"string","propertyValueType":"field","formField":{"id":"claimno","name":"Claim #","type":"text"}},{"fileProperty":"claims:Record","propertyType":"string","propertyValueType":"variable","processVariable":{"id":"record","name":"record","type":"string"}}],"documentAspects":[{"aspectName":"cm:titled"},{"aspectName":"claims:claimInfo"}],"documentType":"cmis:document"},"alfresco_cloud_destination":{"account":"alfresco-1-alfresco-1","site":"claims-review","path":"3cb49a05-d3d4-4486-aa82-4ecab7b6ad28","path_title":"documentLibrary > Claims-Processing","site_title":"Claims Review","publish_as_type":"process_initiator","folder":"claimno"}},"stencil":{"id":"PublishToAlfrescoCloudTask"},"childShapes":[],"outgoing":[{"resourceId":"sid-64CC5CEC-0C8D-4EDA-9BF7-BB6211B87FD2"}],"bounds":{"lowerRight":{"x":925.1210967740001,"y":174.58374193550003},"upperLeft":{"x":824.8789032259999,"y":94.41625806449997}},"dockers":[]},{"resourceId":"sid-9E896A07-7F63-4383-A5AC-13421CF601FF","properties":{"overrideid":"","name":"End-Approved","documentation":"","executionlisteners":""},"stencil":{"id":"EndNoneEvent"},"childShapes":[],"outgoing":[],"bounds":{"lowerRight":{"x":1093,"y":148.5},"upperLeft":{"x":1065,"y":120.5}},"dockers":[]},{"resourceId":"sid-B81B4A5D-D682-40D9-97B1-BF7500F340BF","properties":{"overrideid":"","name":"Generate Audit Report","documentation":"","generatedocumenttemplate":{"id":1008,"name":"PolicyTemplatedDOL.docx"},"generatedocumenttaskoutputformat":"pdf","executionvariable_document":{"variableName":"AuditDoc","variableType":"document"},"generatedocumentfilename":"Audit","additionaldatasources_document":"","additionaldatasourcenames_document":""},"stencil":{"id":"GenerateDocumentTask"},"childShapes":[],"outgoing":[{"resourceId":"sid-FF6248F5-813B-4598-8733-24AAB5B79CDF"}],"bounds":{"lowerRight":{"x":715,"y":174.5},"upperLeft":{"x":615,"y":94.5}},"dockers":[]},{"resourceId":"sid-0CFE47AB-977C-4E5B-AEA4-3B61B44638B6","properties":{"overrideid":"","name":"Approved","documentation":"","conditionsequenceflow":{"expression":{"type":"variables","outcomeFormId":1038,"outcomeFormName":"Claim Review Form","operator":"==","rightOutcomeFormId":1038,"rightOutcomeFormName":"Claim Review Form","rightOutcomeName":"Approve"}},"executionlisteners":"","defaultflow":false,"showdiamondmarker":false},"stencil":{"id":"SequenceFlow"},"childShapes":[],"outgoing":[{"resourceId":"sid-B81B4A5D-D682-40D9-97B1-BF7500F340BF"}],"bounds":{"lowerRight":{"x":614.8515625,"y":135},"upperLeft":{"x":550.3671875,"y":135}},"dockers":[{"x":20.5,"y":20.5},{"x":30.5,"y":40.5}],"target":{"resourceId":"sid-B81B4A5D-D682-40D9-97B1-BF7500F340BF"}},{"resourceId":"sid-0CE5785B-DAC7-4CB6-8F11-A9F9166655FE","properties":{"scriptformat":"javascript","scripttext":"var busKey = \"claid-\"+execution.getProcessInstanceId();\n\nexecution.setVariable(\"record\",\"true\");","executionvariables":"","overrideid":"","name":"Set Variables","documentation":"","asynchronousdefinition":"false","exclusivedefinition":"false","executionlisteners":"","multiinstance_type":"None","multiinstance_cardinality":"","multiinstance_collection":"","multiinstance_variable":"","multiinstance_condition":"","isforcompensation":"false"},"stencil":{"id":"ScriptTask"},"childShapes":[],"outgoing":[{"resourceId":"sid-153183F9-44EA-4A40-9AD2-55C32BF0C442"}],"bounds":{"lowerRight":{"x":220,"y":174.5},"upperLeft":{"x":120,"y":94.5}},"dockers":[]},{"resourceId":"sid-153183F9-44EA-4A40-9AD2-55C32BF0C442","properties":{"overrideid":"","name":"","documentation":"","conditionsequenceflow":"","executionlisteners":"","defaultflow":"false"},"stencil":{"id":"SequenceFlow"},"childShapes":[],"outgoing":[{"resourceId":"sid-91B3A48C-5EC4-4FD0-8933-7D11041E4A92"}],"bounds":{"lowerRight":{"x":255.1328125,"y":134.5},"upperLeft":{"x":220.21875,"y":134.5}},"dockers":[{"x":50,"y":40.00000000000001},{"x":20,"y":20}],"target":{"resourceId":"sid-91B3A48C-5EC4-4FD0-8933-7D11041E4A92"}},{"resourceId":"sid-ACBC9D04-2622-473B-9362-5B83416D310A","properties":{"overrideid":"","name":"","documentation":"","conditionsequenceflow":"","executionlisteners":"","defaultflow":"false","showdiamondmarker":false},"stencil":{"id":"SequenceFlow"},"childShapes":[],"outgoing":[{"resourceId":"sid-9E896A07-7F63-4383-A5AC-13421CF601FF"}],"bounds":{"lowerRight":{"x":1064.1484503833606,"y":134.9011739232658},"upperLeft":{"x":999.9687371166395,"y":134.5753885767342}},"dockers":[{"x":20.5,"y":20.5},{"x":14,"y":14}],"target":{"resourceId":"sid-9E896A07-7F63-4383-A5AC-13421CF601FF"}},{"resourceId":"sid-74FC11D5-5FC7-44F7-9370-B11987E143D3","properties":{"overrideid":"","name":"","documentation":"","asynchronousdefinition":"false","exclusivedefinition":"false","sequencefloworder":""},"stencil":{"id":"ParallelGateway"},"childShapes":[],"outgoing":[{"resourceId":"sid-3352FA67-9BE0-4E02-905C-E08EE9933107"},{"resourceId":"sid-907CBC10-B609-442E-BE6D-0E8501B284CE"}],"bounds":{"lowerRight":{"x":805,"y":154.5},"upperLeft":{"x":765,"y":114.5}},"dockers":[]},{"resourceId":"sid-73A5BF61-155F-4CC1-A4DC-91954B6271CA","properties":{"overrideid":"","name":"Move Claim","documentation":"","alfrescoactiontask_input_source":{"id":"selectclaim","name":"Select Claim","type":"upload","$$hashKey":"object:2990"},"alfrescoactiontask_publish_as_type":"","alfrescoactiontask_repository":{"id":"alfresco-1-alfresco-1","name":"alfresco-1"},"alfrescoactiontask_action":{"actionName":"move","actionParams":"{\"destination-folder\":\"workspace://SpacesStore/3cb49a05-d3d4-4486-aa82-4ecab7b6ad28\"}"}},"stencil":{"id":"AlfrescoActionTask"},"childShapes":[],"outgoing":[{"resourceId":"sid-C3B295E2-9BD2-45FB-81CC-43A8A13399F9"}],"bounds":{"lowerRight":{"x":925,"y":279},"upperLeft":{"x":825,"y":199}},"dockers":[]},{"resourceId":"sid-907CBC10-B609-442E-BE6D-0E8501B284CE","properties":{"overrideid":"","name":"","documentation":"","conditionsequenceflow":"","executionlisteners":"","defaultflow":"false"},"stencil":{"id":"SequenceFlow"},"childShapes":[],"outgoing":[{"resourceId":"sid-73A5BF61-155F-4CC1-A4DC-91954B6271CA"}],"bounds":{"lowerRight":{"x":824.35546875,"y":239},"upperLeft":{"x":785.5,"y":155.5}},"dockers":[{"x":20.5,"y":20.5},{"x":785.5,"y":239},{"x":50,"y":40}],"target":{"resourceId":"sid-73A5BF61-155F-4CC1-A4DC-91954B6271CA"}},{"resourceId":"sid-13E99894-D290-4EF7-B64F-0030FA6A6DB4","properties":{"overrideid":"","name":"","documentation":"","asynchronousdefinition":"false","exclusivedefinition":"false","sequencefloworder":""},"stencil":{"id":"ParallelGateway"},"childShapes":[],"outgoing":[{"resourceId":"sid-ACBC9D04-2622-473B-9362-5B83416D310A"}],"bounds":{"lowerRight":{"x":1000,"y":154.5},"upperLeft":{"x":960,"y":114.5}},"dockers":[]},{"resourceId":"sid-64CC5CEC-0C8D-4EDA-9BF7-BB6211B87FD2","properties":{"overrideid":"","name":"","documentation":"","conditionsequenceflow":"","executionlisteners":"","defaultflow":"false"},"stencil":{"id":"SequenceFlow"},"childShapes":[],"outgoing":[{"resourceId":"sid-13E99894-D290-4EF7-B64F-0030FA6A6DB4"}],"bounds":{"lowerRight":{"x":960.1545723953495,"y":134.54368944037648},"upperLeft":{"x":925.2830823424159,"y":134.51584584189308}},"dockers":[{"x":50.24219354800008,"y":40.167483871000044},{"x":20,"y":20}],"target":{"resourceId":"sid-13E99894-D290-4EF7-B64F-0030FA6A6DB4"}},{"resourceId":"sid-029A7CC6-4C66-4BB9-85EF-9ECB6DDBB57E","properties":{"overrideid":"","name":"Upload to ACS","documentation":"","alfresco_cloud_content":{"source":"field","field":"supportingevidence","documentAspects":[{"aspectName":"cm:titled"},{"aspectName":"claims:claimInfo"}],"documentType":"cmis:document"},"alfresco_cloud_destination":{"account":"alfresco-1-alfresco-1","site":"claims-review","path":"3cb49a05-d3d4-4486-aa82-4ecab7b6ad28","path_title":"documentLibrary > Claims-Processing","site_title":"Claims Review","publish_as_type":"process_initiator","folder":"claimno"}},"stencil":{"id":"PublishToAlfrescoCloudTask"},"childShapes":[],"outgoing":[{"resourceId":"sid-E2179407-1013-4422-9E51-C5E470B4A9EF"}],"bounds":{"lowerRight":{"x":925.1210967740001,"y":380.16748387100006},"upperLeft":{"x":824.8789032259999,"y":300}},"dockers":[]},{"resourceId":"sid-E2179407-1013-4422-9E51-C5E470B4A9EF","properties":{"overrideid":"","name":"","documentation":"","conditionsequenceflow":"","executionlisteners":"","defaultflow":"false","showdiamondmarker":false},"stencil":{"id":"SequenceFlow"},"childShapes":[],"outgoing":[{"resourceId":"sid-693669CC-4C29-4CDA-BE3A-72A25B495EEE"}],"bounds":{"lowerRight":{"x":1064.4611666670035,"y":340.14679187752483},"upperLeft":{"x":925.4980185646917,"y":340.08971366687564}},"dockers":[{"x":50.24219354800008,"y":40.16748387100003},{"x":14,"y":14}],"target":{"resourceId":"sid-693669CC-4C29-4CDA-BE3A-72A25B495EEE"}},{"resourceId":"sid-C3BD4F4F-FBDE-43C2-BE63-C2D199D58EDF","properties":{"overrideid":"","name":"","documentation":"","conditionsequenceflow":"","executionlisteners":"","defaultflow":"false","showdiamondmarker":false},"stencil":{"id":"SequenceFlow"},"childShapes":[],"outgoing":[{"resourceId":"sid-029A7CC6-4C66-4BB9-85EF-9ECB6DDBB57E"}],"bounds":{"lowerRight":{"x":824.5325224874359,"y":325},"upperLeft":{"x":665,"y":279.640625}},"dockers":[{"x":50,"y":40},{"x":665,"y":325},{"x":28.6363525390625,"y":25.000000000000018}],"target":{"resourceId":"sid-029A7CC6-4C66-4BB9-85EF-9ECB6DDBB57E"}},{"resourceId":"sid-3352FA67-9BE0-4E02-905C-E08EE9933107","properties":{"overrideid":"","name":"","documentation":"","conditionsequenceflow":"","executionlisteners":"","defaultflow":"false"},"stencil":{"id":"SequenceFlow"},"childShapes":[],"outgoing":[{"resourceId":"sid-A5A1A865-7EF0-4718-80F8-3F929BC2CF15"}],"bounds":{"lowerRight":{"x":825.0547031046408,"y":134.88894474499799},"upperLeft":{"x":805.3788906453592,"y":134.77902400500201}},"dockers":[{"x":20.5,"y":20.5},{"x":50.12109677400008,"y":40.08374193550004}],"target":{"resourceId":"sid-A5A1A865-7EF0-4718-80F8-3F929BC2CF15"}},{"resourceId":"sid-FF6248F5-813B-4598-8733-24AAB5B79CDF","properties":{"overrideid":"","name":"","documentation":"","conditionsequenceflow":"","executionlisteners":"","defaultflow":"false"},"stencil":{"id":"SequenceFlow"},"childShapes":[],"outgoing":[{"resourceId":"sid-74FC11D5-5FC7-44F7-9370-B11987E143D3"}],"bounds":{"lowerRight":{"x":765.25,"y":134.5},"upperLeft":{"x":715.6875,"y":134.5}},"dockers":[{"x":50,"y":40},{"x":20,"y":20}],"target":{"resourceId":"sid-74FC11D5-5FC7-44F7-9370-B11987E143D3"}},{"resourceId":"sid-C3B295E2-9BD2-45FB-81CC-43A8A13399F9","properties":{"overrideid":"","name":"","documentation":"","conditionsequenceflow":"","executionlisteners":"","defaultflow":"false"},"stencil":{"id":"SequenceFlow"},"childShapes":[],"outgoing":[{"resourceId":"sid-13E99894-D290-4EF7-B64F-0030FA6A6DB4"}],"bounds":{"lowerRight":{"x":980,"y":239},"upperLeft":{"x":925.21875,"y":154.27734375}},"dockers":[{"x":50,"y":40},{"x":980,"y":239},{"x":20,"y":20}],"target":{"resourceId":"sid-13E99894-D290-4EF7-B64F-0030FA6A6DB4"}},{"resourceId":"sid-68A119C9-2691-4068-B6D4-0A1B384CC2AB","properties":{"overrideid":"","name":"","documentation":"","conditionsequenceflow":"","executionlisteners":"","defaultflow":"false","showdiamondmarker":false},"stencil":{"id":"SequenceFlow"},"childShapes":[],"outgoing":[{"resourceId":"sid-0CE5785B-DAC7-4CB6-8F11-A9F9166655FE"}],"bounds":{"lowerRight":{"x":120,"y":134.5},"upperLeft":{"x":75.296875,"y":134.5}},"dockers":[{"x":15,"y":15},{"x":1,"y":40}],"target":{"resourceId":"sid-0CE5785B-DAC7-4CB6-8F11-A9F9166655FE"}}],"bounds":{"lowerRight":{"x":1200,"y":1050},"upperLeft":{"x":0,"y":0}},"stencilset":{"url":"stencilsets/bpmn2.0/bpmn2.0.json","namespace":"http://b3mn.org/stencilset/bpmn2.0#"},"ssextensions":[]}