{"resourceId":4007,"properties":{"process_id":"ChildProcessCheckingAccount","name":"Child Process Checking Account","documentation":"","process_author":"","process_version":"","process_namespace":"http://www.activiti.org/processdef","executionlisteners":"{\"executionListeners\":[]}","eventlisteners":"{\"eventListeners\":[]}","signaldefinitions":"[]","messagedefinitions":"[]","executionvariables":"[{\"variableName\":\"child_firstname\",\"variableType\":\"string\",\"$$hashKey\":\"uiGrid-0039\"},{\"variableName\":\"child_lastname\",\"variableType\":\"string\",\"$$hashKey\":\"uiGrid-003B\"},{\"variableName\":\"child_dateofbirth\",\"variableType\":\"string\",\"$$hashKey\":\"uiGrid-003D\"},{\"variableName\":\"child_annualsalary\",\"variableType\":\"string\",\"$$hashKey\":\"uiGrid-003F\"},{\"variableName\":\"child_ispublictransportrider\",\"variableType\":\"string\",\"$$hashKey\":\"uiGrid-003H\"},{\"variableName\":\"superProcessInstanceId\",\"variableType\":\"string\",\"$$hashKey\":\"uiGrid-0045\"}]","metadata":""},"stencil":{"id":"BPMNDiagram"},"childShapes":[{"resourceId":"startEvent1","properties":{"overrideid":"startEvent1","name":"","documentation":"","executionlisteners":{"executionListeners":[]},"initiator":"","formkeydefinition":"","formreference":"","fieldstovariables":"","formproperties":"","asynchronousdefinition":false,"exclusivedefinition":false},"stencil":{"id":"StartNoneEvent"},"childShapes":[],"outgoing":[{"resourceId":"sid-A2AAEB9C-2442-43DF-ABCA-BBF6152D26F3"}],"bounds":{"lowerRight":{"x":120,"y":190},"upperLeft":{"x":90,"y":160}},"dockers":[]},{"resourceId":"sid-E6AB6E87-6DD3-4899-9AF9-55BC8C0E1D41","properties":{"overrideid":"sid-E6AB6E87-6DD3-4899-9AF9-55BC8C0E1D41","name":"Checking Account Info","documentation":"","asynchronousdefinition":false,"exclusivedefinition":false,"executionlisteners":{"executionListeners":[]},"multiinstance_type":"None","multiinstance_cardinality":"","multiinstance_collection":"","multiinstance_variable":"","multiinstance_condition":"","isforcompensation":false,"usertasksendemail":true,"usertaskassignment":{"assignment":{"type":"static","assignee":"${initiator}","initiatorCanCompleteTask":false}},"formkeydefinition":"","formreference":{"id":4005,"name":"Gather Checking Account Information","referenceId":4007},"fieldstovariables":"","duedatedefinition":"","prioritydefinition":"","categorydefinition":"","formproperties":"","tasklisteners":{"taskListeners":[{"event":"complete","implementation":"${copyAttachmentFromChildToParentTaskListener}","className":"","expression":"","delegateExpression":"${copyAttachmentFromChildToParentTaskListener}","fields":[{"name":"sourceField","implementation":"supportingfiles","stringValue":"supportingfiles","expression":"","string":"","$$hashKey":"uiGrid-001L"},{"name":"targetField","implementation":"supportingfiles","stringValue":"supportingfiles","expression":"","string":"","$$hashKey":"uiGrid-001N"}],"$$hashKey":"uiGrid-001B"}]},"emailtemplate":""},"stencil":{"id":"UserTask"},"childShapes":[],"outgoing":[{"resourceId":"sid-4007B76C-120B-495C-8ACB-DEA4A412F104"}],"bounds":{"lowerRight":{"x":265,"y":215},"upperLeft":{"x":165,"y":135}},"dockers":[]},{"resourceId":"sid-A2AAEB9C-2442-43DF-ABCA-BBF6152D26F3","properties":{"overrideid":"sid-A2AAEB9C-2442-43DF-ABCA-BBF6152D26F3","name":"","documentation":"","conditionsequenceflow":"","executionlisteners":{"executionListeners":[]},"defaultflow":"false"},"stencil":{"id":"SequenceFlow"},"childShapes":[],"outgoing":[{"resourceId":"sid-E6AB6E87-6DD3-4899-9AF9-55BC8C0E1D41"}],"bounds":{"lowerRight":{"x":164.15625,"y":175},"upperLeft":{"x":120.609375,"y":175}},"dockers":[{"x":15,"y":15},{"x":50,"y":40}],"target":{"resourceId":"sid-E6AB6E87-6DD3-4899-9AF9-55BC8C0E1D41"}},{"resourceId":"sid-25D1BCA9-A05B-4C1A-BF9D-F4545C230292","properties":{"overrideid":"sid-25D1BCA9-A05B-4C1A-BF9D-F4545C230292","name":"","documentation":"","executionlisteners":null,"asynchronousdefinition":false,"exclusivedefinition":false},"stencil":{"id":"EndNoneEvent"},"childShapes":[],"outgoing":[],"bounds":{"lowerRight":{"x":343,"y":189},"upperLeft":{"x":315,"y":161}},"dockers":[]},{"resourceId":"sid-4007B76C-120B-495C-8ACB-DEA4A412F104","properties":{"overrideid":"","name":"","documentation":"","conditionsequenceflow":"","executionlisteners":"","defaultflow":"false"},"stencil":{"id":"SequenceFlow"},"childShapes":[],"outgoing":[{"resourceId":"sid-25D1BCA9-A05B-4C1A-BF9D-F4545C230292"}],"bounds":{"lowerRight":{"x":314.640625,"y":175},"upperLeft":{"x":265.875,"y":175}},"dockers":[{"x":50,"y":40},{"x":14,"y":14}],"target":{"resourceId":"sid-25D1BCA9-A05B-4C1A-BF9D-F4545C230292"}}],"bounds":{"lowerRight":{"x":1200,"y":1050},"upperLeft":{"x":0,"y":0}},"stencilset":{"url":"stencilsets/bpmn2.0/bpmn2.0.json","namespace":"http://b3mn.org/stencilset/bpmn2.0#"},"ssextensions":[]}