<?xml version='1.0' encoding='UTF-8'?>
<definitions xmlns="http://www.omg.org/spec/BPMN/20100524/MODEL" xmlns:xsi="http://www.w3.org/2001/XMLSchema-instance" xmlns:xsd="http://www.w3.org/2001/XMLSchema" xmlns:activiti="http://activiti.org/bpmn" xmlns:bpmndi="http://www.omg.org/spec/BPMN/20100524/DI" xmlns:omgdc="http://www.omg.org/spec/DD/20100524/DC" xmlns:omgdi="http://www.omg.org/spec/DD/20100524/DI" typeLanguage="http://www.w3.org/2001/XMLSchema" expressionLanguage="http://www.w3.org/1999/XPath" targetNamespace="http://www.activiti.org/processdef" xmlns:modeler="http://activiti.com/modeler" modeler:version="1.0en" modeler:exportDateTime="20190318144729925" modeler:modelId="4007" modeler:modelVersion="9" modeler:modelLastUpdated="1552707711368">
  <process id="ChildProcessCheckingAccount" name="Child Process Checking Account" isExecutable="true">
    <extensionElements>
      <modeler:executionvariables xmlns:modeler="http://activiti.com/modeler" modeler:variableName="child_firstname" modeler:variableType="string"/>
      <modeler:executionvariables xmlns:modeler="http://activiti.com/modeler" modeler:variableName="child_lastname" modeler:variableType="string"/>
      <modeler:executionvariables xmlns:modeler="http://activiti.com/modeler" modeler:variableName="child_dateofbirth" modeler:variableType="string"/>
      <modeler:executionvariables xmlns:modeler="http://activiti.com/modeler" modeler:variableName="child_annualsalary" modeler:variableType="string"/>
      <modeler:executionvariables xmlns:modeler="http://activiti.com/modeler" modeler:variableName="child_ispublictransportrider" modeler:variableType="string"/>
      <modeler:executionvariables xmlns:modeler="http://activiti.com/modeler" modeler:variableName="superProcessInstanceId" modeler:variableType="string"/>
    </extensionElements>
    <startEvent id="startEvent1">
      <extensionElements>
        <modeler:editor-resource-id><![CDATA[startEvent1]]></modeler:editor-resource-id>
      </extensionElements>
    </startEvent>
    <userTask id="sid-E6AB6E87-6DD3-4899-9AF9-55BC8C0E1D41" name="Checking Account Info" activiti:assignee="${initiator}" activiti:formKey="4005">
      <extensionElements>
        <activiti:taskListener event="complete" delegateExpression="${copyAttachmentFromChildToParentTaskListener}">
          <activiti:field name="sourceField">
            <activiti:string><![CDATA[supportingfiles]]></activiti:string>
          </activiti:field>
          <activiti:field name="targetField">
            <activiti:string><![CDATA[supportingfiles]]></activiti:string>
          </activiti:field>
        </activiti:taskListener>
        <modeler:allow-send-email><![CDATA[true]]></modeler:allow-send-email>
        <modeler:form-reference-id><![CDATA[4005]]></modeler:form-reference-id>
        <modeler:form-reference-name><![CDATA[Gather Checking Account Information]]></modeler:form-reference-name>
        <modeler:initiator-can-complete><![CDATA[false]]></modeler:initiator-can-complete>
        <modeler:editor-resource-id><![CDATA[sid-E6AB6E87-6DD3-4899-9AF9-55BC8C0E1D41]]></modeler:editor-resource-id>
      </extensionElements>
    </userTask>
    <sequenceFlow id="sid-A2AAEB9C-2442-43DF-ABCA-BBF6152D26F3" sourceRef="startEvent1" targetRef="sid-E6AB6E87-6DD3-4899-9AF9-55BC8C0E1D41">
      <extensionElements>
        <modeler:editor-resource-id><![CDATA[sid-A2AAEB9C-2442-43DF-ABCA-BBF6152D26F3]]></modeler:editor-resource-id>
      </extensionElements>
    </sequenceFlow>
    <endEvent id="sid-25D1BCA9-A05B-4C1A-BF9D-F4545C230292" activiti:async="true" activiti:exclusive="false">
      <extensionElements>
        <activiti:executionListener event="start" class="com.activiti.runtime.activiti.ContentProcessorExecutionListener">
          <activiti:field name="externalContentHandler">
            <activiti:expression><![CDATA[${externalContentHandler}]]></activiti:expression>
          </activiti:field>
        </activiti:executionListener>
        <modeler:editor-resource-id><![CDATA[sid-25D1BCA9-A05B-4C1A-BF9D-F4545C230292]]></modeler:editor-resource-id>
        <modeler:ignore-listener-on-import><![CDATA[com.activiti.runtime.activiti.ContentProcessorExecutionListener]]></modeler:ignore-listener-on-import>
      </extensionElements>
    </endEvent>
    <sequenceFlow id="sid-4007B76C-120B-495C-8ACB-DEA4A412F104" sourceRef="sid-E6AB6E87-6DD3-4899-9AF9-55BC8C0E1D41" targetRef="sid-25D1BCA9-A05B-4C1A-BF9D-F4545C230292">
      <extensionElements>
        <modeler:editor-resource-id><![CDATA[sid-4007B76C-120B-495C-8ACB-DEA4A412F104]]></modeler:editor-resource-id>
      </extensionElements>
    </sequenceFlow>
  </process>
  <bpmndi:BPMNDiagram id="BPMNDiagram_ChildProcessCheckingAccount">
    <bpmndi:BPMNPlane bpmnElement="ChildProcessCheckingAccount" id="BPMNPlane_ChildProcessCheckingAccount">
      <bpmndi:BPMNShape bpmnElement="startEvent1" id="BPMNShape_startEvent1">
        <omgdc:Bounds height="30.0" width="30.0" x="90.0" y="160.0"/>
      </bpmndi:BPMNShape>
      <bpmndi:BPMNShape bpmnElement="sid-E6AB6E87-6DD3-4899-9AF9-55BC8C0E1D41" id="BPMNShape_sid-E6AB6E87-6DD3-4899-9AF9-55BC8C0E1D41">
        <omgdc:Bounds height="80.0" width="100.0" x="165.0" y="135.0"/>
      </bpmndi:BPMNShape>
      <bpmndi:BPMNShape bpmnElement="sid-25D1BCA9-A05B-4C1A-BF9D-F4545C230292" id="BPMNShape_sid-25D1BCA9-A05B-4C1A-BF9D-F4545C230292">
        <omgdc:Bounds height="28.0" width="28.0" x="315.0" y="161.0"/>
      </bpmndi:BPMNShape>
      <bpmndi:BPMNEdge bpmnElement="sid-A2AAEB9C-2442-43DF-ABCA-BBF6152D26F3" id="BPMNEdge_sid-A2AAEB9C-2442-43DF-ABCA-BBF6152D26F3">
        <omgdi:waypoint x="120.0" y="175.0"/>
        <omgdi:waypoint x="165.0" y="175.0"/>
      </bpmndi:BPMNEdge>
      <bpmndi:BPMNEdge bpmnElement="sid-4007B76C-120B-495C-8ACB-DEA4A412F104" id="BPMNEdge_sid-4007B76C-120B-495C-8ACB-DEA4A412F104">
        <omgdi:waypoint x="265.0" y="175.0"/>
        <omgdi:waypoint x="315.0" y="175.0"/>
      </bpmndi:BPMNEdge>
    </bpmndi:BPMNPlane>
  </bpmndi:BPMNDiagram>
</definitions>