<?xml version='1.0' encoding='UTF-8'?>
<definitions xmlns="http://www.omg.org/spec/BPMN/20100524/MODEL" xmlns:xsi="http://www.w3.org/2001/XMLSchema-instance" xmlns:xsd="http://www.w3.org/2001/XMLSchema" xmlns:activiti="http://activiti.org/bpmn" xmlns:bpmndi="http://www.omg.org/spec/BPMN/20100524/DI" xmlns:omgdc="http://www.omg.org/spec/DD/20100524/DC" xmlns:omgdi="http://www.omg.org/spec/DD/20100524/DI" typeLanguage="http://www.w3.org/2001/XMLSchema" expressionLanguage="http://www.w3.org/1999/XPath" targetNamespace="http://www.activiti.org/processdef" xmlns:modeler="http://activiti.com/modeler" modeler:version="1.0en" modeler:exportDateTime="20190318144729885" modeler:modelId="4008" modeler:modelVersion="9" modeler:modelLastUpdated="1552707711314">
  <process id="CustomerOnBoarding" name="Customer OnBoarding" isExecutable="true">
    <extensionElements>
      <modeler:executionvariables xmlns:modeler="http://activiti.com/modeler" modeler:variableName="parent_preferredbranchname" modeler:variableType="string"/>
      <modeler:executionvariables xmlns:modeler="http://activiti.com/modeler" modeler:variableName="parent_preferredbranchzipcode" modeler:variableType="string"/>
    </extensionElements>
    <startEvent id="startEvent1">
      <extensionElements>
        <modeler:editor-resource-id><![CDATA[startEvent1]]></modeler:editor-resource-id>
      </extensionElements>
    </startEvent>
    <userTask id="sid-BD67E385-CC7C-4EFF-A825-F6A0A9A7E0F4" name="Get Customer Data" activiti:assignee="$INITIATOR" activiti:formKey="4004">
      <extensionElements>
        <modeler:allow-send-email><![CDATA[true]]></modeler:allow-send-email>
        <modeler:form-reference-id><![CDATA[4004]]></modeler:form-reference-id>
        <modeler:form-reference-name><![CDATA[Customer Information]]></modeler:form-reference-name>
        <modeler:activiti-idm-initiator><![CDATA[true]]></modeler:activiti-idm-initiator>
        <modeler:initiator-can-complete><![CDATA[false]]></modeler:initiator-can-complete>
        <modeler:editor-resource-id><![CDATA[sid-BD67E385-CC7C-4EFF-A825-F6A0A9A7E0F4]]></modeler:editor-resource-id>
      </extensionElements>
    </userTask>
    <sequenceFlow id="sid-29DD78F2-6824-4182-AC6C-5D8692BCD0B4" sourceRef="startEvent1" targetRef="sid-BD67E385-CC7C-4EFF-A825-F6A0A9A7E0F4">
      <extensionElements>
        <modeler:editor-resource-id><![CDATA[sid-29DD78F2-6824-4182-AC6C-5D8692BCD0B4]]></modeler:editor-resource-id>
      </extensionElements>
    </sequenceFlow>
    <callActivity id="sid-4AAEA101-DA43-4E7A-8ED6-5D2BA89E8D83" name="Call Child Process" activiti:async="true" activiti:exclusive="false" calledElement="ChildProcessCheckingAccount" activiti:inheritVariables="false">
      <extensionElements>
        <activiti:in sourceExpression="${execution.getProcessInstanceId()}" target="superProcessInstanceId"/>
        <activiti:in source="initiator" target="initiator"/>
        <activiti:in source="parent_firstname" target="child_firstname"/>
        <activiti:in source="parent_lastname" target="child_lastname"/>
        <activiti:in source="parent_dateofbirth" target="child_dateofbirth"/>
        <activiti:in source="parent_annualsalary" target="child_annualsalary"/>
        <activiti:in source="parent_ispublictransportrider" target="child_ispublictransportrider"/>
        <activiti:out source="preferredbranchname" target="parent_preferredbranchname"/>
        <activiti:out source="preferredbranchzipcode" target="parent_preferredbranchzipcode"/>
        <activiti:out source="driverslicense" target="parent_driverslicense"/>
        <activiti:executionListener event="start" class="com.activiti.runtime.activiti.ContentProcessorExecutionListener">
          <activiti:field name="externalContentHandler">
            <activiti:expression><![CDATA[${externalContentHandler}]]></activiti:expression>
          </activiti:field>
        </activiti:executionListener>
        <modeler:editor-resource-id><![CDATA[sid-4AAEA101-DA43-4E7A-8ED6-5D2BA89E8D83]]></modeler:editor-resource-id>
        <modeler:ignore-listener-on-import><![CDATA[com.activiti.runtime.activiti.ContentProcessorExecutionListener]]></modeler:ignore-listener-on-import>
      </extensionElements>
    </callActivity>
    <sequenceFlow id="sid-62C1BA36-CE07-4D16-849F-400BB1D56FF4" sourceRef="sid-BD67E385-CC7C-4EFF-A825-F6A0A9A7E0F4" targetRef="sid-4AAEA101-DA43-4E7A-8ED6-5D2BA89E8D83">
      <extensionElements>
        <modeler:editor-resource-id><![CDATA[sid-62C1BA36-CE07-4D16-849F-400BB1D56FF4]]></modeler:editor-resource-id>
      </extensionElements>
    </sequenceFlow>
    <endEvent id="sid-C532F935-0075-4288-9DAA-C757E2D7A298">
      <extensionElements>
        <modeler:editor-resource-id><![CDATA[sid-C532F935-0075-4288-9DAA-C757E2D7A298]]></modeler:editor-resource-id>
      </extensionElements>
    </endEvent>
    <userTask id="sid-FF2B3494-B8AA-4506-A3E2-7840C8F53FFC" name="Review Data" activiti:assignee="$INITIATOR" activiti:formKey="4006">
      <extensionElements>
        <modeler:allow-send-email><![CDATA[true]]></modeler:allow-send-email>
        <modeler:form-reference-id><![CDATA[4006]]></modeler:form-reference-id>
        <modeler:form-reference-name><![CDATA[Review All Information]]></modeler:form-reference-name>
        <modeler:activiti-idm-initiator><![CDATA[true]]></modeler:activiti-idm-initiator>
        <modeler:initiator-can-complete><![CDATA[false]]></modeler:initiator-can-complete>
        <modeler:editor-resource-id><![CDATA[sid-FF2B3494-B8AA-4506-A3E2-7840C8F53FFC]]></modeler:editor-resource-id>
      </extensionElements>
    </userTask>
    <sequenceFlow id="sid-B191434B-63E5-4188-8295-AE1561D1903E" sourceRef="sid-4AAEA101-DA43-4E7A-8ED6-5D2BA89E8D83" targetRef="sid-FF2B3494-B8AA-4506-A3E2-7840C8F53FFC">
      <extensionElements>
        <modeler:editor-resource-id><![CDATA[sid-B191434B-63E5-4188-8295-AE1561D1903E]]></modeler:editor-resource-id>
      </extensionElements>
    </sequenceFlow>
    <sequenceFlow id="sid-D77A8C84-3B83-4195-86E3-0B5F94815B89" sourceRef="sid-FF2B3494-B8AA-4506-A3E2-7840C8F53FFC" targetRef="sid-C532F935-0075-4288-9DAA-C757E2D7A298">
      <extensionElements>
        <modeler:editor-resource-id><![CDATA[sid-D77A8C84-3B83-4195-86E3-0B5F94815B89]]></modeler:editor-resource-id>
      </extensionElements>
    </sequenceFlow>
  </process>
  <bpmndi:BPMNDiagram id="BPMNDiagram_CustomerOnBoarding">
    <bpmndi:BPMNPlane bpmnElement="CustomerOnBoarding" id="BPMNPlane_CustomerOnBoarding">
      <bpmndi:BPMNShape bpmnElement="startEvent1" id="BPMNShape_startEvent1">
        <omgdc:Bounds height="30.0" width="30.0" x="100.0" y="163.0"/>
      </bpmndi:BPMNShape>
      <bpmndi:BPMNShape bpmnElement="sid-BD67E385-CC7C-4EFF-A825-F6A0A9A7E0F4" id="BPMNShape_sid-BD67E385-CC7C-4EFF-A825-F6A0A9A7E0F4">
        <omgdc:Bounds height="80.0" width="100.0" x="165.0" y="138.0"/>
      </bpmndi:BPMNShape>
      <bpmndi:BPMNShape bpmnElement="sid-4AAEA101-DA43-4E7A-8ED6-5D2BA89E8D83" id="BPMNShape_sid-4AAEA101-DA43-4E7A-8ED6-5D2BA89E8D83">
        <omgdc:Bounds height="80.0" width="100.0" x="315.0" y="138.0"/>
      </bpmndi:BPMNShape>
      <bpmndi:BPMNShape bpmnElement="sid-C532F935-0075-4288-9DAA-C757E2D7A298" id="BPMNShape_sid-C532F935-0075-4288-9DAA-C757E2D7A298">
        <omgdc:Bounds height="28.0" width="28.0" x="615.0" y="164.0"/>
      </bpmndi:BPMNShape>
      <bpmndi:BPMNShape bpmnElement="sid-FF2B3494-B8AA-4506-A3E2-7840C8F53FFC" id="BPMNShape_sid-FF2B3494-B8AA-4506-A3E2-7840C8F53FFC">
        <omgdc:Bounds height="80.0" width="100.0" x="460.0" y="138.0"/>
      </bpmndi:BPMNShape>
      <bpmndi:BPMNEdge bpmnElement="sid-29DD78F2-6824-4182-AC6C-5D8692BCD0B4" id="BPMNEdge_sid-29DD78F2-6824-4182-AC6C-5D8692BCD0B4">
        <omgdi:waypoint x="130.0" y="178.0"/>
        <omgdi:waypoint x="165.0" y="178.0"/>
      </bpmndi:BPMNEdge>
      <bpmndi:BPMNEdge bpmnElement="sid-B191434B-63E5-4188-8295-AE1561D1903E" id="BPMNEdge_sid-B191434B-63E5-4188-8295-AE1561D1903E">
        <omgdi:waypoint x="415.0" y="178.0"/>
        <omgdi:waypoint x="460.0" y="178.0"/>
      </bpmndi:BPMNEdge>
      <bpmndi:BPMNEdge bpmnElement="sid-62C1BA36-CE07-4D16-849F-400BB1D56FF4" id="BPMNEdge_sid-62C1BA36-CE07-4D16-849F-400BB1D56FF4">
        <omgdi:waypoint x="265.0" y="178.0"/>
        <omgdi:waypoint x="315.0" y="178.0"/>
      </bpmndi:BPMNEdge>
      <bpmndi:BPMNEdge bpmnElement="sid-D77A8C84-3B83-4195-86E3-0B5F94815B89" id="BPMNEdge_sid-D77A8C84-3B83-4195-86E3-0B5F94815B89">
        <omgdi:waypoint x="560.0" y="178.0"/>
        <omgdi:waypoint x="615.0" y="178.0"/>
      </bpmndi:BPMNEdge>
    </bpmndi:BPMNPlane>
  </bpmndi:BPMNDiagram>
</definitions>