{"resourceId":4008,"properties":{"process_id":"CustomerOnBoarding","name":"Customer OnBoarding","documentation":"","process_author":"","process_version":"","process_namespace":"http://www.activiti.org/processdef","executionlisteners":"{\"executionListeners\":[]}","eventlisteners":"{\"eventListeners\":[]}","signaldefinitions":"[]","messagedefinitions":"[]","executionvariables":"[{\"variableName\":\"parent_preferredbranchname\",\"variableType\":\"string\",\"$$hashKey\":\"uiGrid-0013\"},{\"variableName\":\"parent_preferredbranchzipcode\",\"variableType\":\"string\",\"$$hashKey\":\"uiGrid-0015\"}]","metadata":""},"stencil":{"id":"BPMNDiagram"},"childShapes":[{"resourceId":"startEvent1","properties":{"overrideid":"startEvent1","name":"","documentation":"","executionlisteners":{"executionListeners":[]},"initiator":"","formkeydefinition":"","formreference":"","fieldstovariables":"","formproperties":"","asynchronousdefinition":false,"exclusivedefinition":false},"stencil":{"id":"StartNoneEvent"},"childShapes":[],"outgoing":[{"resourceId":"sid-29DD78F2-6824-4182-AC6C-5D8692BCD0B4"}],"bounds":{"lowerRight":{"x":130,"y":193},"upperLeft":{"x":100,"y":163}},"dockers":[]},{"resourceId":"sid-BD67E385-CC7C-4EFF-A825-F6A0A9A7E0F4","properties":{"overrideid":"sid-BD67E385-CC7C-4EFF-A825-F6A0A9A7E0F4","name":"Get Customer Data","documentation":"","asynchronousdefinition":false,"exclusivedefinition":false,"executionlisteners":{"executionListeners":[]},"multiinstance_type":"None","multiinstance_cardinality":"","multiinstance_collection":"","multiinstance_variable":"","multiinstance_condition":"","isforcompensation":false,"usertasksendemail":true,"usertaskassignment":{"assignment":{"type":"idm","idm":{"type":"initiator"}}},"formkeydefinition":"","formreference":{"id":4004,"name":"Customer Information","referenceId":4008},"fieldstovariables":"","duedatedefinition":"","prioritydefinition":"","categorydefinition":"","formproperties":"","tasklisteners":{"taskListeners":[]},"emailtemplate":""},"stencil":{"id":"UserTask"},"childShapes":[],"outgoing":[{"resourceId":"sid-62C1BA36-CE07-4D16-849F-400BB1D56FF4"}],"bounds":{"lowerRight":{"x":265,"y":218},"upperLeft":{"x":165,"y":138}},"dockers":[]},{"resourceId":"sid-29DD78F2-6824-4182-AC6C-5D8692BCD0B4","properties":{"overrideid":"sid-29DD78F2-6824-4182-AC6C-5D8692BCD0B4","name":"","documentation":"","conditionsequenceflow":"","executionlisteners":{"executionListeners":[]},"defaultflow":"false"},"stencil":{"id":"SequenceFlow"},"childShapes":[],"outgoing":[{"resourceId":"sid-BD67E385-CC7C-4EFF-A825-F6A0A9A7E0F4"}],"bounds":{"lowerRight":{"x":164.78125,"y":178},"upperLeft":{"x":130.0625,"y":178}},"dockers":[{"x":15,"y":15},{"x":50,"y":40}],"target":{"resourceId":"sid-BD67E385-CC7C-4EFF-A825-F6A0A9A7E0F4"}},{"resourceId":"sid-4AAEA101-DA43-4E7A-8ED6-5D2BA89E8D83","properties":{"overrideid":"sid-4AAEA101-DA43-4E7A-8ED6-5D2BA89E8D83","name":"Call Child Process","documentation":"","asynchronousdefinition":false,"exclusivedefinition":false,"executionlisteners":{"executionListeners":[]},"callactivitycalledelement":"ChildProcessCheckingAccount","callactivityinparameters":{"inParameters":[{"source":"","sourceExpression":"${execution.getProcessInstanceId()}","target":"superProcessInstanceId","$$hashKey":"uiGrid-001A"},{"source":"initiator","target":"initiator","sourceExpression":null,"$$hashKey":"uiGrid-000Y"},{"source":"parent_firstname","target":"child_firstname","sourceExpression":null,"$$hashKey":"uiGrid-0010"},{"source":"parent_lastname","target":"child_lastname","sourceExpression":null,"$$hashKey":"uiGrid-0012"},{"source":"parent_dateofbirth","target":"child_dateofbirth","sourceExpression":null,"$$hashKey":"uiGrid-0014"},{"source":"parent_annualsalary","target":"child_annualsalary","sourceExpression":null,"$$hashKey":"uiGrid-0016"},{"source":"parent_ispublictransportrider","target":"child_ispublictransportrider","sourceExpression":null,"$$hashKey":"uiGrid-0018"}]},"callactivityoutparameters":{"outParameters":[{"source":"preferredbranchname","target":"parent_preferredbranchname","sourceExpression":null},{"source":"preferredbranchzipcode","target":"parent_preferredbranchzipcode","sourceExpression":null},{"source":"driverslicense","target":"parent_driverslicense","sourceExpression":null}]},"multiinstance_type":"None","multiinstance_cardinality":"","multiinstance_collection":"","multiinstance_variable":"","multiinstance_condition":"","isforcompensation":false},"stencil":{"id":"CallActivity"},"childShapes":[],"outgoing":[{"resourceId":"sid-B191434B-63E5-4188-8295-AE1561D1903E"}],"bounds":{"lowerRight":{"x":415,"y":218},"upperLeft":{"x":315,"y":138}},"dockers":[]},{"resourceId":"sid-62C1BA36-CE07-4D16-849F-400BB1D56FF4","properties":{"overrideid":"sid-62C1BA36-CE07-4D16-849F-400BB1D56FF4","name":"","documentation":"","conditionsequenceflow":"","executionlisteners":{"executionListeners":[]},"defaultflow":"false"},"stencil":{"id":"SequenceFlow"},"childShapes":[],"outgoing":[{"resourceId":"sid-4AAEA101-DA43-4E7A-8ED6-5D2BA89E8D83"}],"bounds":{"lowerRight":{"x":314.78125,"y":178},"upperLeft":{"x":265.21875,"y":178}},"dockers":[{"x":50,"y":40},{"x":50,"y":40}],"target":{"resourceId":"sid-4AAEA101-DA43-4E7A-8ED6-5D2BA89E8D83"}},{"resourceId":"sid-C532F935-0075-4288-9DAA-C757E2D7A298","properties":{"overrideid":"sid-C532F935-0075-4288-9DAA-C757E2D7A298","name":"","documentation":"","executionlisteners":{"executionListeners":[]},"asynchronousdefinition":false,"exclusivedefinition":false},"stencil":{"id":"EndNoneEvent"},"childShapes":[],"outgoing":[],"bounds":{"lowerRight":{"x":643,"y":192},"upperLeft":{"x":615,"y":164}},"dockers":[]},{"resourceId":"sid-FF2B3494-B8AA-4506-A3E2-7840C8F53FFC","properties":{"overrideid":"sid-FF2B3494-B8AA-4506-A3E2-7840C8F53FFC","name":"Review Data","documentation":"","asynchronousdefinition":false,"exclusivedefinition":false,"executionlisteners":{"executionListeners":[]},"multiinstance_type":"None","multiinstance_cardinality":"","multiinstance_collection":"","multiinstance_variable":"","multiinstance_condition":"","isforcompensation":false,"usertasksendemail":true,"usertaskassignment":{"assignment":{"type":"idm","idm":{"type":"initiator"}}},"formkeydefinition":"","formreference":{"id":4006,"name":"Review All Information","referenceId":4008},"fieldstovariables":"","duedatedefinition":"","prioritydefinition":"","categorydefinition":"","formproperties":"","tasklisteners":{"taskListeners":[]},"emailtemplate":""},"stencil":{"id":"UserTask"},"childShapes":[],"outgoing":[{"resourceId":"sid-D77A8C84-3B83-4195-86E3-0B5F94815B89"}],"bounds":{"lowerRight":{"x":560,"y":218},"upperLeft":{"x":460,"y":138}},"dockers":[]},{"resourceId":"sid-B191434B-63E5-4188-8295-AE1561D1903E","properties":{"overrideid":"sid-B191434B-63E5-4188-8295-AE1561D1903E","name":"","documentation":"","conditionsequenceflow":"","executionlisteners":{"executionListeners":[]},"defaultflow":"false"},"stencil":{"id":"SequenceFlow"},"childShapes":[],"outgoing":[{"resourceId":"sid-FF2B3494-B8AA-4506-A3E2-7840C8F53FFC"}],"bounds":{"lowerRight":{"x":459.15625,"y":178},"upperLeft":{"x":415.84375,"y":178}},"dockers":[{"x":50,"y":40},{"x":50,"y":40}],"target":{"resourceId":"sid-FF2B3494-B8AA-4506-A3E2-7840C8F53FFC"}},{"resourceId":"sid-D77A8C84-3B83-4195-86E3-0B5F94815B89","properties":{"overrideid":"sid-D77A8C84-3B83-4195-86E3-0B5F94815B89","name":"","documentation":"","conditionsequenceflow":"","executionlisteners":{"executionListeners":[]},"defaultflow":"false"},"stencil":{"id":"SequenceFlow"},"childShapes":[],"outgoing":[{"resourceId":"sid-C532F935-0075-4288-9DAA-C757E2D7A298"}],"bounds":{"lowerRight":{"x":614.984375,"y":178},"upperLeft":{"x":560.2734375,"y":178}},"dockers":[{"x":50,"y":40},{"x":14,"y":14}],"target":{"resourceId":"sid-C532F935-0075-4288-9DAA-C757E2D7A298"}}],"bounds":{"lowerRight":{"x":1200,"y":1050},"upperLeft":{"x":0,"y":0}},"stencilset":{"url":"stencilsets/bpmn2.0/bpmn2.0.json","namespace":"http://b3mn.org/stencilset/bpmn2.0#"},"ssextensions":[]}