{"resourceId":117,"properties":{"process_id":"SelectMultipleValues","name":"Select Multiple Values","documentation":"","process_author":"","process_version":"","process_namespace":"http://www.activiti.org/processdef","executionlisteners":"","eventlisteners":"","signaldefinitions":"","messagedefinitions":"","executionvariables":"[{\"variableName\":\"collection\",\"variableType\":\"string\",\"$$hashKey\":\"uiGrid-003H\"}]","metadata":""},"stencil":{"id":"BPMNDiagram"},"childShapes":[{"resourceId":"startEvent1","properties":{"overrideid":"","name":"Start","documentation":"","executionlisteners":"","initiator":"","formkeydefinition":"","formreference":"","fieldstovariables":"","formproperties":""},"stencil":{"id":"StartNoneEvent"},"childShapes":[],"outgoing":[{"resourceId":"sid-1CF7B9D3-8535-4D4A-904F-8A684D841E24"}],"bounds":{"lowerRight":{"x":130,"y":193},"upperLeft":{"x":100,"y":163}},"dockers":[]},{"resourceId":"sid-842B7772-7106-46B1-A37D-5D329F1739DF","properties":{"overrideid":"","name":"Display Values","documentation":"","asynchronousdefinition":"false","exclusivedefinition":"false","executionlisteners":"","multiinstance_type":"None","multiinstance_cardinality":"","multiinstance_collection":"","multiinstance_variable":"","multiinstance_condition":"","isforcompensation":"false","usertasksendemail":true,"usertaskassignment":"","formkeydefinition":"","formreference":{"id":119,"name":"Display Selected Values","referenceId":117},"fieldstovariables":"","duedatedefinition":"","prioritydefinition":"","categorydefinition":"","formproperties":"","tasklisteners":"","emailtemplate":""},"stencil":{"id":"UserTask"},"childShapes":[],"outgoing":[{"resourceId":"sid-B9C29AB8-036C-48A7-8E8F-A6E5418DEACE"}],"bounds":{"lowerRight":{"x":655.0000000000001,"y":218.00000000000009},"upperLeft":{"x":555.0000000000001,"y":138.00000000000009}},"dockers":[]},{"resourceId":"sid-FF1051CD-CE82-4198-96B5-0CC5DB45B218","properties":{"overrideid":"","name":"End","documentation":"","executionlisteners":""},"stencil":{"id":"EndNoneEvent"},"childShapes":[],"outgoing":[],"bounds":{"lowerRight":{"x":728.0000000000001,"y":192.00000000000009},"upperLeft":{"x":700.0000000000001,"y":164.00000000000009}},"dockers":[]},{"resourceId":"sid-B9C29AB8-036C-48A7-8E8F-A6E5418DEACE","properties":{"overrideid":"","name":"","documentation":"","conditionsequenceflow":"","executionlisteners":"","defaultflow":"false"},"stencil":{"id":"SequenceFlow"},"childShapes":[],"outgoing":[{"resourceId":"sid-FF1051CD-CE82-4198-96B5-0CC5DB45B218"}],"bounds":{"lowerRight":{"x":699.3750000000001,"y":178.00000000000009},"upperLeft":{"x":655.3906250000001,"y":178.00000000000009}},"dockers":[{"x":50,"y":40},{"x":13.999999999999998,"y":14}],"target":{"resourceId":"sid-FF1051CD-CE82-4198-96B5-0CC5DB45B218"}},{"resourceId":"sid-DC9558A4-6558-4800-8043-C0CA94D996EE","properties":{"overrideid":"","name":"Display Multi List","documentation":"","asynchronousdefinition":"false","exclusivedefinition":"false","executionlisteners":"","multiinstance_type":"None","multiinstance_cardinality":"","multiinstance_collection":"","multiinstance_variable":"","multiinstance_condition":"","isforcompensation":"false","usertasksendemail":true,"usertaskassignment":"","formkeydefinition":"","formreference":{"id":118,"name":"Show Values","referenceId":117,"variablesmapping":[]},"fieldstovariables":"","duedatedefinition":"","prioritydefinition":"","categorydefinition":"","formproperties":"","tasklisteners":"","emailtemplate":""},"stencil":{"id":"UserTask"},"childShapes":[],"outgoing":[{"resourceId":"sid-E32901BF-3F35-4B5F-A3D6-044572212E3B"}],"bounds":{"lowerRight":{"x":490,"y":218.0000000000001},"upperLeft":{"x":390.00000000000006,"y":138.0000000000001}},"dockers":[]},{"resourceId":"sid-E32901BF-3F35-4B5F-A3D6-044572212E3B","properties":{"overrideid":"","name":"","documentation":"","conditionsequenceflow":"","executionlisteners":"","defaultflow":"false"},"stencil":{"id":"SequenceFlow"},"childShapes":[],"outgoing":[{"resourceId":"sid-842B7772-7106-46B1-A37D-5D329F1739DF"}],"bounds":{"lowerRight":{"x":554.37109375,"y":178.0000000000001},"upperLeft":{"x":490.62890625,"y":178.0000000000001}},"dockers":[{"x":49.99999999999997,"y":40},{"x":50,"y":40}],"target":{"resourceId":"sid-842B7772-7106-46B1-A37D-5D329F1739DF"}},{"resourceId":"sid-1CF7B9D3-8535-4D4A-904F-8A684D841E24","properties":{"overrideid":"","name":"","documentation":"","conditionsequenceflow":"","executionlisteners":"","defaultflow":"false"},"stencil":{"id":"SequenceFlow"},"childShapes":[],"outgoing":[{"resourceId":"sid-0D877FBD-2D0D-4DE4-8E85-6F1C8A6D4FC2"}],"bounds":{"lowerRight":{"x":209.15625,"y":178.0000000000001},"upperLeft":{"x":130.7265625,"y":178}},"dockers":[{"x":15,"y":15},{"x":49.999999999999986,"y":40}],"target":{"resourceId":"sid-0D877FBD-2D0D-4DE4-8E85-6F1C8A6D4FC2"}},{"resourceId":"sid-CC41A889-509A-4440-9E86-2FBACC99D2AC","properties":{"overrideid":"","name":"","documentation":"","conditionsequenceflow":"","executionlisteners":"","defaultflow":"false"},"stencil":{"id":"SequenceFlow"},"childShapes":[],"outgoing":[{"resourceId":"sid-DC9558A4-6558-4800-8043-C0CA94D996EE"}],"bounds":{"lowerRight":{"x":389.78125,"y":178.0000000000001},"upperLeft":{"x":310.21875,"y":178.0000000000001}},"dockers":[{"x":49.99999999999999,"y":40},{"x":49.99999999999997,"y":40}],"target":{"resourceId":"sid-DC9558A4-6558-4800-8043-C0CA94D996EE"}},{"resourceId":"sid-0D877FBD-2D0D-4DE4-8E85-6F1C8A6D4FC2","properties":{"scriptformat":"groovy","scripttext":"//Convert your object to JSON and pass the JSON to the Multi-Select control\n\nvar jsonArray = '[{\"id\":1,\"name\":\"Audi\", \"label\":\"Audi-Label\"}, {\"id\":2, \"name\":\"BMW\", \"label\":\"BMW-Label\"}, {\"id\":3, \"name\":\"Honda\", \"label\":\"Honda-Label\"}]';\nexecution.setVariable(\"collection\", jsonArray);","executionvariables":"","overrideid":"","name":"Init","documentation":"","asynchronousdefinition":"false","exclusivedefinition":"false","executionlisteners":"","multiinstance_type":"None","multiinstance_cardinality":"","multiinstance_collection":"","multiinstance_variable":"","multiinstance_condition":"","isforcompensation":"false","type":"http://b3mn.org/stencilset/bpmn2.0#UserTask","usertasksendemail":true,"usertaskassignment":"","formkeydefinition":"","formreference":"","fieldstovariables":"","duedatedefinition":"","prioritydefinition":"","categorydefinition":"","formproperties":"","tasklisteners":"","emailtemplate":""},"stencil":{"id":"ScriptTask"},"childShapes":[],"outgoing":[{"resourceId":"sid-CC41A889-509A-4440-9E86-2FBACC99D2AC"}],"bounds":{"lowerRight":{"x":310,"y":218.00000000000014},"upperLeft":{"x":210.00000000000003,"y":138.00000000000014}},"dockers":[]}],"bounds":{"lowerRight":{"x":1200,"y":1050},"upperLeft":{"x":0,"y":0}},"stencilset":{"url":"stencilsets/bpmn2.0/bpmn2.0.json","namespace":"http://b3mn.org/stencilset/bpmn2.0#"},"ssextensions":[]}