<?xml version='1.0' encoding='UTF-8'?>
<bpmn2:definitions xmlns="http://www.omg.org/spec/BPMN/20100524/MODEL" xmlns:bpmn2="http://www.omg.org/spec/BPMN/20100524/MODEL" xmlns:xsi="http://www.w3.org/2001/XMLSchema-instance" xmlns:xsd="http://www.w3.org/2001/XMLSchema" xmlns:activiti="http://activiti.org/bpmn" xmlns:bpmndi="http://www.omg.org/spec/BPMN/20100524/DI" xmlns:omgdc="http://www.omg.org/spec/DD/20100524/DC" xmlns:omgdi="http://www.omg.org/spec/DD/20100524/DI" typeLanguage="http://www.w3.org/2001/XMLSchema" expressionLanguage="http://www.w3.org/1999/XPath" targetNamespace="http://www.activiti.org/processdef" xmlns:modeler="http://activiti.com/modeler" modeler:version="1.0en" modeler:exportDateTime="20220307052637076" modeler:modelId="117" modeler:modelVersion="31" modeler:modelLastUpdated="1646630752817">
  <bpmn2:process id="SelectMultipleValues" name="Select Multiple Values" isExecutable="true">
    <extensionElements>
      <modeler:executionvariables xmlns:modeler="http://activiti.com/modeler" modeler:variableName="collection" modeler:variableType="string"/>
    </extensionElements>
    <bpmn2:startEvent id="startEvent1" name="Start">
      <extensionElements>
        <modeler:editor-resource-id><![CDATA[startEvent1]]></modeler:editor-resource-id>
      </extensionElements>
      <bpmn2:outgoing>sid-1CF7B9D3-8535-4D4A-904F-8A684D841E24</bpmn2:outgoing>
    </bpmn2:startEvent>
    <bpmn2:userTask id="sid-842B7772-7106-46B1-A37D-5D329F1739DF" name="Display Values" activiti:assignee="$INITIATOR" activiti:formKey="119">
      <extensionElements>
        <modeler:allow-send-email><![CDATA[true]]></modeler:allow-send-email>
        <modeler:form-reference-id><![CDATA[119]]></modeler:form-reference-id>
        <modeler:form-reference-name><![CDATA[Display Selected Values]]></modeler:form-reference-name>
        <modeler:activiti-idm-initiator><![CDATA[true]]></modeler:activiti-idm-initiator>
        <modeler:editor-resource-id><![CDATA[sid-842B7772-7106-46B1-A37D-5D329F1739DF]]></modeler:editor-resource-id>
      </extensionElements>
      <bpmn2:incoming>sid-E32901BF-3F35-4B5F-A3D6-044572212E3B</bpmn2:incoming>
      <bpmn2:outgoing>sid-B9C29AB8-036C-48A7-8E8F-A6E5418DEACE</bpmn2:outgoing>
    </bpmn2:userTask>
    <bpmn2:endEvent id="sid-FF1051CD-CE82-4198-96B5-0CC5DB45B218" name="End">
      <extensionElements>
        <modeler:editor-resource-id><![CDATA[sid-FF1051CD-CE82-4198-96B5-0CC5DB45B218]]></modeler:editor-resource-id>
      </extensionElements>
      <bpmn2:incoming>sid-B9C29AB8-036C-48A7-8E8F-A6E5418DEACE</bpmn2:incoming>
    </bpmn2:endEvent>
    <bpmn2:sequenceFlow id="sid-B9C29AB8-036C-48A7-8E8F-A6E5418DEACE" sourceRef="sid-842B7772-7106-46B1-A37D-5D329F1739DF" targetRef="sid-FF1051CD-CE82-4198-96B5-0CC5DB45B218">
      <extensionElements>
        <modeler:editor-resource-id><![CDATA[sid-B9C29AB8-036C-48A7-8E8F-A6E5418DEACE]]></modeler:editor-resource-id>
      </extensionElements>
    </bpmn2:sequenceFlow>
    <bpmn2:userTask id="sid-DC9558A4-6558-4800-8043-C0CA94D996EE" name="Select Multi List Values" activiti:assignee="$INITIATOR" activiti:formKey="118">
      <extensionElements>
        <modeler:allow-send-email><![CDATA[true]]></modeler:allow-send-email>
        <modeler:form-reference-id><![CDATA[118]]></modeler:form-reference-id>
        <modeler:form-reference-name><![CDATA[Show Values]]></modeler:form-reference-name>
        <modeler:activiti-idm-initiator><![CDATA[true]]></modeler:activiti-idm-initiator>
        <modeler:editor-resource-id><![CDATA[sid-DC9558A4-6558-4800-8043-C0CA94D996EE]]></modeler:editor-resource-id>
      </extensionElements>
      <bpmn2:incoming>sid-CC41A889-509A-4440-9E86-2FBACC99D2AC</bpmn2:incoming>
      <bpmn2:outgoing>sid-E32901BF-3F35-4B5F-A3D6-044572212E3B</bpmn2:outgoing>
    </bpmn2:userTask>
    <bpmn2:sequenceFlow id="sid-E32901BF-3F35-4B5F-A3D6-044572212E3B" sourceRef="sid-DC9558A4-6558-4800-8043-C0CA94D996EE" targetRef="sid-842B7772-7106-46B1-A37D-5D329F1739DF">
      <extensionElements>
        <modeler:editor-resource-id><![CDATA[sid-E32901BF-3F35-4B5F-A3D6-044572212E3B]]></modeler:editor-resource-id>
      </extensionElements>
    </bpmn2:sequenceFlow>
    <bpmn2:sequenceFlow id="sid-1CF7B9D3-8535-4D4A-904F-8A684D841E24" sourceRef="startEvent1" targetRef="sid-0D877FBD-2D0D-4DE4-8E85-6F1C8A6D4FC2">
      <extensionElements>
        <modeler:editor-resource-id><![CDATA[sid-1CF7B9D3-8535-4D4A-904F-8A684D841E24]]></modeler:editor-resource-id>
      </extensionElements>
    </bpmn2:sequenceFlow>
    <bpmn2:sequenceFlow id="sid-CC41A889-509A-4440-9E86-2FBACC99D2AC" sourceRef="sid-0D877FBD-2D0D-4DE4-8E85-6F1C8A6D4FC2" targetRef="sid-DC9558A4-6558-4800-8043-C0CA94D996EE">
      <extensionElements>
        <modeler:editor-resource-id><![CDATA[sid-CC41A889-509A-4440-9E86-2FBACC99D2AC]]></modeler:editor-resource-id>
      </extensionElements>
    </bpmn2:sequenceFlow>
    <bpmn2:scriptTask id="sid-0D877FBD-2D0D-4DE4-8E85-6F1C8A6D4FC2" name="Init" scriptFormat="groovy" activiti:autoStoreVariables="false">
      <extensionElements>
        <modeler:editor-resource-id><![CDATA[sid-0D877FBD-2D0D-4DE4-8E85-6F1C8A6D4FC2]]></modeler:editor-resource-id>
      </extensionElements>
      <bpmn2:incoming>sid-1CF7B9D3-8535-4D4A-904F-8A684D841E24</bpmn2:incoming>
      <bpmn2:outgoing>sid-CC41A889-509A-4440-9E86-2FBACC99D2AC</bpmn2:outgoing>
      <script><![CDATA[//Convert your object to JSON and pass the JSON to the Multi-Select control

var jsonArray = '[{"id":1,"name":"Audi", "label":"Audi-Label"}, {"id":2, "name":"BMW", "label":"BMW-Label"}, {"id":3, "name":"Honda", "label":"Honda-Label"}]';
execution.setVariable("collection", jsonArray);]]></script>
    </bpmn2:scriptTask>
  </bpmn2:process>
  <bpmndi:BPMNDiagram id="BPMNDiagram_SelectMultipleValues">
    <bpmndi:BPMNPlane bpmnElement="SelectMultipleValues" id="BPMNPlane_SelectMultipleValues">
      <bpmndi:BPMNShape bpmnElement="startEvent1" id="BPMNShape_startEvent1">
        <omgdc:Bounds height="30.0" width="30.0" x="100.0" y="163.0"/>
      </bpmndi:BPMNShape>
      <bpmndi:BPMNShape bpmnElement="sid-842B7772-7106-46B1-A37D-5D329F1739DF" id="BPMNShape_sid-842B7772-7106-46B1-A37D-5D329F1739DF">
        <omgdc:Bounds height="80.0" width="100.0" x="555.0000000000001" y="138.00000000000009"/>
      </bpmndi:BPMNShape>
      <bpmndi:BPMNShape bpmnElement="sid-FF1051CD-CE82-4198-96B5-0CC5DB45B218" id="BPMNShape_sid-FF1051CD-CE82-4198-96B5-0CC5DB45B218">
        <omgdc:Bounds height="28.0" width="28.0" x="700.0000000000001" y="164.00000000000009"/>
      </bpmndi:BPMNShape>
      <bpmndi:BPMNShape bpmnElement="sid-DC9558A4-6558-4800-8043-C0CA94D996EE" id="BPMNShape_sid-DC9558A4-6558-4800-8043-C0CA94D996EE">
        <omgdc:Bounds height="80.0" width="99.99999999999994" x="390.00000000000006" y="138.00000000000017"/>
      </bpmndi:BPMNShape>
      <bpmndi:BPMNShape bpmnElement="sid-0D877FBD-2D0D-4DE4-8E85-6F1C8A6D4FC2" id="BPMNShape_sid-0D877FBD-2D0D-4DE4-8E85-6F1C8A6D4FC2">
        <omgdc:Bounds height="80.0" width="99.99999999999997" x="210.00000000000003" y="138.00000000000014"/>
      </bpmndi:BPMNShape>
      <bpmndi:BPMNEdge bpmnElement="sid-B9C29AB8-036C-48A7-8E8F-A6E5418DEACE" id="BPMNEdge_sid-B9C29AB8-036C-48A7-8E8F-A6E5418DEACE">
        <omgdi:waypoint x="655.0000000000001" y="178.00000000000009"/>
        <omgdi:waypoint x="700.0000000000001" y="178.00000000000009"/>
      </bpmndi:BPMNEdge>
      <bpmndi:BPMNEdge bpmnElement="sid-E32901BF-3F35-4B5F-A3D6-044572212E3B" id="BPMNEdge_sid-E32901BF-3F35-4B5F-A3D6-044572212E3B">
        <omgdi:waypoint x="490.0" y="178.00000000000014"/>
        <omgdi:waypoint x="555.0000000000001" y="178.0000000000001"/>
      </bpmndi:BPMNEdge>
      <bpmndi:BPMNEdge bpmnElement="sid-1CF7B9D3-8535-4D4A-904F-8A684D841E24" id="BPMNEdge_sid-1CF7B9D3-8535-4D4A-904F-8A684D841E24">
        <omgdi:waypoint x="130.0" y="178.0"/>
        <omgdi:waypoint x="210.00000000000003" y="178.00000000000009"/>
      </bpmndi:BPMNEdge>
      <bpmndi:BPMNEdge bpmnElement="sid-CC41A889-509A-4440-9E86-2FBACC99D2AC" id="BPMNEdge_sid-CC41A889-509A-4440-9E86-2FBACC99D2AC">
        <omgdi:waypoint x="310.0" y="178.00000000000014"/>
        <omgdi:waypoint x="390.00000000000006" y="178.00000000000017"/>
      </bpmndi:BPMNEdge>
    </bpmndi:BPMNPlane>
  </bpmndi:BPMNDiagram>
</bpmn2:definitions>