{"name":"Launch Process By Start Signal Event","description":"","definition":{"models":[{"id":7010,"name":"Enrollment Process","version":6,"modelType":0,"description":"","stencilSetId":0,"createdByFullName":"Demo User","createdBy":2,"lastUpdatedByFullName":"Demo User","lastUpdatedBy":2,"lastUpdated":"2019-12-19T03:55:44.944+0000"},{"id":7012,"name":"Launcher Process","version":6,"modelType":0,"description":"","stencilSetId":0,"createdByFullName":"Demo User","createdBy":2,"lastUpdatedByFullName":"Demo User","lastUpdatedBy":2,"lastUpdated":"2019-12-19T03:55:44.952+0000"}],"theme":"theme-1","icon":"glyphicon-asterisk","publishIdentityInfo":[]}}