{"referenceId":6006,"name":"Display Data","description":"","editorJson":{"tabs":[],"fields":[{"fieldType":"ContainerRepresentation","id":"1576257035543","name":"Label","type":"container","value":null,"required":false,"readOnly":false,"overrideId":false,"colspan":1,"placeholder":null,"minLength":0,"maxLength":0,"minValue":null,"maxValue":null,"regexPattern":null,"optionType":null,"hasEmptyValue":null,"options":null,"restUrl":null,"restResponsePath":null,"restIdProperty":null,"restLabelProperty":null,"tab":null,"className":null,"dateDisplayFormat":null,"layout":null,"sizeX":2,"sizeY":1,"row":-1,"col":-1,"visibilityCondition":null,"numberOfColumns":1,"fields":{"1":[{"fieldType":"FormFieldRepresentation","id":"userwhosubmittedthisrequest","name":"User who submitted this request:","type":"readonly","value":null,"required":false,"readOnly":false,"overrideId":false,"colspan":1,"placeholder":null,"minLength":0,"maxLength":0,"minValue":null,"maxValue":null,"regexPattern":null,"optionType":null,"hasEmptyValue":null,"options":null,"restUrl":null,"restResponsePath":null,"restIdProperty":null,"restLabelProperty":null,"tab":null,"className":null,"params":{"existingColspan":1,"maxColspan":1,"field":{"id":"requestSubmitter","name":"requestSubmitter","type":"string","responseVariable":true}},"dateDisplayFormat":null,"layout":{"row":-1,"column":-1,"colspan":1},"sizeX":1,"sizeY":1,"row":-1,"col":-1,"visibilityCondition":null},{"fieldType":"FormFieldRepresentation","id":"nameofsubmittedtask","name":"Name of submitted task","type":"readonly","value":null,"required":false,"readOnly":false,"overrideId":false,"colspan":1,"placeholder":null,"minLength":0,"maxLength":0,"minValue":null,"maxValue":null,"regexPattern":null,"optionType":null,"hasEmptyValue":null,"options":null,"restUrl":null,"restResponsePath":null,"restIdProperty":null,"restLabelProperty":null,"tab":null,"className":null,"params":{"existingColspan":1,"maxColspan":1,"field":{"id":"submittedTaskName","name":"submittedTaskName","type":"string","responseVariable":true}},"dateDisplayFormat":null,"layout":{"row":-1,"column":-1,"colspan":1},"sizeX":1,"sizeY":1,"row":-1,"col":-1,"visibilityCondition":null}]}}],"outcomes":[],"javascriptEvents":[],"className":"","style":"","customFieldTemplates":{},"metadata":{},"variables":[],"customFieldsValueInfo":{},"gridsterForm":false}}