<?xml version='1.0' encoding='UTF-8'?>
<definitions xmlns="http://www.omg.org/spec/BPMN/20100524/MODEL" xmlns:xsi="http://www.w3.org/2001/XMLSchema-instance" xmlns:xsd="http://www.w3.org/2001/XMLSchema" xmlns:activiti="http://activiti.org/bpmn" xmlns:bpmndi="http://www.omg.org/spec/BPMN/20100524/DI" xmlns:omgdc="http://www.omg.org/spec/DD/20100524/DC" xmlns:omgdi="http://www.omg.org/spec/DD/20100524/DI" typeLanguage="http://www.w3.org/2001/XMLSchema" expressionLanguage="http://www.w3.org/1999/XPath" targetNamespace="http://www.activiti.org/processdef" xmlns:modeler="http://activiti.com/modeler" modeler:version="1.0en" modeler:exportDateTime="20200623185626343" modeler:modelId="2006" modeler:modelVersion="2" modeler:modelLastUpdated="1592938408375">
  <process id="GenerateDocwithSignature" name="Generate Doc with Signature" isExecutable="true">
    <extensionElements>
      <modeler:executionvariables xmlns:modeler="http://activiti.com/modeler" modeler:variableName="sign" modeler:variableType="string"/>
      <modeler:executionvariables xmlns:modeler="http://activiti.com/modeler" modeler:variableName="sign_data" modeler:variableType="string"/>
    </extensionElements>
    <startEvent id="startEvent1" name="Start" activiti:formKey="2002">
      <extensionElements>
        <modeler:form-reference-id><![CDATA[2002]]></modeler:form-reference-id>
        <modeler:form-reference-name><![CDATA[Signature Form]]></modeler:form-reference-name>
        <modeler:editor-resource-id><![CDATA[startEvent1]]></modeler:editor-resource-id>
      </extensionElements>
    </startEvent>
    <sequenceFlow id="sid-62FDB7B1-6B58-4968-88CD-23D327591FC5" sourceRef="startEvent1" targetRef="sid-345D60F5-B523-4B4A-AAA8-249B57B3CF7C">
      <extensionElements>
        <modeler:editor-resource-id><![CDATA[sid-62FDB7B1-6B58-4968-88CD-23D327591FC5]]></modeler:editor-resource-id>
      </extensionElements>
    </sequenceFlow>
    <sequenceFlow id="sid-DFDCF407-769B-4B35-B845-C41AFAAE9751" sourceRef="sid-345D60F5-B523-4B4A-AAA8-249B57B3CF7C" targetRef="sid-9ED088AD-F28B-49E4-A653-CED1A0B80C59">
      <extensionElements>
        <modeler:editor-resource-id><![CDATA[sid-DFDCF407-769B-4B35-B845-C41AFAAE9751]]></modeler:editor-resource-id>
      </extensionElements>
    </sequenceFlow>
    <endEvent id="sid-F7AB2066-75FF-4BC2-A901-F672972F59E0" name="End">
      <extensionElements>
        <modeler:editor-resource-id><![CDATA[sid-F7AB2066-75FF-4BC2-A901-F672972F59E0]]></modeler:editor-resource-id>
      </extensionElements>
    </endEvent>
    <scriptTask id="sid-345D60F5-B523-4B4A-AAA8-249B57B3CF7C" name="Extract Signature" scriptFormat="groovy" activiti:autoStoreVariables="false">
      <extensionElements>
        <modeler:editor-resource-id><![CDATA[sid-345D60F5-B523-4B4A-AAA8-249B57B3CF7C]]></modeler:editor-resource-id>
      </extensionElements>
      <script><![CDATA[import java.util.Base64;

def sign = execution.getVariable('sign');
execution.setVariable('sign_data',Base64.getDecoder().decode(sign.substring(sign.indexOf('base64,') + 7 , sign.length())))]]></script>
    </scriptTask>
    <serviceTask id="sid-9ED088AD-F28B-49E4-A653-CED1A0B80C59" name="Generate Document from Form Data" activiti:async="true" activiti:delegateExpression="${activiti_generateDocumentDelegate}">
      <extensionElements>
        <activiti:field name="outputFormat">
          <activiti:string><![CDATA[pdf]]></activiti:string>
        </activiti:field>
        <activiti:field name="templateId">
          <activiti:string><![CDATA[6007]]></activiti:string>
        </activiti:field>
        <activiti:field name="templateName">
          <activiti:string><![CDATA[Generate-Doc-Template.docx]]></activiti:string>
        </activiti:field>
        <activiti:field name="fileName">
          <activiti:string><![CDATA[doc-with-sign]]></activiti:string>
        </activiti:field>
        <activiti:field name="variableName">
          <activiti:string><![CDATA[doc]]></activiti:string>
        </activiti:field>
        <modeler:executionvariables modeler:variableName="doc" modeler:variableType="document"/>
        <modeler:editor-resource-id><![CDATA[sid-9ED088AD-F28B-49E4-A653-CED1A0B80C59]]></modeler:editor-resource-id>
      </extensionElements>
    </serviceTask>
    <userTask id="sid-B7D949D6-FC54-4685-9649-85C3FA6187E2" name="Review Doc" activiti:assignee="$INITIATOR">
      <extensionElements>
        <modeler:allow-send-email><![CDATA[true]]></modeler:allow-send-email>
        <modeler:activiti-idm-initiator><![CDATA[true]]></modeler:activiti-idm-initiator>
        <modeler:initiator-can-complete><![CDATA[false]]></modeler:initiator-can-complete>
        <modeler:editor-resource-id><![CDATA[sid-B7D949D6-FC54-4685-9649-85C3FA6187E2]]></modeler:editor-resource-id>
      </extensionElements>
    </userTask>
    <sequenceFlow id="sid-30C5BDFC-5AA1-483F-A175-EA9F8AF6BDB5" sourceRef="sid-B7D949D6-FC54-4685-9649-85C3FA6187E2" targetRef="sid-F7AB2066-75FF-4BC2-A901-F672972F59E0">
      <extensionElements>
        <modeler:editor-resource-id><![CDATA[sid-30C5BDFC-5AA1-483F-A175-EA9F8AF6BDB5]]></modeler:editor-resource-id>
      </extensionElements>
    </sequenceFlow>
    <sequenceFlow id="sid-8D1EE08E-767F-4BB3-B121-C510E9B9203A" sourceRef="sid-9ED088AD-F28B-49E4-A653-CED1A0B80C59" targetRef="sid-B58CDFDF-91EC-4527-B96A-30F223FEB427">
      <extensionElements>
        <modeler:editor-resource-id><![CDATA[sid-8D1EE08E-767F-4BB3-B121-C510E9B9203A]]></modeler:editor-resource-id>
      </extensionElements>
    </sequenceFlow>
    <sequenceFlow id="sid-F77B271F-7191-44CC-AFC3-3FE53EB35BC1" sourceRef="sid-B58CDFDF-91EC-4527-B96A-30F223FEB427" targetRef="sid-B7D949D6-FC54-4685-9649-85C3FA6187E2">
      <extensionElements>
        <modeler:editor-resource-id><![CDATA[sid-F77B271F-7191-44CC-AFC3-3FE53EB35BC1]]></modeler:editor-resource-id>
      </extensionElements>
    </sequenceFlow>
    <serviceTask id="sid-B58CDFDF-91EC-4527-B96A-30F223FEB427" name="Upload Document to ECM" activiti:async="true" activiti:delegateExpression="${activiti_publishAlfrescoDelegate}">
      <extensionElements>
        <activiti:field name="contentSource">
          <activiti:string><![CDATA[process]]></activiti:string>
        </activiti:field>
        <activiti:field name="documentType">
          <activiti:string><![CDATA[cmis:document]]></activiti:string>
        </activiti:field>
        <activiti:field name="documentAspects">
          <activiti:string><![CDATA[[{"aspectName":"cm:titled"}]]]></activiti:string>
        </activiti:field>
        <activiti:field name="account">
          <activiti:string><![CDATA[alfresco-1-alfresco-1]]></activiti:string>
        </activiti:field>
        <activiti:field name="site">
          <activiti:string><![CDATA[demo]]></activiti:string>
        </activiti:field>
        <activiti:field name="publishAsType">
          <activiti:string><![CDATA[process_initiator]]></activiti:string>
        </activiti:field>
        <activiti:field name="path">
          <activiti:string><![CDATA[b6ef79e7-4d83-44ec-9c36-fc40cacda955]]></activiti:string>
        </activiti:field>
        <modeler:publish-task-type><![CDATA[alfresco]]></modeler:publish-task-type>
        <modeler:site_title><![CDATA[Demo]]></modeler:site_title>
        <modeler:path_title><![CDATA[documentLibrary > Test]]></modeler:path_title>
        <modeler:editor-resource-id><![CDATA[sid-B58CDFDF-91EC-4527-B96A-30F223FEB427]]></modeler:editor-resource-id>
      </extensionElements>
    </serviceTask>
  </process>
  <bpmndi:BPMNDiagram id="BPMNDiagram_GenerateDocwithSignature">
    <bpmndi:BPMNPlane bpmnElement="GenerateDocwithSignature" id="BPMNPlane_GenerateDocwithSignature">
      <bpmndi:BPMNShape bpmnElement="startEvent1" id="BPMNShape_startEvent1">
        <omgdc:Bounds height="30.0" width="30.0" x="155.0" y="160.0"/>
      </bpmndi:BPMNShape>
      <bpmndi:BPMNShape bpmnElement="sid-F7AB2066-75FF-4BC2-A901-F672972F59E0" id="BPMNShape_sid-F7AB2066-75FF-4BC2-A901-F672972F59E0">
        <omgdc:Bounds height="28.0" width="28.0" x="930.0" y="161.0"/>
      </bpmndi:BPMNShape>
      <bpmndi:BPMNShape bpmnElement="sid-345D60F5-B523-4B4A-AAA8-249B57B3CF7C" id="BPMNShape_sid-345D60F5-B523-4B4A-AAA8-249B57B3CF7C">
        <omgdc:Bounds height="80.0" width="100.0" x="260.0" y="135.0"/>
      </bpmndi:BPMNShape>
      <bpmndi:BPMNShape bpmnElement="sid-9ED088AD-F28B-49E4-A653-CED1A0B80C59" id="BPMNShape_sid-9ED088AD-F28B-49E4-A653-CED1A0B80C59">
        <omgdc:Bounds height="80.0" width="100.0" x="405.0" y="135.0"/>
      </bpmndi:BPMNShape>
      <bpmndi:BPMNShape bpmnElement="sid-B7D949D6-FC54-4685-9649-85C3FA6187E2" id="BPMNShape_sid-B7D949D6-FC54-4685-9649-85C3FA6187E2">
        <omgdc:Bounds height="80.0" width="100.0" x="755.0" y="135.0"/>
      </bpmndi:BPMNShape>
      <bpmndi:BPMNShape bpmnElement="sid-B58CDFDF-91EC-4527-B96A-30F223FEB427" id="BPMNShape_sid-B58CDFDF-91EC-4527-B96A-30F223FEB427">
        <omgdc:Bounds height="80.0" width="100.0" x="575.0" y="135.0"/>
      </bpmndi:BPMNShape>
      <bpmndi:BPMNEdge bpmnElement="sid-62FDB7B1-6B58-4968-88CD-23D327591FC5" id="BPMNEdge_sid-62FDB7B1-6B58-4968-88CD-23D327591FC5">
        <omgdi:waypoint x="185.0" y="175.0"/>
        <omgdi:waypoint x="260.0" y="175.0"/>
      </bpmndi:BPMNEdge>
      <bpmndi:BPMNEdge bpmnElement="sid-30C5BDFC-5AA1-483F-A175-EA9F8AF6BDB5" id="BPMNEdge_sid-30C5BDFC-5AA1-483F-A175-EA9F8AF6BDB5">
        <omgdi:waypoint x="855.0" y="175.0"/>
        <omgdi:waypoint x="930.0" y="175.0"/>
      </bpmndi:BPMNEdge>
      <bpmndi:BPMNEdge bpmnElement="sid-F77B271F-7191-44CC-AFC3-3FE53EB35BC1" id="BPMNEdge_sid-F77B271F-7191-44CC-AFC3-3FE53EB35BC1">
        <omgdi:waypoint x="675.0" y="175.0"/>
        <omgdi:waypoint x="755.0" y="175.0"/>
      </bpmndi:BPMNEdge>
      <bpmndi:BPMNEdge bpmnElement="sid-8D1EE08E-767F-4BB3-B121-C510E9B9203A" id="BPMNEdge_sid-8D1EE08E-767F-4BB3-B121-C510E9B9203A">
        <omgdi:waypoint x="505.0" y="175.0"/>
        <omgdi:waypoint x="575.0" y="175.0"/>
      </bpmndi:BPMNEdge>
      <bpmndi:BPMNEdge bpmnElement="sid-DFDCF407-769B-4B35-B845-C41AFAAE9751" id="BPMNEdge_sid-DFDCF407-769B-4B35-B845-C41AFAAE9751">
        <omgdi:waypoint x="360.0" y="175.0"/>
        <omgdi:waypoint x="405.0" y="175.0"/>
      </bpmndi:BPMNEdge>
    </bpmndi:BPMNPlane>
  </bpmndi:BPMNDiagram>
</definitions>