{"resourceId":2006,"properties":{"process_id":"GenerateDocwithSignature","name":"Generate Doc with Signature","documentation":"","process_author":"","process_version":"","process_namespace":"http://www.activiti.org/processdef","executionlisteners":"{\"executionListeners\":[]}","eventlisteners":"{\"eventListeners\":[]}","signaldefinitions":"[]","messagedefinitions":"[]","executionvariables":[{"variableName":"sign","variableType":"string","$$hashKey":"uiGrid-003B"},{"variableName":"sign_data","variableType":"string","$$hashKey":"uiGrid-003H"}],"metadata":""},"stencil":{"id":"BPMNDiagram"},"childShapes":[{"resourceId":"startEvent1","properties":{"overrideid":"startEvent1","name":"Start","documentation":"","executionlisteners":{"executionListeners":[]},"initiator":"","formkeydefinition":"","formreference":{"id":2002,"name":"Signature Form","referenceId":2006},"fieldstovariables":"","formproperties":"","asynchronousdefinition":false,"exclusivedefinition":false},"stencil":{"id":"StartNoneEvent"},"childShapes":[],"outgoing":[{"resourceId":"sid-62FDB7B1-6B58-4968-88CD-23D327591FC5"}],"bounds":{"lowerRight":{"x":185,"y":190},"upperLeft":{"x":155,"y":160}},"dockers":[]},{"resourceId":"sid-62FDB7B1-6B58-4968-88CD-23D327591FC5","properties":{"overrideid":"sid-62FDB7B1-6B58-4968-88CD-23D327591FC5","name":"","documentation":"","conditionsequenceflow":"","executionlisteners":{"executionListeners":[]},"defaultflow":"false"},"stencil":{"id":"SequenceFlow"},"childShapes":[],"outgoing":[{"resourceId":"sid-345D60F5-B523-4B4A-AAA8-249B57B3CF7C"}],"bounds":{"lowerRight":{"x":259.78125,"y":175},"upperLeft":{"x":185.21875,"y":175}},"dockers":[{"x":15,"y":15},{"x":50,"y":40}],"target":{"resourceId":"sid-345D60F5-B523-4B4A-AAA8-249B57B3CF7C"}},{"resourceId":"sid-DFDCF407-769B-4B35-B845-C41AFAAE9751","properties":{"overrideid":"sid-DFDCF407-769B-4B35-B845-C41AFAAE9751","name":"","documentation":"","conditionsequenceflow":"","executionlisteners":{"executionListeners":[]},"defaultflow":"false"},"stencil":{"id":"SequenceFlow"},"childShapes":[],"outgoing":[{"resourceId":"sid-9ED088AD-F28B-49E4-A653-CED1A0B80C59"}],"bounds":{"lowerRight":{"x":404.15625,"y":175},"upperLeft":{"x":360.84375,"y":175}},"dockers":[{"x":50,"y":40},{"x":50,"y":40}],"target":{"resourceId":"sid-9ED088AD-F28B-49E4-A653-CED1A0B80C59"}},{"resourceId":"sid-F7AB2066-75FF-4BC2-A901-F672972F59E0","properties":{"overrideid":"sid-F7AB2066-75FF-4BC2-A901-F672972F59E0","name":"End","documentation":"","executionlisteners":{"executionListeners":[]},"asynchronousdefinition":false,"exclusivedefinition":false},"stencil":{"id":"EndNoneEvent"},"childShapes":[],"outgoing":[],"bounds":{"lowerRight":{"x":958,"y":189},"upperLeft":{"x":930,"y":161}},"dockers":[]},{"resourceId":"sid-345D60F5-B523-4B4A-AAA8-249B57B3CF7C","properties":{"scriptformat":"groovy","scripttext":"import java.util.Base64;\n\ndef sign = execution.getVariable('sign');\nexecution.setVariable('sign_data',Base64.getDecoder().decode(sign.substring(sign.indexOf('base64,') + 7 , sign.length())))","executionvariables":"","overrideid":"sid-345D60F5-B523-4B4A-AAA8-249B57B3CF7C","name":"Extract Signature","documentation":"","asynchronousdefinition":false,"exclusivedefinition":false,"executionlisteners":{"executionListeners":[]},"multiinstance_type":"None","multiinstance_cardinality":"","multiinstance_collection":"","multiinstance_variable":"","multiinstance_condition":"","isforcompensation":false},"stencil":{"id":"ScriptTask"},"childShapes":[],"outgoing":[{"resourceId":"sid-DFDCF407-769B-4B35-B845-C41AFAAE9751"}],"bounds":{"lowerRight":{"x":360,"y":215},"upperLeft":{"x":260,"y":135}},"dockers":[]},{"resourceId":"sid-9ED088AD-F28B-49E4-A653-CED1A0B80C59","properties":{"overrideid":"sid-9ED088AD-F28B-49E4-A653-CED1A0B80C59","name":"Generate Document from Form Data","documentation":"","generatedocumenttemplate":{"id":6007,"name":"Generate-Doc-Template.docx"},"generatedocumenttaskoutputformat":"pdf","executionvariable_document":{"variableName":"doc","variableType":"document"},"generatedocumentfilename":"doc-with-sign","additionaldatasources_document":"","additionaldatasourcenames_document":"","executionlisteners":{"executionListeners":[]},"isforcompensation":false,"asynchronousdefinition":true,"exclusivedefinition":true},"stencil":{"id":"GenerateDocumentTask"},"childShapes":[],"outgoing":[{"resourceId":"sid-8D1EE08E-767F-4BB3-B121-C510E9B9203A"}],"bounds":{"lowerRight":{"x":505,"y":215},"upperLeft":{"x":405,"y":135}},"dockers":[]},{"resourceId":"sid-B7D949D6-FC54-4685-9649-85C3FA6187E2","properties":{"overrideid":"sid-B7D949D6-FC54-4685-9649-85C3FA6187E2","name":"Review Doc","documentation":"","asynchronousdefinition":false,"exclusivedefinition":false,"executionlisteners":{"executionListeners":[]},"multiinstance_type":"None","multiinstance_cardinality":"","multiinstance_collection":"","multiinstance_variable":"","multiinstance_condition":"","isforcompensation":false,"usertasksendemail":true,"usertaskassignment":{"assignment":{"type":"idm","idm":{"type":"initiator"},"initiatorCanCompleteTask":false}},"formkeydefinition":"","formreference":"","fieldstovariables":"","duedatedefinition":"","prioritydefinition":"","categorydefinition":"","formproperties":"","tasklisteners":{"taskListeners":[]},"emailtemplate":""},"stencil":{"id":"UserTask"},"childShapes":[],"outgoing":[{"resourceId":"sid-30C5BDFC-5AA1-483F-A175-EA9F8AF6BDB5"}],"bounds":{"lowerRight":{"x":855,"y":215},"upperLeft":{"x":755,"y":135}},"dockers":[]},{"resourceId":"sid-30C5BDFC-5AA1-483F-A175-EA9F8AF6BDB5","properties":{"overrideid":"sid-30C5BDFC-5AA1-483F-A175-EA9F8AF6BDB5","name":"","documentation":"","conditionsequenceflow":"","executionlisteners":{"executionListeners":[]},"defaultflow":"false"},"stencil":{"id":"SequenceFlow"},"childShapes":[],"outgoing":[{"resourceId":"sid-F7AB2066-75FF-4BC2-A901-F672972F59E0"}],"bounds":{"lowerRight":{"x":929.96875,"y":175},"upperLeft":{"x":855.953125,"y":175}},"dockers":[{"x":50,"y":40},{"x":14,"y":14}],"target":{"resourceId":"sid-F7AB2066-75FF-4BC2-A901-F672972F59E0"}},{"resourceId":"sid-8D1EE08E-767F-4BB3-B121-C510E9B9203A","properties":{"overrideid":"","name":"","documentation":"","conditionsequenceflow":"","executionlisteners":"","defaultflow":"false"},"stencil":{"id":"SequenceFlow"},"childShapes":[],"outgoing":[{"resourceId":"sid-B58CDFDF-91EC-4527-B96A-30F223FEB427"}],"bounds":{"lowerRight":{"x":574.859375,"y":175},"upperLeft":{"x":505.140625,"y":175}},"dockers":[{"x":50,"y":40},{"x":50,"y":40}],"target":{"resourceId":"sid-B58CDFDF-91EC-4527-B96A-30F223FEB427"}},{"resourceId":"sid-F77B271F-7191-44CC-AFC3-3FE53EB35BC1","properties":{"overrideid":"","name":"","documentation":"","conditionsequenceflow":"","executionlisteners":"","defaultflow":"false"},"stencil":{"id":"SequenceFlow"},"childShapes":[],"outgoing":[{"resourceId":"sid-B7D949D6-FC54-4685-9649-85C3FA6187E2"}],"bounds":{"lowerRight":{"x":754.78125,"y":175},"upperLeft":{"x":675.21875,"y":175}},"dockers":[{"x":50,"y":40},{"x":50,"y":40}],"target":{"resourceId":"sid-B7D949D6-FC54-4685-9649-85C3FA6187E2"}},{"resourceId":"sid-B58CDFDF-91EC-4527-B96A-30F223FEB427","properties":{"overrideid":"","name":"Upload Document to ECM","documentation":"","alfresco_cloud_content":{"source":"process","documentAspects":[{"aspectName":"cm:titled"}],"documentType":"cmis:document"},"alfresco_cloud_destination":{"account":"alfresco-1-alfresco-1","site":"demo","path":"b6ef79e7-4d83-44ec-9c36-fc40cacda955","path_title":"documentLibrary > Test","site_title":"Demo","publish_as_type":"process_initiator"},"type":"http://b3mn.org/stencilset/bpmn2.0#UserTask","asynchronousdefinition":"false","exclusivedefinition":"false","executionlisteners":"","multiinstance_type":"None","multiinstance_cardinality":"","multiinstance_collection":"","multiinstance_variable":"","multiinstance_condition":"","isforcompensation":"false","usertasksendemail":true,"usertaskassignment":"","formkeydefinition":"","formreference":"","fieldstovariables":"","duedatedefinition":"","prioritydefinition":"","categorydefinition":"","formproperties":"","tasklisteners":"","emailtemplate":""},"stencil":{"id":"PublishToAlfrescoCloudTask"},"childShapes":[],"outgoing":[{"resourceId":"sid-F77B271F-7191-44CC-AFC3-3FE53EB35BC1"}],"bounds":{"lowerRight":{"x":675,"y":215},"upperLeft":{"x":575,"y":135}},"dockers":[]}],"bounds":{"lowerRight":{"x":1200,"y":1050},"upperLeft":{"x":0,"y":0}},"stencilset":{"url":"stencilsets/bpmn2.0/bpmn2.0.json","namespace":"http://b3mn.org/stencilset/bpmn2.0#"},"ssextensions":[]}