{"resourceId":3037,"properties":{"process_id":"MultiUserProcess","name":"Multi User Process","documentation":"","process_author":"","process_version":"","process_namespace":"http://www.activiti.org/processdef","executionlisteners":"{\"executionListeners\":[]}","eventlisteners":"{\"eventListeners\":[]}","signaldefinitions":"[]","messagedefinitions":"[]","executionvariables":"","metadata":""},"stencil":{"id":"BPMNDiagram"},"childShapes":[{"resourceId":"startEvent1","properties":{"overrideid":"startEvent1","name":"","documentation":"","executionlisteners":{"executionListeners":[]},"initiator":"","formkeydefinition":"","formreference":{"id":3041,"name":"Select Multiple Reviewers Form","referenceId":3037,"variablesmapping":[]},"fieldstovariables":"","formproperties":"","asynchronousdefinition":false,"exclusivedefinition":false},"stencil":{"id":"StartNoneEvent"},"childShapes":[],"outgoing":[{"resourceId":"sid-EE4EA2D3-7FD3-4893-A233-A1A053FE2EC1"}],"bounds":{"lowerRight":{"x":90,"y":195.00000000000003},"upperLeft":{"x":60.00000000000001,"y":165.00000000000003}},"dockers":[]},{"resourceId":"sid-95DCE460-089F-4016-9B5C-13017ABBDB65","properties":{"overrideid":"sid-95DCE460-089F-4016-9B5C-13017ABBDB65","name":"Finalise","documentation":"","asynchronousdefinition":false,"exclusivedefinition":false,"executionlisteners":{"executionListeners":[]},"multiinstance_type":"None","multiinstance_cardinality":"","multiinstance_collection":"","multiinstance_variable":"","multiinstance_condition":"","isforcompensation":false,"usertasksendemail":true,"usertaskassignment":{"assignment":{"type":"idm","idm":{"type":"initiator"},"initiatorCanCompleteTask":false}},"formkeydefinition":"","formreference":{"id":3036,"name":"Show Users","referenceId":null,"variablesmapping":[{"mappedVariable":"label1","inProcessVariable":"selectedusers","outProcessVariable":"","inVariableType":"formField","typeOfMapping":"inputMap","outVariableType":"staticValue"}]},"fieldstovariables":"","duedatedefinition":"","prioritydefinition":"","categorydefinition":"","formproperties":"","tasklisteners":{"taskListeners":[]},"emailtemplate":""},"stencil":{"id":"UserTask"},"childShapes":[],"outgoing":[{"resourceId":"sid-E8B7C199-8317-4AEE-81E8-BCA3ABFC5710"}],"bounds":{"lowerRight":{"x":850.0000000000001,"y":215.00000000000003},"upperLeft":{"x":750.0000000000001,"y":135.00000000000003}},"dockers":[]},{"resourceId":"sid-298DA266-51BC-491E-B0D4-DD79FEC5AAA6","properties":{"overrideid":"sid-298DA266-51BC-491E-B0D4-DD79FEC5AAA6","name":"","documentation":"","executionlisteners":{"executionListeners":[]},"asynchronousdefinition":false,"exclusivedefinition":false},"stencil":{"id":"EndNoneEvent"},"childShapes":[],"outgoing":[],"bounds":{"lowerRight":{"x":973.0000000000001,"y":189.00000000000003},"upperLeft":{"x":945.0000000000001,"y":161.00000000000003}},"dockers":[]},{"resourceId":"sid-5A8E2D40-27EA-4EB5-98CA-642F5561AEA8","properties":{"scriptformat":"javascript","scripttext":"var users = execution.getVariable('selectmultiplereviewers');\r\nprint(\"users:\" + users);\r\n\r\nvar userObjects = JSON.parse(users);\r\nprint(\"userObjects:\" + userObjects);\r\n\r\nvar userIds = new java.util.ArrayList();\r\nfor each (var user in userObjects) {\r\n    print(\"user email: \" + user.email + \" -- user id: \" + user.id);\r\n    userIds.add(user.id);\r\n} \r\n\r\nprint(\">> userIds: \" + userIds);\r\n\r\nexecution.setVariable(\"collection\",userIds);","executionvariables":"","overrideid":"sid-5A8E2D40-27EA-4EB5-98CA-642F5561AEA8","name":"Get UserIDs","documentation":"","asynchronousdefinition":false,"exclusivedefinition":false,"executionlisteners":{"executionListeners":[]},"multiinstance_type":"None","multiinstance_cardinality":"","multiinstance_collection":"","multiinstance_variable":"","multiinstance_condition":"","isforcompensation":false},"stencil":{"id":"ScriptTask"},"childShapes":[],"outgoing":[{"resourceId":"sid-8064A4D4-F839-415D-9EC4-0693C04D4080"}],"bounds":{"lowerRight":{"x":265,"y":220},"upperLeft":{"x":165.00000000000003,"y":140.00000000000003}},"dockers":[]},{"resourceId":"sid-297F6B10-EA17-4DDF-99AC-05F2BC355750","properties":{"overrideid":"sid-297F6B10-EA17-4DDF-99AC-05F2BC355750","name":"","documentation":"","asynchronousdefinition":false,"exclusivedefinition":false,"executionlisteners":{"executionListeners":[]},"multiinstance_type":"Parallel","multiinstance_cardinality":"","multiinstance_collection":"${collection}","multiinstance_variable":"user","multiinstance_condition":"","istransaction":"false","activitytype":"Sub-Process","subprocesstype":"Embedded","isforcompensation":false},"stencil":{"id":"SubProcess"},"childShapes":[{"resourceId":"sid-A27161CF-F4DD-4659-A710-5CA5E1E1AD59","properties":{"overrideid":"sid-A27161CF-F4DD-4659-A710-5CA5E1E1AD59","name":"","documentation":"","executionlisteners":{"executionListeners":[]},"initiator":"","formkeydefinition":"","formreference":"","fieldstovariables":"","formproperties":"","asynchronousdefinition":false,"exclusivedefinition":false},"stencil":{"id":"StartNoneEvent"},"childShapes":[],"outgoing":[{"resourceId":"sid-DF1566B2-3A41-43D5-A118-F28F17A1C4D1"}],"bounds":{"lowerRight":{"x":60,"y":85},"upperLeft":{"x":30,"y":55}},"dockers":[]},{"resourceId":"sid-14B00B67-ADA6-480E-B996-6A5740A27497","properties":{"overrideid":"sid-14B00B67-ADA6-480E-B996-6A5740A27497","name":"Approve","documentation":"","asynchronousdefinition":false,"exclusivedefinition":false,"executionlisteners":{"executionListeners":[]},"multiinstance_type":"None","multiinstance_cardinality":"","multiinstance_collection":"","multiinstance_variable":"","multiinstance_condition":"","isforcompensation":false,"usertasksendemail":true,"usertaskassignment":{"assignment":{"type":"static","assignee":"${user}","initiatorCanCompleteTask":false}},"formkeydefinition":"","formreference":{"id":3045,"name":"Review Form","referenceId":3037},"fieldstovariables":"","duedatedefinition":"","prioritydefinition":"","categorydefinition":"","formproperties":"","tasklisteners":{"taskListeners":[]},"emailtemplate":""},"stencil":{"id":"UserTask"},"childShapes":[],"outgoing":[{"resourceId":"sid-0F68127F-DB1C-40CC-ADB7-189D1D1F5073"}],"bounds":{"lowerRight":{"x":205,"y":110},"upperLeft":{"x":105,"y":30}},"dockers":[]},{"resourceId":"sid-EA2C3BFC-B3BD-4654-B886-0705957F5B4D","properties":{"overrideid":"sid-EA2C3BFC-B3BD-4654-B886-0705957F5B4D","name":"","documentation":"","executionlisteners":{"executionListeners":[]},"asynchronousdefinition":false,"exclusivedefinition":false},"stencil":{"id":"EndNoneEvent"},"childShapes":[],"outgoing":[],"bounds":{"lowerRight":{"x":283,"y":84},"upperLeft":{"x":255,"y":56}},"dockers":[]}],"outgoing":[{"resourceId":"sid-B2725834-8DFD-43DD-8D6B-CF34132BC97E"}],"bounds":{"lowerRight":{"x":667,"y":255},"upperLeft":{"x":360.00000000000006,"y":105.00000000000001}},"dockers":[]},{"resourceId":"sid-DF1566B2-3A41-43D5-A118-F28F17A1C4D1","properties":{"overrideid":"sid-DF1566B2-3A41-43D5-A118-F28F17A1C4D1","name":"","documentation":"","conditionsequenceflow":"","executionlisteners":{"executionListeners":[]},"defaultflow":"false"},"stencil":{"id":"SequenceFlow"},"childShapes":[],"outgoing":[{"resourceId":"sid-14B00B67-ADA6-480E-B996-6A5740A27497"}],"bounds":{"lowerRight":{"x":464.15625,"y":175},"upperLeft":{"x":420.609375,"y":175}},"dockers":[{"x":15,"y":15},{"x":50,"y":40}],"target":{"resourceId":"sid-14B00B67-ADA6-480E-B996-6A5740A27497"}},{"resourceId":"sid-0F68127F-DB1C-40CC-ADB7-189D1D1F5073","properties":{"overrideid":"sid-0F68127F-DB1C-40CC-ADB7-189D1D1F5073","name":"","documentation":"","conditionsequenceflow":"","executionlisteners":{"executionListeners":[]},"defaultflow":"false"},"stencil":{"id":"SequenceFlow"},"childShapes":[],"outgoing":[{"resourceId":"sid-EA2C3BFC-B3BD-4654-B886-0705957F5B4D"}],"bounds":{"lowerRight":{"x":614.640625,"y":175},"upperLeft":{"x":565.875,"y":175}},"dockers":[{"x":50,"y":40},{"x":14,"y":14}],"target":{"resourceId":"sid-EA2C3BFC-B3BD-4654-B886-0705957F5B4D"}},{"resourceId":"sid-8064A4D4-F839-415D-9EC4-0693C04D4080","properties":{"overrideid":"sid-8064A4D4-F839-415D-9EC4-0693C04D4080","name":"","documentation":"","conditionsequenceflow":"","executionlisteners":{"executionListeners":[]},"defaultflow":"false"},"stencil":{"id":"SequenceFlow"},"childShapes":[],"outgoing":[{"resourceId":"sid-297F6B10-EA17-4DDF-99AC-05F2BC355750"}],"bounds":{"lowerRight":{"x":359.751953125,"y":180},"upperLeft":{"x":265.5556640625,"y":180}},"dockers":[{"x":49.999999999999986,"y":39.999999999999986},{"x":153.49999999999997,"y":75}],"target":{"resourceId":"sid-297F6B10-EA17-4DDF-99AC-05F2BC355750"}},{"resourceId":"sid-B2725834-8DFD-43DD-8D6B-CF34132BC97E","properties":{"overrideid":"sid-B2725834-8DFD-43DD-8D6B-CF34132BC97E","name":"","documentation":"","conditionsequenceflow":"","executionlisteners":{"executionListeners":[]},"defaultflow":"false"},"stencil":{"id":"SequenceFlow"},"childShapes":[],"outgoing":[{"resourceId":"sid-95DCE460-089F-4016-9B5C-13017ABBDB65"}],"bounds":{"lowerRight":{"x":749.757964751496,"y":177.30676940011338},"upperLeft":{"x":667.822113373504,"y":175.87682434988662}},"dockers":[{"x":153.49999999999997,"y":75},{"x":50,"y":40}],"target":{"resourceId":"sid-95DCE460-089F-4016-9B5C-13017ABBDB65"}},{"resourceId":"sid-E8B7C199-8317-4AEE-81E8-BCA3ABFC5710","properties":{"overrideid":"sid-E8B7C199-8317-4AEE-81E8-BCA3ABFC5710","name":"","documentation":"","conditionsequenceflow":"","executionlisteners":{"executionListeners":[]},"defaultflow":"false"},"stencil":{"id":"SequenceFlow"},"childShapes":[],"outgoing":[{"resourceId":"sid-298DA266-51BC-491E-B0D4-DD79FEC5AAA6"}],"bounds":{"lowerRight":{"x":944.3359375000001,"y":175.00000000000003},"upperLeft":{"x":850.6875000000001,"y":175.00000000000003}},"dockers":[{"x":50,"y":40},{"x":14,"y":14}],"target":{"resourceId":"sid-298DA266-51BC-491E-B0D4-DD79FEC5AAA6"}},{"resourceId":"sid-EE4EA2D3-7FD3-4893-A233-A1A053FE2EC1","properties":{"overrideid":"","name":"","documentation":"","conditionsequenceflow":"","executionlisteners":"","defaultflow":"false"},"stencil":{"id":"SequenceFlow"},"childShapes":[],"outgoing":[{"resourceId":"sid-5A8E2D40-27EA-4EB5-98CA-642F5561AEA8"}],"bounds":{"lowerRight":{"x":164.78125,"y":180},"upperLeft":{"x":90.21875,"y":180}},"dockers":[{"x":14.999999999999996,"y":15},{"x":49.999999999999986,"y":39.999999999999986}],"target":{"resourceId":"sid-5A8E2D40-27EA-4EB5-98CA-642F5561AEA8"}}],"bounds":{"lowerRight":{"x":1200,"y":1050},"upperLeft":{"x":0,"y":0}},"stencilset":{"url":"stencilsets/bpmn2.0/bpmn2.0.json","namespace":"http://b3mn.org/stencilset/bpmn2.0#"},"ssextensions":[]}