<?xml version='1.0' encoding='UTF-8'?>
<definitions xmlns="http://www.omg.org/spec/BPMN/20100524/MODEL" xmlns:xsi="http://www.w3.org/2001/XMLSchema-instance" xmlns:xsd="http://www.w3.org/2001/XMLSchema" xmlns:activiti="http://activiti.org/bpmn" xmlns:bpmndi="http://www.omg.org/spec/BPMN/20100524/DI" xmlns:omgdc="http://www.omg.org/spec/DD/20100524/DC" xmlns:omgdi="http://www.omg.org/spec/DD/20100524/DI" typeLanguage="http://www.w3.org/2001/XMLSchema" expressionLanguage="http://www.w3.org/1999/XPath" targetNamespace="http://www.activiti.org/processdef" xmlns:modeler="http://activiti.com/modeler" modeler:version="1.0en" modeler:exportDateTime="20210929145211654" modeler:modelId="3037" modeler:modelVersion="115" modeler:modelLastUpdated="1632926821091">
  <process id="MultiUserProcess" name="Multi User Process" isExecutable="true">
    <startEvent id="startEvent1" activiti:formKey="3041">
      <extensionElements>
        <modeler:form-reference-id><![CDATA[3041]]></modeler:form-reference-id>
        <modeler:form-reference-name><![CDATA[Select Multiple Reviewers Form]]></modeler:form-reference-name>
        <modeler:editor-resource-id><![CDATA[startEvent1]]></modeler:editor-resource-id>
      </extensionElements>
    </startEvent>
    <userTask id="sid-95DCE460-089F-4016-9B5C-13017ABBDB65" name="Finalise" activiti:assignee="$INITIATOR" activiti:formKey="3036">
      <extensionElements>
        <modeler:allow-send-email><![CDATA[true]]></modeler:allow-send-email>
        <modeler:form-reference-id><![CDATA[3036]]></modeler:form-reference-id>
        <modeler:form-reference-name><![CDATA[Show Users]]></modeler:form-reference-name>
        <modeler:activiti-idm-initiator><![CDATA[true]]></modeler:activiti-idm-initiator>
        <modeler:initiator-can-complete><![CDATA[false]]></modeler:initiator-can-complete>
        <modeler:variablesMapping>
          <modeler:mappedVariable><![CDATA[label1]]></modeler:mappedVariable>
          <modeler:inProcessVariable><![CDATA[selectedusers]]></modeler:inProcessVariable>
          <modeler:inVariableType><![CDATA[formField]]></modeler:inVariableType>
          <modeler:outVariableType><![CDATA[staticValue]]></modeler:outVariableType>
          <modeler:typeOfMapping><![CDATA[inputMap]]></modeler:typeOfMapping>
        </modeler:variablesMapping>
        <modeler:editor-resource-id><![CDATA[sid-95DCE460-089F-4016-9B5C-13017ABBDB65]]></modeler:editor-resource-id>
      </extensionElements>
    </userTask>
    <endEvent id="sid-298DA266-51BC-491E-B0D4-DD79FEC5AAA6">
      <extensionElements>
        <modeler:editor-resource-id><![CDATA[sid-298DA266-51BC-491E-B0D4-DD79FEC5AAA6]]></modeler:editor-resource-id>
      </extensionElements>
    </endEvent>
    <scriptTask id="sid-5A8E2D40-27EA-4EB5-98CA-642F5561AEA8" name="Get UserIDs" scriptFormat="javascript" activiti:autoStoreVariables="false">
      <extensionElements>
        <modeler:editor-resource-id><![CDATA[sid-5A8E2D40-27EA-4EB5-98CA-642F5561AEA8]]></modeler:editor-resource-id>
      </extensionElements>
      <script><![CDATA[var users = execution.getVariable('selectmultiplereviewers');
print("users:" + users);

var userObjects = JSON.parse(users);
print("userObjects:" + userObjects);

var userIds = new java.util.ArrayList();
for each (var user in userObjects) {
    print("user email: " + user.email + " -- user id: " + user.id);
    userIds.add(user.id);
} 

print(">> userIds: " + userIds);

execution.setVariable("collection",userIds);]]></script>
    </scriptTask>
    <subProcess id="sid-297F6B10-EA17-4DDF-99AC-05F2BC355750" name="subProcess">
      <extensionElements>
        <modeler:editor-resource-id><![CDATA[sid-297F6B10-EA17-4DDF-99AC-05F2BC355750]]></modeler:editor-resource-id>
      </extensionElements>
      <multiInstanceLoopCharacteristics isSequential="false" activiti:collection="${collection}" activiti:elementVariable="user"/>
      <startEvent id="sid-A27161CF-F4DD-4659-A710-5CA5E1E1AD59">
        <extensionElements>
          <modeler:editor-resource-id><![CDATA[sid-A27161CF-F4DD-4659-A710-5CA5E1E1AD59]]></modeler:editor-resource-id>
        </extensionElements>
      </startEvent>
      <userTask id="sid-14B00B67-ADA6-480E-B996-6A5740A27497" name="Approve" activiti:assignee="${user}" activiti:formKey="3045">
        <extensionElements>
          <modeler:allow-send-email><![CDATA[true]]></modeler:allow-send-email>
          <modeler:form-reference-id><![CDATA[3045]]></modeler:form-reference-id>
          <modeler:form-reference-name><![CDATA[Review Form]]></modeler:form-reference-name>
          <modeler:initiator-can-complete><![CDATA[false]]></modeler:initiator-can-complete>
          <modeler:editor-resource-id><![CDATA[sid-14B00B67-ADA6-480E-B996-6A5740A27497]]></modeler:editor-resource-id>
        </extensionElements>
      </userTask>
      <endEvent id="sid-EA2C3BFC-B3BD-4654-B886-0705957F5B4D">
        <extensionElements>
          <modeler:editor-resource-id><![CDATA[sid-EA2C3BFC-B3BD-4654-B886-0705957F5B4D]]></modeler:editor-resource-id>
        </extensionElements>
      </endEvent>
      <sequenceFlow id="sid-DF1566B2-3A41-43D5-A118-F28F17A1C4D1" sourceRef="sid-A27161CF-F4DD-4659-A710-5CA5E1E1AD59" targetRef="sid-14B00B67-ADA6-480E-B996-6A5740A27497">
        <extensionElements>
          <modeler:editor-resource-id><![CDATA[sid-DF1566B2-3A41-43D5-A118-F28F17A1C4D1]]></modeler:editor-resource-id>
        </extensionElements>
      </sequenceFlow>
      <sequenceFlow id="sid-0F68127F-DB1C-40CC-ADB7-189D1D1F5073" sourceRef="sid-14B00B67-ADA6-480E-B996-6A5740A27497" targetRef="sid-EA2C3BFC-B3BD-4654-B886-0705957F5B4D">
        <extensionElements>
          <modeler:editor-resource-id><![CDATA[sid-0F68127F-DB1C-40CC-ADB7-189D1D1F5073]]></modeler:editor-resource-id>
        </extensionElements>
      </sequenceFlow>
    </subProcess>
    <sequenceFlow id="sid-8064A4D4-F839-415D-9EC4-0693C04D4080" sourceRef="sid-5A8E2D40-27EA-4EB5-98CA-642F5561AEA8" targetRef="sid-297F6B10-EA17-4DDF-99AC-05F2BC355750">
      <extensionElements>
        <modeler:editor-resource-id><![CDATA[sid-8064A4D4-F839-415D-9EC4-0693C04D4080]]></modeler:editor-resource-id>
      </extensionElements>
    </sequenceFlow>
    <sequenceFlow id="sid-B2725834-8DFD-43DD-8D6B-CF34132BC97E" sourceRef="sid-297F6B10-EA17-4DDF-99AC-05F2BC355750" targetRef="sid-95DCE460-089F-4016-9B5C-13017ABBDB65">
      <extensionElements>
        <modeler:editor-resource-id><![CDATA[sid-B2725834-8DFD-43DD-8D6B-CF34132BC97E]]></modeler:editor-resource-id>
      </extensionElements>
    </sequenceFlow>
    <sequenceFlow id="sid-E8B7C199-8317-4AEE-81E8-BCA3ABFC5710" sourceRef="sid-95DCE460-089F-4016-9B5C-13017ABBDB65" targetRef="sid-298DA266-51BC-491E-B0D4-DD79FEC5AAA6">
      <extensionElements>
        <modeler:editor-resource-id><![CDATA[sid-E8B7C199-8317-4AEE-81E8-BCA3ABFC5710]]></modeler:editor-resource-id>
      </extensionElements>
    </sequenceFlow>
    <sequenceFlow id="sid-EE4EA2D3-7FD3-4893-A233-A1A053FE2EC1" sourceRef="startEvent1" targetRef="sid-5A8E2D40-27EA-4EB5-98CA-642F5561AEA8">
      <extensionElements>
        <modeler:editor-resource-id><![CDATA[sid-EE4EA2D3-7FD3-4893-A233-A1A053FE2EC1]]></modeler:editor-resource-id>
      </extensionElements>
    </sequenceFlow>
  </process>
  <bpmndi:BPMNDiagram id="BPMNDiagram_MultiUserProcess">
    <bpmndi:BPMNPlane bpmnElement="MultiUserProcess" id="BPMNPlane_MultiUserProcess">
      <bpmndi:BPMNShape bpmnElement="startEvent1" id="BPMNShape_startEvent1">
        <omgdc:Bounds height="30.0" width="29.999999999999993" x="60.00000000000001" y="165.00000000000003"/>
      </bpmndi:BPMNShape>
      <bpmndi:BPMNShape bpmnElement="sid-95DCE460-089F-4016-9B5C-13017ABBDB65" id="BPMNShape_sid-95DCE460-089F-4016-9B5C-13017ABBDB65">
        <omgdc:Bounds height="80.0" width="100.0" x="750.0000000000001" y="135.00000000000003"/>
      </bpmndi:BPMNShape>
      <bpmndi:BPMNShape bpmnElement="sid-298DA266-51BC-491E-B0D4-DD79FEC5AAA6" id="BPMNShape_sid-298DA266-51BC-491E-B0D4-DD79FEC5AAA6">
        <omgdc:Bounds height="28.0" width="28.0" x="945.0000000000001" y="161.00000000000003"/>
      </bpmndi:BPMNShape>
      <bpmndi:BPMNShape bpmnElement="sid-5A8E2D40-27EA-4EB5-98CA-642F5561AEA8" id="BPMNShape_sid-5A8E2D40-27EA-4EB5-98CA-642F5561AEA8">
        <omgdc:Bounds height="79.99999999999997" width="99.99999999999997" x="165.00000000000003" y="140.00000000000003"/>
      </bpmndi:BPMNShape>
      <bpmndi:BPMNShape bpmnElement="sid-297F6B10-EA17-4DDF-99AC-05F2BC355750" id="BPMNShape_sid-297F6B10-EA17-4DDF-99AC-05F2BC355750">
        <omgdc:Bounds height="150.0" width="306.99999999999994" x="360.00000000000006" y="105.00000000000001"/>
      </bpmndi:BPMNShape>
      <bpmndi:BPMNShape bpmnElement="sid-A27161CF-F4DD-4659-A710-5CA5E1E1AD59" id="BPMNShape_sid-A27161CF-F4DD-4659-A710-5CA5E1E1AD59">
        <omgdc:Bounds height="30.000000000000014" width="30.0" x="390.00000000000006" y="160.0"/>
      </bpmndi:BPMNShape>
      <bpmndi:BPMNShape bpmnElement="sid-14B00B67-ADA6-480E-B996-6A5740A27497" id="BPMNShape_sid-14B00B67-ADA6-480E-B996-6A5740A27497">
        <omgdc:Bounds height="80.00000000000001" width="100.0" x="465.00000000000006" y="135.0"/>
      </bpmndi:BPMNShape>
      <bpmndi:BPMNShape bpmnElement="sid-EA2C3BFC-B3BD-4654-B886-0705957F5B4D" id="BPMNShape_sid-EA2C3BFC-B3BD-4654-B886-0705957F5B4D">
        <omgdc:Bounds height="28.000000000000014" width="28.000000000000057" x="615.0" y="161.0"/>
      </bpmndi:BPMNShape>
      <bpmndi:BPMNEdge bpmnElement="sid-8064A4D4-F839-415D-9EC4-0693C04D4080" id="BPMNEdge_sid-8064A4D4-F839-415D-9EC4-0693C04D4080">
        <omgdi:waypoint x="265.0" y="180.0"/>
        <omgdi:waypoint x="360.00000000000006" y="180.0"/>
      </bpmndi:BPMNEdge>
      <bpmndi:BPMNEdge bpmnElement="sid-B2725834-8DFD-43DD-8D6B-CF34132BC97E" id="BPMNEdge_sid-B2725834-8DFD-43DD-8D6B-CF34132BC97E">
        <omgdi:waypoint x="667.0" y="177.32111692844677"/>
        <omgdi:waypoint x="750.0000000000001" y="175.87260034904017"/>
      </bpmndi:BPMNEdge>
      <bpmndi:BPMNEdge bpmnElement="sid-EE4EA2D3-7FD3-4893-A233-A1A053FE2EC1" id="BPMNEdge_sid-EE4EA2D3-7FD3-4893-A233-A1A053FE2EC1">
        <omgdi:waypoint x="90.0" y="180.00000000000003"/>
        <omgdi:waypoint x="165.00000000000003" y="180.0"/>
      </bpmndi:BPMNEdge>
      <bpmndi:BPMNEdge bpmnElement="sid-E8B7C199-8317-4AEE-81E8-BCA3ABFC5710" id="BPMNEdge_sid-E8B7C199-8317-4AEE-81E8-BCA3ABFC5710">
        <omgdi:waypoint x="850.0000000000001" y="175.00000000000003"/>
        <omgdi:waypoint x="945.0000000000001" y="175.00000000000003"/>
      </bpmndi:BPMNEdge>
      <bpmndi:BPMNEdge bpmnElement="sid-0F68127F-DB1C-40CC-ADB7-189D1D1F5073" id="BPMNEdge_sid-0F68127F-DB1C-40CC-ADB7-189D1D1F5073">
        <omgdi:waypoint x="565.0" y="175.0"/>
        <omgdi:waypoint x="615.0" y="175.0"/>
      </bpmndi:BPMNEdge>
      <bpmndi:BPMNEdge bpmnElement="sid-DF1566B2-3A41-43D5-A118-F28F17A1C4D1" id="BPMNEdge_sid-DF1566B2-3A41-43D5-A118-F28F17A1C4D1">
        <omgdi:waypoint x="420.00000000000006" y="175.0"/>
        <omgdi:waypoint x="465.00000000000006" y="175.0"/>
      </bpmndi:BPMNEdge>
    </bpmndi:BPMNPlane>
  </bpmndi:BPMNDiagram>
</definitions>