<?xml version='1.0' encoding='UTF-8'?>
<bpmn2:definitions xmlns="http://www.omg.org/spec/BPMN/20100524/MODEL" xmlns:bpmn2="http://www.omg.org/spec/BPMN/20100524/MODEL" xmlns:xsi="http://www.w3.org/2001/XMLSchema-instance" xmlns:xsd="http://www.w3.org/2001/XMLSchema" xmlns:activiti="http://activiti.org/bpmn" xmlns:bpmndi="http://www.omg.org/spec/BPMN/20100524/DI" xmlns:omgdc="http://www.omg.org/spec/DD/20100524/DC" xmlns:omgdi="http://www.omg.org/spec/DD/20100524/DI" typeLanguage="http://www.w3.org/2001/XMLSchema" expressionLanguage="http://www.w3.org/1999/XPath" targetNamespace="http://www.activiti.org/processdef" xmlns:modeler="http://activiti.com/modeler" modeler:version="1.0en" modeler:exportDateTime="20221022011053683" modeler:modelId="52" modeler:modelVersion="2" modeler:modelLastUpdated="1666381792149" modeler:modelStencilSet="1">
  <bpmn2:process id="Process_sid-DCD817AC-2D0F-4AC3-8831-53B45A5BD071" name="Signature" isExecutable="true">
    <extensionElements>
      <modeler:executionvariables xmlns:modeler="http://activiti.com/modeler" modeler:variableName="contract_number" modeler:variableType="string" modeler:persist="false"/>
      <modeler:executionvariables xmlns:modeler="http://activiti.com/modeler" modeler:variableName="docusign_account_id" modeler:variableType="string" modeler:persist="true"/>
      <modeler:executionvariables xmlns:modeler="http://activiti.com/modeler" modeler:variableName="envelopeId" modeler:variableType="string" modeler:persist="true"/>
      <modeler:executionvariables xmlns:modeler="http://activiti.com/modeler" modeler:variableName="response" modeler:variableType="string" modeler:persist="true"/>
      <modeler:executionvariables xmlns:modeler="http://activiti.com/modeler" modeler:variableName="status" modeler:variableType="string" modeler:persist="true"/>
      <modeler:executionvariables xmlns:modeler="http://activiti.com/modeler" modeler:variableName="docusign_token" modeler:variableType="string" modeler:persist="true"/>
    </extensionElements>
    <bpmn2:sequenceFlow id="sid-B7362DCB-8E3C-4656-BB61-3B8D8D24F18C" sourceRef="startEvent1" targetRef="sid-B45F4D62-9B40-427F-95A2-004927195519">
      <extensionElements>
        <modeler:editor-resource-id><![CDATA[sid-B7362DCB-8E3C-4656-BB61-3B8D8D24F18C]]></modeler:editor-resource-id>
      </extensionElements>
    </bpmn2:sequenceFlow>
    <bpmn2:sequenceFlow id="sid-26DCCA83-C7FB-4FC1-B416-7FED4C81AA10" sourceRef="sid-B45F4D62-9B40-427F-95A2-004927195519" targetRef="sid-EA5E84D0-6F04-43DA-B60C-EC6774C91D29">
      <extensionElements>
        <modeler:editor-resource-id><![CDATA[sid-26DCCA83-C7FB-4FC1-B416-7FED4C81AA10]]></modeler:editor-resource-id>
      </extensionElements>
    </bpmn2:sequenceFlow>
    <bpmn2:sequenceFlow id="sid-A4AD82C4-F81F-411F-A12F-B77C5D59CB12" sourceRef="sid-7EAEED6E-33C6-4188-99C5-5B0824F6D73A" targetRef="sid-27EA590D-F941-42FC-ADE0-AD8893DC906C">
      <extensionElements>
        <modeler:editor-resource-id><![CDATA[sid-A4AD82C4-F81F-411F-A12F-B77C5D59CB12]]></modeler:editor-resource-id>
      </extensionElements>
    </bpmn2:sequenceFlow>
    <bpmn2:scriptTask id="sid-B45F4D62-9B40-427F-95A2-004927195519" name="Generate Contract Number" activiti:async="true" activiti:exclusive="false" scriptFormat="javascript" activiti:autoStoreVariables="false">
      <extensionElements>
        <activiti:executionListener event="start" class="com.activiti.runtime.activiti.ContentProcessorExecutionListener">
          <activiti:field name="externalContentHandler">
            <activiti:expression><![CDATA[${externalContentHandler}]]></activiti:expression>
          </activiti:field>
        </activiti:executionListener>
        <modeler:editor-resource-id><![CDATA[sid-B45F4D62-9B40-427F-95A2-004927195519]]></modeler:editor-resource-id>
        <modeler:ignore-listener-on-import><![CDATA[com.activiti.runtime.activiti.ContentProcessorExecutionListener]]></modeler:ignore-listener-on-import>
      </extensionElements>
      <bpmn2:incoming>sid-B7362DCB-8E3C-4656-BB61-3B8D8D24F18C</bpmn2:incoming>
      <bpmn2:outgoing>sid-26DCCA83-C7FB-4FC1-B416-7FED4C81AA10</bpmn2:outgoing>
      <script><![CDATA[// calculate the random ID
var caseId=Math.floor((Math.random() * 100000) + 1);
execution.setVariable("contract_number",caseId.toString());]]></script>
    </bpmn2:scriptTask>
    <bpmn2:serviceTask id="sid-EA5E84D0-6F04-43DA-B60C-EC6774C91D29" name="Generate Contract Document" activiti:async="true" activiti:delegateExpression="${activiti_generateDocumentDelegate}">
      <extensionElements>
        <activiti:field name="outputFormat">
          <activiti:string><![CDATA[word]]></activiti:string>
        </activiti:field>
        <activiti:field name="templateId">
          <activiti:string><![CDATA[1]]></activiti:string>
        </activiti:field>
        <activiti:field name="templateName">
          <activiti:string><![CDATA[Contract Model.docx]]></activiti:string>
        </activiti:field>
        <activiti:field name="fileName">
          <activiti:expression><![CDATA[Contract ${contract_number}]]></activiti:expression>
        </activiti:field>
        <activiti:field name="variableName">
          <activiti:string><![CDATA[document]]></activiti:string>
        </activiti:field>
        <modeler:executionvariables modeler:variableName="document" modeler:variableType="document"/>
        <modeler:editor-resource-id><![CDATA[sid-EA5E84D0-6F04-43DA-B60C-EC6774C91D29]]></modeler:editor-resource-id>
      </extensionElements>
      <bpmn2:incoming>sid-26DCCA83-C7FB-4FC1-B416-7FED4C81AA10</bpmn2:incoming>
      <bpmn2:outgoing>sid-7438F91F-F660-43AC-B551-3469953472DE</bpmn2:outgoing>
    </bpmn2:serviceTask>
    <bpmn2:startEvent id="startEvent1" name="New contract" activiti:formKey="51">
      <extensionElements>
        <modeler:form-reference-id><![CDATA[51]]></modeler:form-reference-id>
        <modeler:form-reference-name><![CDATA[New contract]]></modeler:form-reference-name>
        <modeler:editor-resource-id><![CDATA[startEvent1]]></modeler:editor-resource-id>
      </extensionElements>
      <bpmn2:outgoing>sid-B7362DCB-8E3C-4656-BB61-3B8D8D24F18C</bpmn2:outgoing>
    </bpmn2:startEvent>
    <bpmn2:endEvent id="sid-27EA590D-F941-42FC-ADE0-AD8893DC906C">
      <extensionElements>
        <modeler:editor-resource-id><![CDATA[sid-27EA590D-F941-42FC-ADE0-AD8893DC906C]]></modeler:editor-resource-id>
      </extensionElements>
      <bpmn2:incoming>sid-A4AD82C4-F81F-411F-A12F-B77C5D59CB12</bpmn2:incoming>
    </bpmn2:endEvent>
    <bpmn2:serviceTask id="sid-7EAEED6E-33C6-4188-99C5-5B0824F6D73A" name="Save documents" activiti:async="true" activiti:class="com.activiti.runtime.activiti.bean.AlfrescoPublishActivityBehavior">
      <extensionElements>
        <activiti:field name="contentSource">
          <activiti:string><![CDATA[process]]></activiti:string>
        </activiti:field>
        <activiti:field name="metaDataMapping">
          <activiti:string><![CDATA[[]]]></activiti:string>
        </activiti:field>
        <activiti:field name="documentType">
          <activiti:string><![CDATA[cmis:document]]></activiti:string>
        </activiti:field>
        <activiti:field name="documentAspects">
          <activiti:string><![CDATA[[{"aspectName":"cm:titled"}]]]></activiti:string>
        </activiti:field>
        <activiti:field name="account">
          <activiti:string><![CDATA[alfresco-1-alfresco-1]]></activiti:string>
        </activiti:field>
        <activiti:field name="site">
          <activiti:string><![CDATA[products]]></activiti:string>
        </activiti:field>
        <activiti:field name="publishAsType">
          <activiti:string><![CDATA[process_initiator]]></activiti:string>
        </activiti:field>
        <activiti:field name="path">
          <activiti:string><![CDATA[7d881b28-f4bc-45b9-9510-c0756b0aa79e]]></activiti:string>
        </activiti:field>
        <activiti:field name="createFolder">
          <activiti:expression><![CDATA[${company}]]></activiti:expression>
        </activiti:field>
        <modeler:publish-task-type><![CDATA[alfresco]]></modeler:publish-task-type>
        <modeler:site_title><![CDATA[Products]]></modeler:site_title>
        <modeler:path_title><![CDATA[documentLibrary]]></modeler:path_title>
        <modeler:editor-resource-id><![CDATA[sid-7EAEED6E-33C6-4188-99C5-5B0824F6D73A]]></modeler:editor-resource-id>
      </extensionElements>
      <bpmn2:incoming>sid-533C137A-2A0B-4CED-931A-806EFDC2D2FB</bpmn2:incoming>
      <bpmn2:outgoing>sid-A4AD82C4-F81F-411F-A12F-B77C5D59CB12</bpmn2:outgoing>
    </bpmn2:serviceTask>
    <bpmn2:scriptTask id="sid-6535E240-15A1-44CF-87E4-EE672478A0B8" name="Prepare Envelope" scriptFormat="groovy" activiti:autoStoreVariables="false">
      <extensionElements>
        <modeler:editor-resource-id><![CDATA[sid-6535E240-15A1-44CF-87E4-EE672478A0B8]]></modeler:editor-resource-id>
      </extensionElements>
      <bpmn2:incoming>sid-7438F91F-F660-43AC-B551-3469953472DE</bpmn2:incoming>
      <bpmn2:outgoing>sid-CBB69311-318B-4ECD-BDC9-40C375C20A6B</bpmn2:outgoing>
      <script><![CDATA[import com.activiti.service.runtime.RelatedContentService;
import com.activiti.service.runtime.RelatedContentStreamProvider;
import com.activiti.domain.runtime.RelatedContent;
import java.io.InputStream;
import org.apache.commons.io.IOUtils;
import java.nio.charset.StandardCharsets;
import java.util.Base64;
import com.activiti.domain.idm.EndpointConfiguration;
import com.activiti.service.api.EndpointService;
import groovy.json.JsonSlurper

// gets the bearer token for the authentication
EndpointConfiguration endpointConfig = endpointService.getConfigurationByName("Docusign Demo Server");
myHeaders=endpointConfig.getRequestHeaders();
JsonSlurper slurper = new JsonSlurper();
ArrayList parsedRequests = slurper.parseText(myHeaders);
myBearerToken=parsedRequests[0].value;

docusignAccountId = parsedRequests[2].value;
execution.setVariable('docusign_account_id', docusignAccountId);

// gets the document stream
String fileVariableName = "document";
List<RelatedContent> contentList = relatedContentService.getFieldContentForProcessInstance(execution.getProcessInstanceId(), fileVariableName, 1, 0).getContent();
RelatedContent content = contentList.get(0);

InputStream is = relatedContentStreamProvider.getContentStream(content);
byte[] documentBytes = new byte[(int)content.getContentSize()];
is.read(documentBytes, 0, documentBytes.length);
is.close();

Base64.Encoder enc1 = Base64.getEncoder();
String resultBase64Encoded = enc1.encodeToString(documentBytes);

// add the variables to the execution context
execution.setVariable('docusign_token',myBearerToken);
execution.setVariable('sign_document',resultBase64Encoded);

println "docusign_token >>> " + docusign_token
println "docusign_account_id >>> " + docusignAccountId
]]></script>
    </bpmn2:scriptTask>
    <bpmn2:serviceTask id="sid-3D2E0E26-94C3-4D65-BABB-91A46EAE8A65" name="Send the Doc" activiti:async="true" activiti:delegateExpression="${activiti_restCallDelegate}">
      <extensionElements>
        <activiti:field name="baseEndpoint">
          <activiti:string><![CDATA[1]]></activiti:string>
        </activiti:field>
        <activiti:field name="baseEndpointName">
          <activiti:string><![CDATA[Docusign Demo Server]]></activiti:string>
        </activiti:field>
        <activiti:field name="restUrl">
          <activiti:string><![CDATA[/v2.1/accounts/${docusign_account_id}/envelopes]]></activiti:string>
        </activiti:field>
        <activiti:field name="httpMethod">
          <activiti:string><![CDATA[POST]]></activiti:string>
        </activiti:field>
        <activiti:field name="requestMappingJSONTemplate">
          <activiti:expression><![CDATA[{
    "emailSubject": "Please sign this contract document",
    "documents": [
        {
            "documentBase64": "${sign_document}",
            "name": "Contract Document",
            "fileExtension": "txt",
            "documentId": "1"
        }
    ],
    "recipients": {
        "signers": [
            {
                "email": ${signer_email},
                "name": ${signer_name},
                "recipientId": "1",
                "routingOrder": "1",
                "tabs": {
                    "signHereTabs": [
                        {
                           "documentId": "1", "pageNumber": "3",
                            "recipientId": "1", "tabLabel": "SignHereTab",
                            "xPosition": "430", "yPosition": "610"
                        }
                    ]
                }
            }
        ]
    },
    "status": "sent"
}]]></activiti:expression>
        </activiti:field>
        <modeler:response-mapping modeler:processVariableName="response" modeler:processVariableType="string" modeler:jsonPropertyName="."/>
        <modeler:response-mapping modeler:processVariableName="envelopeId" modeler:processVariableType="string" modeler:jsonPropertyName="envelopeId"/>
        <modeler:request-header modeler:headerName="Authorization" modeler:headerValue="${docusign_token}"/>
        <modeler:request-header modeler:headerName="Content-Type" modeler:headerValue="application/json"/>
        <modeler:request-header modeler:headerName="DocuSignAccountID" modeler:headerValue="${docusign_account_id}"/>
        <modeler:editor-resource-id><![CDATA[sid-3D2E0E26-94C3-4D65-BABB-91A46EAE8A65]]></modeler:editor-resource-id>
      </extensionElements>
      <bpmn2:incoming>sid-CBB69311-318B-4ECD-BDC9-40C375C20A6B</bpmn2:incoming>
      <bpmn2:outgoing>sid-455C6FBE-C337-479A-A346-449E1CA866A5</bpmn2:outgoing>
    </bpmn2:serviceTask>
    <bpmn2:serviceTask id="sid-6348A005-4FD7-4E96-A9B5-42088E80A71F" name="Check if Signed" activiti:async="true" activiti:delegateExpression="${activiti_restCallDelegate}">
      <extensionElements>
        <activiti:field name="baseEndpoint">
          <activiti:string><![CDATA[1]]></activiti:string>
        </activiti:field>
        <activiti:field name="baseEndpointName">
          <activiti:string><![CDATA[Docusign Demo Server]]></activiti:string>
        </activiti:field>
        <activiti:field name="restUrl">
          <activiti:string><![CDATA[/v2.1/accounts/${docusign_account_id}/envelopes/${envelopeId}/]]></activiti:string>
        </activiti:field>
        <activiti:field name="httpMethod">
          <activiti:string><![CDATA[GET]]></activiti:string>
        </activiti:field>
        <modeler:response-mapping modeler:processVariableName="status" modeler:processVariableType="string" modeler:jsonPropertyName="status"/>
        <modeler:request-header modeler:headerName="Content-Transfer-Encoding" modeler:headerValue="base64"/>
        <modeler:request-header modeler:headerName="Authorization" modeler:headerValue="${docusign_token}"/>
        <modeler:request-header modeler:headerName="Content-Type" modeler:headerValue="application/json"/>
        <modeler:request-header modeler:headerName="DocuSignAccountID" modeler:headerValue="${docusign_account_id}"/>
        <modeler:editor-resource-id><![CDATA[sid-6348A005-4FD7-4E96-A9B5-42088E80A71F]]></modeler:editor-resource-id>
      </extensionElements>
      <bpmn2:incoming>sid-F971AEE6-1E48-4F3B-BD0F-E5DAF781589E</bpmn2:incoming>
      <bpmn2:outgoing>sid-DE76B13B-9D8D-4DDD-8CBE-D49830BFC5C8</bpmn2:outgoing>
    </bpmn2:serviceTask>
    <bpmn2:scriptTask id="sid-1EBD9484-4B4D-4F91-9B40-AA7F25BCF11B" name="Get the document" scriptFormat="groovy" activiti:autoStoreVariables="false">
      <extensionElements>
        <modeler:editor-resource-id><![CDATA[sid-1EBD9484-4B4D-4F91-9B40-AA7F25BCF11B]]></modeler:editor-resource-id>
      </extensionElements>
      <bpmn2:incoming>sid-17A6B0FC-F0FE-4D6D-A23B-C5D228823DEF</bpmn2:incoming>
      <bpmn2:outgoing>sid-533C137A-2A0B-4CED-931A-806EFDC2D2FB</bpmn2:outgoing>
      <script><![CDATA[import com.activiti.service.runtime.RelatedContentService;
import com.activiti.service.runtime.RelatedContentStreamProvider;
import com.activiti.domain.runtime.RelatedContent;
import java.io.InputStream;
import org.apache.commons.io.IOUtils;
import java.nio.charset.StandardCharsets;
import java.util.Base64;
import java.io.File;
import java.io.FileInputStream;
import java.io.FileOutputStream;


import org.springframework.transaction.support.TransactionSynchronizationAdapter;
import org.springframework.transaction.support.TransactionSynchronizationManager;

import com.activiti.security.SecurityUtils;
 
// get variables:

String envelopId=execution.getVariable('envelopeId');
String docusignToken=execution.getVariable('docusign_token');
String docusignAccountId = execution.getVariable('docusign_account_id');

println "envelopeId >>> " + envelopeId

 
def connection = new URL( "https://demo.docusign.net/restapi/v2.1/accounts/"+docusignAccountId+"/envelopes/"+envelopeId+"/documents/1")
        .openConnection() as HttpURLConnection

// set some headers
connection.setRequestProperty( 'Authorization', docusignToken)
connection.setRequestProperty( 'Content-Type', 'application/pdf' )
connection.setRequestProperty( 'Content-Transfer-Encoding', 'base64' )

//println connection.responseCode + ": " + 

//execution.setVariable('document_signed',connection.inputStream.text);


InputStream iss = connection.getInputStream();

File tempFile = File.createTempFile("document", "pdf");

FileOutputStream outputStream = new FileOutputStream(tempFile);


int bytesRead = -1;
byte[] buffer = new byte[4096];
while ((bytesRead = iss.read(buffer)) != -1) {
    outputStream.write(buffer, 0, bytesRead);
}
 
            outputStream.close();
            iss.close();



//outputStream.write(connection.inputStream);
//outputStream.flush();
//outputStream.close();


// Store related content
 
InputStream iS=new FileInputStream(tempFile)

final RelatedContent relatedContent = relatedContentService.createRelatedContent(
				SecurityUtils.getCurrentUserObject(), "document_signed" + ".pdf", null, null, null,
				execution.getProcessInstanceId(), "document_signed", "application/pdf", iS , null);


	if (iS != null) {
			try {
				iS.close();
			} catch (IOException e) {
			}
		}

		TransactionSynchronizationManager.registerSynchronization(new TransactionSynchronizationAdapter() {
		 	@Override
			public void afterCommit() {
		 		contentRenditionService.asyncProcessContentAndQueueRendition(relatedContent.getId());
		 	}
		});

					
					
tempFile.delete();

			// Store execution variable
			if (relatedContent != null) {
				execution.setVariable("document_signed", relatedContent.getId());
			}
]]></script>
    </bpmn2:scriptTask>
    <bpmn2:intermediateCatchEvent id="sid-0612F6AD-FA35-4BCB-A10B-8E3C8975D7A2">
      <extensionElements>
        <modeler:editor-resource-id><![CDATA[sid-0612F6AD-FA35-4BCB-A10B-8E3C8975D7A2]]></modeler:editor-resource-id>
      </extensionElements>
      <bpmn2:incoming>sid-455C6FBE-C337-479A-A346-449E1CA866A5</bpmn2:incoming>
      <bpmn2:incoming>sid-94BBB30F-FF0F-420E-BEC3-D2CC0393F9CB</bpmn2:incoming>
      <bpmn2:outgoing>sid-F971AEE6-1E48-4F3B-BD0F-E5DAF781589E</bpmn2:outgoing>
      <timerEventDefinition>
        <timeCycle>R20/PT30S</timeCycle>
      </timerEventDefinition>
    </bpmn2:intermediateCatchEvent>
    <bpmn2:sequenceFlow id="sid-CBB69311-318B-4ECD-BDC9-40C375C20A6B" sourceRef="sid-6535E240-15A1-44CF-87E4-EE672478A0B8" targetRef="sid-3D2E0E26-94C3-4D65-BABB-91A46EAE8A65">
      <extensionElements>
        <modeler:editor-resource-id><![CDATA[sid-CBB69311-318B-4ECD-BDC9-40C375C20A6B]]></modeler:editor-resource-id>
      </extensionElements>
    </bpmn2:sequenceFlow>
    <bpmn2:sequenceFlow id="sid-455C6FBE-C337-479A-A346-449E1CA866A5" sourceRef="sid-3D2E0E26-94C3-4D65-BABB-91A46EAE8A65" targetRef="sid-0612F6AD-FA35-4BCB-A10B-8E3C8975D7A2">
      <extensionElements>
        <modeler:editor-resource-id><![CDATA[sid-455C6FBE-C337-479A-A346-449E1CA866A5]]></modeler:editor-resource-id>
      </extensionElements>
    </bpmn2:sequenceFlow>
    <bpmn2:sequenceFlow id="sid-F971AEE6-1E48-4F3B-BD0F-E5DAF781589E" sourceRef="sid-0612F6AD-FA35-4BCB-A10B-8E3C8975D7A2" targetRef="sid-6348A005-4FD7-4E96-A9B5-42088E80A71F">
      <extensionElements>
        <modeler:editor-resource-id><![CDATA[sid-F971AEE6-1E48-4F3B-BD0F-E5DAF781589E]]></modeler:editor-resource-id>
      </extensionElements>
    </bpmn2:sequenceFlow>
    <bpmn2:exclusiveGateway id="sid-C413BD3E-203A-4287-8FF0-F3A328CF1255" default="sid-94BBB30F-FF0F-420E-BEC3-D2CC0393F9CB">
      <extensionElements>
        <modeler:editor-resource-id><![CDATA[sid-C413BD3E-203A-4287-8FF0-F3A328CF1255]]></modeler:editor-resource-id>
      </extensionElements>
      <bpmn2:incoming>sid-DE76B13B-9D8D-4DDD-8CBE-D49830BFC5C8</bpmn2:incoming>
      <bpmn2:outgoing>sid-94BBB30F-FF0F-420E-BEC3-D2CC0393F9CB</bpmn2:outgoing>
      <bpmn2:outgoing>sid-17A6B0FC-F0FE-4D6D-A23B-C5D228823DEF</bpmn2:outgoing>
    </bpmn2:exclusiveGateway>
    <bpmn2:sequenceFlow id="sid-DE76B13B-9D8D-4DDD-8CBE-D49830BFC5C8" sourceRef="sid-6348A005-4FD7-4E96-A9B5-42088E80A71F" targetRef="sid-C413BD3E-203A-4287-8FF0-F3A328CF1255">
      <extensionElements>
        <modeler:editor-resource-id><![CDATA[sid-DE76B13B-9D8D-4DDD-8CBE-D49830BFC5C8]]></modeler:editor-resource-id>
      </extensionElements>
    </bpmn2:sequenceFlow>
    <bpmn2:sequenceFlow id="sid-7438F91F-F660-43AC-B551-3469953472DE" sourceRef="sid-EA5E84D0-6F04-43DA-B60C-EC6774C91D29" targetRef="sid-6535E240-15A1-44CF-87E4-EE672478A0B8">
      <extensionElements>
        <modeler:editor-resource-id><![CDATA[sid-7438F91F-F660-43AC-B551-3469953472DE]]></modeler:editor-resource-id>
      </extensionElements>
    </bpmn2:sequenceFlow>
    <bpmn2:sequenceFlow id="sid-533C137A-2A0B-4CED-931A-806EFDC2D2FB" sourceRef="sid-1EBD9484-4B4D-4F91-9B40-AA7F25BCF11B" targetRef="sid-7EAEED6E-33C6-4188-99C5-5B0824F6D73A">
      <extensionElements>
        <modeler:editor-resource-id><![CDATA[sid-533C137A-2A0B-4CED-931A-806EFDC2D2FB]]></modeler:editor-resource-id>
      </extensionElements>
    </bpmn2:sequenceFlow>
    <bpmn2:sequenceFlow id="sid-94BBB30F-FF0F-420E-BEC3-D2CC0393F9CB" sourceRef="sid-C413BD3E-203A-4287-8FF0-F3A328CF1255" targetRef="sid-0612F6AD-FA35-4BCB-A10B-8E3C8975D7A2">
      <extensionElements>
        <modeler:editor-resource-id><![CDATA[sid-94BBB30F-FF0F-420E-BEC3-D2CC0393F9CB]]></modeler:editor-resource-id>
      </extensionElements>
    </bpmn2:sequenceFlow>
    <bpmn2:sequenceFlow id="sid-17A6B0FC-F0FE-4D6D-A23B-C5D228823DEF" sourceRef="sid-C413BD3E-203A-4287-8FF0-F3A328CF1255" targetRef="sid-1EBD9484-4B4D-4F91-9B40-AA7F25BCF11B">
      <extensionElements>
        <modeler:conditionDefinition modeler:index="0" modeler:leftRestResponseId="status" modeler:leftRestResponseType="string" modeler:rightValue="completed" modeler:operator="=="/>
        <modeler:editor-resource-id><![CDATA[sid-17A6B0FC-F0FE-4D6D-A23B-C5D228823DEF]]></modeler:editor-resource-id>
      </extensionElements>
      <conditionExpression xsi:type="tFormalExpression"><![CDATA[${(activiti_flowConditionsBean.exists(execution, 'status') && status == 'completed')}]]></conditionExpression>
    </bpmn2:sequenceFlow>
  </bpmn2:process>
  <bpmndi:BPMNDiagram id="BPMNDiagram_Process_sid-DCD817AC-2D0F-4AC3-8831-53B45A5BD071">
    <bpmndi:BPMNPlane bpmnElement="Process_sid-DCD817AC-2D0F-4AC3-8831-53B45A5BD071" id="BPMNPlane_Process_sid-DCD817AC-2D0F-4AC3-8831-53B45A5BD071">
      <bpmndi:BPMNShape bpmnElement="sid-B45F4D62-9B40-427F-95A2-004927195519" id="BPMNShape_sid-B45F4D62-9B40-427F-95A2-004927195519">
        <omgdc:Bounds height="80.00000000000003" width="100.0" x="149.99999999999972" y="90.08374193549997"/>
      </bpmndi:BPMNShape>
      <bpmndi:BPMNShape bpmnElement="sid-EA5E84D0-6F04-43DA-B60C-EC6774C91D29" id="BPMNShape_sid-EA5E84D0-6F04-43DA-B60C-EC6774C91D29">
        <omgdc:Bounds height="79.99999999999997" width="100.0" x="300.0" y="90.0"/>
      </bpmndi:BPMNShape>
      <bpmndi:BPMNShape bpmnElement="startEvent1" id="BPMNShape_startEvent1">
        <omgdc:Bounds height="30.0" width="30.0" x="45.0" y="115.08374193550003"/>
      </bpmndi:BPMNShape>
      <bpmndi:BPMNShape bpmnElement="sid-27EA590D-F941-42FC-ADE0-AD8893DC906C" id="BPMNShape_sid-27EA590D-F941-42FC-ADE0-AD8893DC906C">
        <omgdc:Bounds height="28.0" width="28.0" x="1125.1210967739999" y="431.16748387100006"/>
      </bpmndi:BPMNShape>
      <bpmndi:BPMNShape bpmnElement="sid-7EAEED6E-33C6-4188-99C5-5B0824F6D73A" id="BPMNShape_sid-7EAEED6E-33C6-4188-99C5-5B0824F6D73A">
        <omgdc:Bounds height="80.16748387100006" width="100.24219354799993" x="945.0" y="405.0"/>
      </bpmndi:BPMNShape>
      <bpmndi:BPMNShape bpmnElement="sid-6535E240-15A1-44CF-87E4-EE672478A0B8" id="BPMNShape_sid-6535E240-15A1-44CF-87E4-EE672478A0B8">
        <omgdc:Bounds height="80.0" width="100.0" x="300.0" y="240.0"/>
      </bpmndi:BPMNShape>
      <bpmndi:BPMNShape bpmnElement="sid-3D2E0E26-94C3-4D65-BABB-91A46EAE8A65" id="BPMNShape_sid-3D2E0E26-94C3-4D65-BABB-91A46EAE8A65">
        <omgdc:Bounds height="80.0" width="100.0" x="465.0" y="240.0"/>
      </bpmndi:BPMNShape>
      <bpmndi:BPMNShape bpmnElement="sid-6348A005-4FD7-4E96-A9B5-42088E80A71F" id="BPMNShape_sid-6348A005-4FD7-4E96-A9B5-42088E80A71F">
        <omgdc:Bounds height="80.0" width="100.0" x="705.0" y="240.0"/>
      </bpmndi:BPMNShape>
      <bpmndi:BPMNShape bpmnElement="sid-1EBD9484-4B4D-4F91-9B40-AA7F25BCF11B" id="BPMNShape_sid-1EBD9484-4B4D-4F91-9B40-AA7F25BCF11B">
        <omgdc:Bounds height="80.0" width="99.99999999999989" x="945.121096774" y="240.0"/>
      </bpmndi:BPMNShape>
      <bpmndi:BPMNShape bpmnElement="sid-0612F6AD-FA35-4BCB-A10B-8E3C8975D7A2" id="BPMNShape_sid-0612F6AD-FA35-4BCB-A10B-8E3C8975D7A2">
        <omgdc:Bounds height="31.0" width="31.0" x="615.0" y="264.5"/>
      </bpmndi:BPMNShape>
      <bpmndi:BPMNShape bpmnElement="sid-C413BD3E-203A-4287-8FF0-F3A328CF1255" id="BPMNShape_sid-C413BD3E-203A-4287-8FF0-F3A328CF1255">
        <omgdc:Bounds height="40.0" width="40.0" x="850.0" y="260.0"/>
      </bpmndi:BPMNShape>
      <bpmndi:BPMNEdge bpmnElement="sid-F971AEE6-1E48-4F3B-BD0F-E5DAF781589E" id="BPMNEdge_sid-F971AEE6-1E48-4F3B-BD0F-E5DAF781589E">
        <omgdi:waypoint x="646.0" y="280.0"/>
        <omgdi:waypoint x="705.0" y="280.0"/>
      </bpmndi:BPMNEdge>
      <bpmndi:BPMNEdge bpmnElement="sid-26DCCA83-C7FB-4FC1-B416-7FED4C81AA10" id="BPMNEdge_sid-26DCCA83-C7FB-4FC1-B416-7FED4C81AA10">
        <omgdi:waypoint x="249.99999999999972" y="130.05582795699996"/>
        <omgdi:waypoint x="300.0" y="130.02791397849998"/>
      </bpmndi:BPMNEdge>
      <bpmndi:BPMNEdge bpmnElement="sid-DE76B13B-9D8D-4DDD-8CBE-D49830BFC5C8" id="BPMNEdge_sid-DE76B13B-9D8D-4DDD-8CBE-D49830BFC5C8">
        <omgdi:waypoint x="805.0" y="280.0"/>
        <omgdi:waypoint x="850.0" y="280.0"/>
      </bpmndi:BPMNEdge>
      <bpmndi:BPMNEdge bpmnElement="sid-17A6B0FC-F0FE-4D6D-A23B-C5D228823DEF" id="BPMNEdge_sid-17A6B0FC-F0FE-4D6D-A23B-C5D228823DEF">
        <omgdi:waypoint x="890.0" y="280.0"/>
        <omgdi:waypoint x="945.121096774" y="280.0"/>
      </bpmndi:BPMNEdge>
      <bpmndi:BPMNEdge bpmnElement="sid-A4AD82C4-F81F-411F-A12F-B77C5D59CB12" id="BPMNEdge_sid-A4AD82C4-F81F-411F-A12F-B77C5D59CB12">
        <omgdi:waypoint x="1045.242193548" y="445.1128894192031"/>
        <omgdi:waypoint x="1125.1210991413307" y="445.1593422953143"/>
      </bpmndi:BPMNEdge>
      <bpmndi:BPMNEdge bpmnElement="sid-7438F91F-F660-43AC-B551-3469953472DE" id="BPMNEdge_sid-7438F91F-F660-43AC-B551-3469953472DE">
        <omgdi:waypoint x="350.0" y="169.99999999999997"/>
        <omgdi:waypoint x="350.0" y="240.0"/>
      </bpmndi:BPMNEdge>
      <bpmndi:BPMNEdge bpmnElement="sid-B7362DCB-8E3C-4656-BB61-3B8D8D24F18C" id="BPMNEdge_sid-B7362DCB-8E3C-4656-BB61-3B8D8D24F18C">
        <omgdi:waypoint x="75.0" y="130.08374193550003"/>
        <omgdi:waypoint x="149.99999999999972" y="130.0837419355"/>
      </bpmndi:BPMNEdge>
      <bpmndi:BPMNEdge bpmnElement="sid-CBB69311-318B-4ECD-BDC9-40C375C20A6B" id="BPMNEdge_sid-CBB69311-318B-4ECD-BDC9-40C375C20A6B">
        <omgdi:waypoint x="400.0" y="280.0"/>
        <omgdi:waypoint x="465.0" y="280.0"/>
      </bpmndi:BPMNEdge>
      <bpmndi:BPMNEdge bpmnElement="sid-94BBB30F-FF0F-420E-BEC3-D2CC0393F9CB" id="BPMNEdge_sid-94BBB30F-FF0F-420E-BEC3-D2CC0393F9CB">
        <omgdi:waypoint x="870.1047120418848" y="299.8952879581152"/>
        <omgdi:waypoint x="870.5" y="375.0"/>
        <omgdi:waypoint x="630.5" y="375.0"/>
        <omgdi:waypoint x="630.5" y="295.5"/>
      </bpmndi:BPMNEdge>
      <bpmndi:BPMNEdge bpmnElement="sid-533C137A-2A0B-4CED-931A-806EFDC2D2FB" id="BPMNEdge_sid-533C137A-2A0B-4CED-931A-806EFDC2D2FB">
        <omgdi:waypoint x="995.1210967739999" y="320.0"/>
        <omgdi:waypoint x="995.121096774" y="405.0"/>
      </bpmndi:BPMNEdge>
      <bpmndi:BPMNEdge bpmnElement="sid-455C6FBE-C337-479A-A346-449E1CA866A5" id="BPMNEdge_sid-455C6FBE-C337-479A-A346-449E1CA866A5">
        <omgdi:waypoint x="565.0" y="280.0"/>
        <omgdi:waypoint x="615.0" y="280.0"/>
      </bpmndi:BPMNEdge>
    </bpmndi:BPMNPlane>
  </bpmndi:BPMNDiagram>
</bpmn2:definitions>