{"bounds":{"lowerRight":{"x":1485.0,"y":700.0},"upperLeft":{"x":0.0,"y":0.0}},"resourceId":"canvas","stencil":{"id":"BPMNDiagram"},"stencilset":{"namespace":"http://b3mn.org/stencilset/bpmn2.0#","url":"../editor/stencilsets/bpmn2.0/bpmn2.0.json"},"properties":{"process_id":"Process_sid-DCD817AC-2D0F-4AC3-8831-53B45A5BD071","name":"Signature","executionlisteners":{"executionListeners":[]},"eventlisteners":{"eventListeners":[]},"signaldefinitions":[],"messagedefinitions":[],"executionvariables":[{"variableName":"contract_number","variableType":"string","persist":"false"},{"variableName":"docusign_account_id","variableType":"string","persist":"true"},{"variableName":"envelopeId","variableType":"string","persist":"true"},{"variableName":"response","variableType":"string","persist":"true"},{"variableName":"status","variableType":"string","persist":"true"},{"variableName":"docusign_token","variableType":"string","persist":"true"}],"process_namespace":"http://www.activiti.org/processdef"},"childShapes":[{"bounds":{"lowerRight":{"x":172.0,"y":212.0},"upperLeft":{"x":128.0,"y":212.0}},"resourceId":"sid-B7362DCB-8E3C-4656-BB61-3B8D8D24F18C","childShapes":[],"stencil":{"id":"SequenceFlow"},"dockers":[{"x":15.0,"y":15.0},{"x":50.0,"y":40.000000000000014}],"outgoing":[{"resourceId":"sid-B45F4D62-9B40-427F-95A2-004927195519"}],"target":{"resourceId":"sid-B45F4D62-9B40-427F-95A2-004927195519"},"properties":{"overrideid":"sid-B7362DCB-8E3C-4656-BB61-3B8D8D24F18C","executionlisteners":{"executionListeners":[]}}},{"bounds":{"lowerRight":{"x":172.0,"y":212.0},"upperLeft":{"x":128.0,"y":212.0}},"resourceId":"sid-26DCCA83-C7FB-4FC1-B416-7FED4C81AA10","childShapes":[],"stencil":{"id":"SequenceFlow"},"dockers":[{"x":50.0,"y":40.000000000000014},{"x":50.0,"y":39.999999999999986}],"outgoing":[{"resourceId":"sid-EA5E84D0-6F04-43DA-B60C-EC6774C91D29"}],"target":{"resourceId":"sid-EA5E84D0-6F04-43DA-B60C-EC6774C91D29"},"properties":{"overrideid":"sid-26DCCA83-C7FB-4FC1-B416-7FED4C81AA10","executionlisteners":{"executionListeners":[]}}},{"bounds":{"lowerRight":{"x":172.0,"y":212.0},"upperLeft":{"x":128.0,"y":212.0}},"resourceId":"sid-A4AD82C4-F81F-411F-A12F-B77C5D59CB12","childShapes":[],"stencil":{"id":"SequenceFlow"},"dockers":[{"x":50.121096773999966,"y":40.08374193550003},{"x":14.0,"y":14.0}],"outgoing":[{"resourceId":"sid-27EA590D-F941-42FC-ADE0-AD8893DC906C"}],"target":{"resourceId":"sid-27EA590D-F941-42FC-ADE0-AD8893DC906C"},"properties":{"overrideid":"sid-A4AD82C4-F81F-411F-A12F-B77C5D59CB12","executionlisteners":{"executionListeners":[]}}},{"bounds":{"lowerRight":{"x":249.99999999999972,"y":170.0837419355},"upperLeft":{"x":149.99999999999972,"y":90.08374193549997}},"resourceId":"sid-B45F4D62-9B40-427F-95A2-004927195519","childShapes":[],"stencil":{"id":"ScriptTask"},"properties":{"overrideid":"sid-B45F4D62-9B40-427F-95A2-004927195519","name":"Generate Contract Number","scriptformat":"javascript","scripttext":"// calculate the random ID\nvar caseId=Math.floor((Math.random() * 100000) + 1);\nexecution.setVariable(\"contract_number\",caseId.toString());","executionlisteners":{"executionListeners":[]},"isforcompensation":false,"asynchronousdefinition":true,"exclusivedefinition":false},"outgoing":[{"resourceId":"sid-26DCCA83-C7FB-4FC1-B416-7FED4C81AA10"}]},{"bounds":{"lowerRight":{"x":400.0,"y":169.99999999999997},"upperLeft":{"x":300.0,"y":90.0}},"resourceId":"sid-EA5E84D0-6F04-43DA-B60C-EC6774C91D29","childShapes":[],"stencil":{"id":"GenerateDocumentTask"},"properties":{"overrideid":"sid-EA5E84D0-6F04-43DA-B60C-EC6774C91D29","name":"Generate Contract Document","generatedocumenttaskoutputformat":"word","generatedocumentfilename":"Contract ${contract_number}","executionvariable_document":{"variableName":"document","variableType":"document"},"additionaldatasources_document":"","additionaldatasourcenames_document":"","generatedocumenttemplate":{"id":1,"name":"Contract Model.docx"},"executionlisteners":{"executionListeners":[]},"isforcompensation":false,"asynchronousdefinition":true,"exclusivedefinition":true},"outgoing":[{"resourceId":"sid-7438F91F-F660-43AC-B551-3469953472DE"}]},{"bounds":{"lowerRight":{"x":75.0,"y":145.08374193550003},"upperLeft":{"x":45.0,"y":115.08374193550003}},"resourceId":"startEvent1","childShapes":[],"stencil":{"id":"StartNoneEvent"},"properties":{"overrideid":"startEvent1","name":"New contract","formreference":{"id":51,"name":"New contract"},"executionlisteners":{"executionListeners":[]},"asynchronousdefinition":false,"exclusivedefinition":false},"outgoing":[{"resourceId":"sid-B7362DCB-8E3C-4656-BB61-3B8D8D24F18C"}]},{"bounds":{"lowerRight":{"x":1153.1210967739999,"y":459.16748387100006},"upperLeft":{"x":1125.1210967739999,"y":431.16748387100006}},"resourceId":"sid-27EA590D-F941-42FC-ADE0-AD8893DC906C","childShapes":[],"stencil":{"id":"EndNoneEvent"},"properties":{"overrideid":"sid-27EA590D-F941-42FC-ADE0-AD8893DC906C","executionlisteners":{"executionListeners":[]},"asynchronousdefinition":false,"exclusivedefinition":false},"outgoing":[]},{"bounds":{"lowerRight":{"x":1045.242193548,"y":485.16748387100006},"upperLeft":{"x":945.0,"y":405.0}},"resourceId":"sid-7EAEED6E-33C6-4188-99C5-5B0824F6D73A","childShapes":[],"stencil":{"id":"PublishToAlfrescoCloudTask"},"properties":{"overrideid":"sid-7EAEED6E-33C6-4188-99C5-5B0824F6D73A","name":"Save documents","alfresco_cloud_destination":{"account":"alfresco-1-alfresco-1","site":"products","publish_as_type":"process_initiator","path":"7d881b28-f4bc-45b9-9510-c0756b0aa79e","folder":"company","path_title":"documentLibrary","site_title":"Products","publish-task-type":"alfresco"},"alfresco_cloud_content":{"source":"process","metaDataColumnDefinitions":[],"documentType":"cmis:document","documentAspects":[{"aspectName":"cm:titled"}]},"executionlisteners":{"executionListeners":[]},"isforcompensation":false,"asynchronousdefinition":true,"exclusivedefinition":true},"outgoing":[{"resourceId":"sid-A4AD82C4-F81F-411F-A12F-B77C5D59CB12"}]},{"bounds":{"lowerRight":{"x":400.0,"y":320.0},"upperLeft":{"x":300.0,"y":240.0}},"resourceId":"sid-6535E240-15A1-44CF-87E4-EE672478A0B8","childShapes":[],"stencil":{"id":"ScriptTask"},"properties":{"overrideid":"sid-6535E240-15A1-44CF-87E4-EE672478A0B8","name":"Prepare Envelope","scriptformat":"groovy","scripttext":"import com.activiti.service.runtime.RelatedContentService;\nimport com.activiti.service.runtime.RelatedContentStreamProvider;\nimport com.activiti.domain.runtime.RelatedContent;\nimport java.io.InputStream;\nimport org.apache.commons.io.IOUtils;\nimport java.nio.charset.StandardCharsets;\nimport java.util.Base64;\nimport com.activiti.domain.idm.EndpointConfiguration;\nimport com.activiti.service.api.EndpointService;\nimport groovy.json.JsonSlurper\n\n// gets the bearer token for the authentication\nEndpointConfiguration endpointConfig = endpointService.getConfigurationByName(\"Docusign Demo Server\");\nmyHeaders=endpointConfig.getRequestHeaders();\nJsonSlurper slurper = new JsonSlurper();\nArrayList parsedRequests = slurper.parseText(myHeaders);\nmyBearerToken=parsedRequests[0].value;\n\ndocusignAccountId = parsedRequests[2].value;\nexecution.setVariable('docusign_account_id', docusignAccountId);\n\n// gets the document stream\nString fileVariableName = \"document\";\nList<RelatedContent> contentList = relatedContentService.getFieldContentForProcessInstance(execution.getProcessInstanceId(), fileVariableName, 1, 0).getContent();\nRelatedContent content = contentList.get(0);\n\nInputStream is = relatedContentStreamProvider.getContentStream(content);\nbyte[] documentBytes = new byte[(int)content.getContentSize()];\nis.read(documentBytes, 0, documentBytes.length);\nis.close();\n\nBase64.Encoder enc1 = Base64.getEncoder();\nString resultBase64Encoded = enc1.encodeToString(documentBytes);\n\n// add the variables to the execution context\nexecution.setVariable('docusign_token',myBearerToken);\nexecution.setVariable('sign_document',resultBase64Encoded);\n\nprintln \"docusign_token >>> \" + docusign_token\nprintln \"docusign_account_id >>> \" + docusignAccountId\n","executionlisteners":{"executionListeners":[]},"isforcompensation":false,"asynchronousdefinition":false,"exclusivedefinition":false},"outgoing":[{"resourceId":"sid-CBB69311-318B-4ECD-BDC9-40C375C20A6B"}]},{"bounds":{"lowerRight":{"x":565.0,"y":320.0},"upperLeft":{"x":465.0,"y":240.0}},"resourceId":"sid-3D2E0E26-94C3-4D65-BABB-91A46EAE8A65","childShapes":[],"stencil":{"id":"RestCallTask"},"properties":{"overrideid":"sid-3D2E0E26-94C3-4D65-BABB-91A46EAE8A65","name":"Send the Doc","restcalltask_endpoint":{"rest_url":"/v2.1/accounts/${docusign_account_id}/envelopes","http_method":"POST","endpoint_config":{"id":"1","name":"Docusign Demo Server"}},"restcalltask_request_mapping":{"isJSONTemplate":true,"jsonTemplate":"{\n    \"emailSubject\": \"Please sign this contract document\",\n    \"documents\": [\n        {\n            \"documentBase64\": \"${sign_document}\",\n            \"name\": \"Contract Document\",\n            \"fileExtension\": \"txt\",\n            \"documentId\": \"1\"\n        }\n    ],\n    \"recipients\": {\n        \"signers\": [\n            {\n                \"email\": ${signer_email},\n                \"name\": ${signer_name},\n                \"recipientId\": \"1\",\n                \"routingOrder\": \"1\",\n                \"tabs\": {\n                    \"signHereTabs\": [\n                        {\n                           \"documentId\": \"1\", \"pageNumber\": \"3\",\n                            \"recipientId\": \"1\", \"tabLabel\": \"SignHereTab\",\n                            \"xPosition\": \"430\", \"yPosition\": \"610\"\n                        }\n                    ]\n                }\n            }\n        ]\n    },\n    \"status\": \"sent\"\n}"},"restcalltask_response_mapping":[{"jsonPropertyName":".","processVariableName":"response","processVariableType":"string"},{"jsonPropertyName":"envelopeId","processVariableName":"envelopeId","processVariableType":"string"}],"restcalltask_request_headers":[{"name":"Authorization","value":"${docusign_token}"},{"name":"Content-Type","value":"application/json"},{"name":"DocuSignAccountID","value":"${docusign_account_id}"}],"servicetaskfields":{"fields":[{"name":"baseEndpoint","stringValue":"1"},{"name":"baseEndpointName","stringValue":"Docusign Demo Server"},{"name":"restUrl","stringValue":"/v2.1/accounts/${docusign_account_id}/envelopes"},{"name":"httpMethod","stringValue":"POST"},{"name":"requestMappingJSONTemplate","expression":"{\n    \"emailSubject\": \"Please sign this contract document\",\n    \"documents\": [\n        {\n            \"documentBase64\": \"${sign_document}\",\n            \"name\": \"Contract Document\",\n            \"fileExtension\": \"txt\",\n            \"documentId\": \"1\"\n        }\n    ],\n    \"recipients\": {\n        \"signers\": [\n            {\n                \"email\": ${signer_email},\n                \"name\": ${signer_name},\n                \"recipientId\": \"1\",\n                \"routingOrder\": \"1\",\n                \"tabs\": {\n                    \"signHereTabs\": [\n                        {\n                           \"documentId\": \"1\", \"pageNumber\": \"3\",\n                            \"recipientId\": \"1\", \"tabLabel\": \"SignHereTab\",\n                            \"xPosition\": \"430\", \"yPosition\": \"610\"\n                        }\n                    ]\n                }\n            }\n        ]\n    },\n    \"status\": \"sent\"\n}"}]},"executionlisteners":{"executionListeners":[]},"isforcompensation":false,"asynchronousdefinition":true,"exclusivedefinition":true},"outgoing":[{"resourceId":"sid-455C6FBE-C337-479A-A346-449E1CA866A5"}]},{"bounds":{"lowerRight":{"x":805.0,"y":320.0},"upperLeft":{"x":705.0,"y":240.0}},"resourceId":"sid-6348A005-4FD7-4E96-A9B5-42088E80A71F","childShapes":[],"stencil":{"id":"RestCallTask"},"properties":{"overrideid":"sid-6348A005-4FD7-4E96-A9B5-42088E80A71F","name":"Check if Signed","restcalltask_endpoint":{"rest_url":"/v2.1/accounts/${docusign_account_id}/envelopes/${envelopeId}/","http_method":"GET","endpoint_config":{"id":"1","name":"Docusign Demo Server"}},"restcalltask_request_mapping":[],"restcalltask_response_mapping":[{"jsonPropertyName":"status","processVariableName":"status","processVariableType":"string"}],"restcalltask_request_headers":[{"name":"Content-Transfer-Encoding","value":"base64"},{"name":"Authorization","value":"${docusign_token}"},{"name":"Content-Type","value":"application/json"},{"name":"DocuSignAccountID","value":"${docusign_account_id}"}],"servicetaskfields":{"fields":[{"name":"baseEndpoint","stringValue":"1"},{"name":"baseEndpointName","stringValue":"Docusign Demo Server"},{"name":"restUrl","stringValue":"/v2.1/accounts/${docusign_account_id}/envelopes/${envelopeId}/"},{"name":"httpMethod","stringValue":"GET"}]},"executionlisteners":{"executionListeners":[]},"isforcompensation":false,"asynchronousdefinition":true,"exclusivedefinition":true},"outgoing":[{"resourceId":"sid-DE76B13B-9D8D-4DDD-8CBE-D49830BFC5C8"}]},{"bounds":{"lowerRight":{"x":1045.1210967739999,"y":320.0},"upperLeft":{"x":945.121096774,"y":240.0}},"resourceId":"sid-1EBD9484-4B4D-4F91-9B40-AA7F25BCF11B","childShapes":[],"stencil":{"id":"ScriptTask"},"properties":{"overrideid":"sid-1EBD9484-4B4D-4F91-9B40-AA7F25BCF11B","name":"Get the document","scriptformat":"groovy","scripttext":"import com.activiti.service.runtime.RelatedContentService;\nimport com.activiti.service.runtime.RelatedContentStreamProvider;\nimport com.activiti.domain.runtime.RelatedContent;\nimport java.io.InputStream;\nimport org.apache.commons.io.IOUtils;\nimport java.nio.charset.StandardCharsets;\nimport java.util.Base64;\nimport java.io.File;\nimport java.io.FileInputStream;\nimport java.io.FileOutputStream;\n\n\nimport org.springframework.transaction.support.TransactionSynchronizationAdapter;\nimport org.springframework.transaction.support.TransactionSynchronizationManager;\n\nimport com.activiti.security.SecurityUtils;\n \n// get variables:\n\nString envelopId=execution.getVariable('envelopeId');\nString docusignToken=execution.getVariable('docusign_token');\nString docusignAccountId = execution.getVariable('docusign_account_id');\n\nprintln \"envelopeId >>> \" + envelopeId\n\n \ndef connection = new URL( \"https://demo.docusign.net/restapi/v2.1/accounts/\"+docusignAccountId+\"/envelopes/\"+envelopeId+\"/documents/1\")\n        .openConnection() as HttpURLConnection\n\n// set some headers\nconnection.setRequestProperty( 'Authorization', docusignToken)\nconnection.setRequestProperty( 'Content-Type', 'application/pdf' )\nconnection.setRequestProperty( 'Content-Transfer-Encoding', 'base64' )\n\n//println connection.responseCode + \": \" + \n\n//execution.setVariable('document_signed',connection.inputStream.text);\n\n\nInputStream iss = connection.getInputStream();\n\nFile tempFile = File.createTempFile(\"document\", \"pdf\");\n\nFileOutputStream outputStream = new FileOutputStream(tempFile);\n\n\nint bytesRead = -1;\nbyte[] buffer = new byte[4096];\nwhile ((bytesRead = iss.read(buffer)) != -1) {\n    outputStream.write(buffer, 0, bytesRead);\n}\n \n            outputStream.close();\n            iss.close();\n\n\n\n//outputStream.write(connection.inputStream);\n//outputStream.flush();\n//outputStream.close();\n\n\n// Store related content\n \nInputStream iS=new FileInputStream(tempFile)\n\nfinal RelatedContent relatedContent = relatedContentService.createRelatedContent(\n\t\t\t\tSecurityUtils.getCurrentUserObject(), \"document_signed\" + \".pdf\", null, null, null,\n\t\t\t\texecution.getProcessInstanceId(), \"document_signed\", \"application/pdf\", iS , null);\n\n\n\tif (iS != null) {\n\t\t\ttry {\n\t\t\t\tiS.close();\n\t\t\t} catch (IOException e) {\n\t\t\t}\n\t\t}\n\n\t\tTransactionSynchronizationManager.registerSynchronization(new TransactionSynchronizationAdapter() {\n\t\t \t@Override\n\t\t\tpublic void afterCommit() {\n\t\t \t\tcontentRenditionService.asyncProcessContentAndQueueRendition(relatedContent.getId());\n\t\t \t}\n\t\t});\n\n\t\t\t\t\t\n\t\t\t\t\t\ntempFile.delete();\n\n\t\t\t// Store execution variable\n\t\t\tif (relatedContent != null) {\n\t\t\t\texecution.setVariable(\"document_signed\", relatedContent.getId());\n\t\t\t}\n","executionlisteners":{"executionListeners":[]},"isforcompensation":false,"asynchronousdefinition":false,"exclusivedefinition":false},"outgoing":[{"resourceId":"sid-533C137A-2A0B-4CED-931A-806EFDC2D2FB"}]},{"bounds":{"lowerRight":{"x":646.0,"y":295.5},"upperLeft":{"x":615.0,"y":264.5}},"resourceId":"sid-0612F6AD-FA35-4BCB-A10B-8E3C8975D7A2","childShapes":[],"stencil":{"id":"CatchTimerEvent"},"properties":{"overrideid":"sid-0612F6AD-FA35-4BCB-A10B-8E3C8975D7A2","timercycledefinition":"R20/PT30S","executionlisteners":{"executionListeners":[]},"asynchronousdefinition":false,"exclusivedefinition":false},"outgoing":[{"resourceId":"sid-F971AEE6-1E48-4F3B-BD0F-E5DAF781589E"}]},{"bounds":{"lowerRight":{"x":172.0,"y":212.0},"upperLeft":{"x":128.0,"y":212.0}},"resourceId":"sid-CBB69311-318B-4ECD-BDC9-40C375C20A6B","childShapes":[],"stencil":{"id":"SequenceFlow"},"dockers":[{"x":50.0,"y":40.0},{"x":50.0,"y":40.0}],"outgoing":[{"resourceId":"sid-3D2E0E26-94C3-4D65-BABB-91A46EAE8A65"}],"target":{"resourceId":"sid-3D2E0E26-94C3-4D65-BABB-91A46EAE8A65"},"properties":{"overrideid":"sid-CBB69311-318B-4ECD-BDC9-40C375C20A6B","executionlisteners":{"executionListeners":[]}}},{"bounds":{"lowerRight":{"x":172.0,"y":212.0},"upperLeft":{"x":128.0,"y":212.0}},"resourceId":"sid-455C6FBE-C337-479A-A346-449E1CA866A5","childShapes":[],"stencil":{"id":"SequenceFlow"},"dockers":[{"x":50.0,"y":40.0},{"x":15.5,"y":15.5}],"outgoing":[{"resourceId":"sid-0612F6AD-FA35-4BCB-A10B-8E3C8975D7A2"}],"target":{"resourceId":"sid-0612F6AD-FA35-4BCB-A10B-8E3C8975D7A2"},"properties":{"overrideid":"sid-455C6FBE-C337-479A-A346-449E1CA866A5","executionlisteners":{"executionListeners":[]}}},{"bounds":{"lowerRight":{"x":172.0,"y":212.0},"upperLeft":{"x":128.0,"y":212.0}},"resourceId":"sid-F971AEE6-1E48-4F3B-BD0F-E5DAF781589E","childShapes":[],"stencil":{"id":"SequenceFlow"},"dockers":[{"x":15.5,"y":15.5},{"x":50.0,"y":40.0}],"outgoing":[{"resourceId":"sid-6348A005-4FD7-4E96-A9B5-42088E80A71F"}],"target":{"resourceId":"sid-6348A005-4FD7-4E96-A9B5-42088E80A71F"},"properties":{"overrideid":"sid-F971AEE6-1E48-4F3B-BD0F-E5DAF781589E","executionlisteners":{"executionListeners":[]}}},{"bounds":{"lowerRight":{"x":890.0,"y":300.0},"upperLeft":{"x":850.0,"y":260.0}},"resourceId":"sid-C413BD3E-203A-4287-8FF0-F3A328CF1255","childShapes":[],"stencil":{"id":"ExclusiveGateway"},"properties":{"overrideid":"sid-C413BD3E-203A-4287-8FF0-F3A328CF1255","executionlisteners":{"executionListeners":[]},"asynchronousdefinition":false,"exclusivedefinition":false,"sequencefloworder":{"sequenceFlowOrder":["sid-94BBB30F-FF0F-420E-BEC3-D2CC0393F9CB","sid-17A6B0FC-F0FE-4D6D-A23B-C5D228823DEF"]}},"outgoing":[{"resourceId":"sid-94BBB30F-FF0F-420E-BEC3-D2CC0393F9CB"},{"resourceId":"sid-17A6B0FC-F0FE-4D6D-A23B-C5D228823DEF"}]},{"bounds":{"lowerRight":{"x":172.0,"y":212.0},"upperLeft":{"x":128.0,"y":212.0}},"resourceId":"sid-DE76B13B-9D8D-4DDD-8CBE-D49830BFC5C8","childShapes":[],"stencil":{"id":"SequenceFlow"},"dockers":[{"x":50.0,"y":40.0},{"x":20.0,"y":20.0}],"outgoing":[{"resourceId":"sid-C413BD3E-203A-4287-8FF0-F3A328CF1255"}],"target":{"resourceId":"sid-C413BD3E-203A-4287-8FF0-F3A328CF1255"},"properties":{"overrideid":"sid-DE76B13B-9D8D-4DDD-8CBE-D49830BFC5C8","executionlisteners":{"executionListeners":[]}}},{"bounds":{"lowerRight":{"x":172.0,"y":212.0},"upperLeft":{"x":128.0,"y":212.0}},"resourceId":"sid-94BBB30F-FF0F-420E-BEC3-D2CC0393F9CB","childShapes":[],"stencil":{"id":"SequenceFlow"},"dockers":[{"x":20.0,"y":20.0},{"x":870.5,"y":375.0},{"x":630.5,"y":375.0},{"x":15.5,"y":15.5}],"outgoing":[{"resourceId":"sid-0612F6AD-FA35-4BCB-A10B-8E3C8975D7A2"}],"target":{"resourceId":"sid-0612F6AD-FA35-4BCB-A10B-8E3C8975D7A2"},"properties":{"overrideid":"sid-94BBB30F-FF0F-420E-BEC3-D2CC0393F9CB","executionlisteners":{"executionListeners":[]},"defaultflow":true}},{"bounds":{"lowerRight":{"x":172.0,"y":212.0},"upperLeft":{"x":128.0,"y":212.0}},"resourceId":"sid-17A6B0FC-F0FE-4D6D-A23B-C5D228823DEF","childShapes":[],"stencil":{"id":"SequenceFlow"},"dockers":[{"x":20.0,"y":20.0},{"x":49.99999999999994,"y":40.0}],"outgoing":[{"resourceId":"sid-1EBD9484-4B4D-4F91-9B40-AA7F25BCF11B"}],"target":{"resourceId":"sid-1EBD9484-4B4D-4F91-9B40-AA7F25BCF11B"},"properties":{"overrideid":"sid-17A6B0FC-F0FE-4D6D-A23B-C5D228823DEF","executionlisteners":{"executionListeners":[]},"conditionsequenceflow":{"expression":{"index":"0","leftRestResponseId":"status","leftRestResponseType":"string","rightValue":"completed","operator":"==","type":"variables"}}}},{"bounds":{"lowerRight":{"x":172.0,"y":212.0},"upperLeft":{"x":128.0,"y":212.0}},"resourceId":"sid-7438F91F-F660-43AC-B551-3469953472DE","childShapes":[],"stencil":{"id":"SequenceFlow"},"dockers":[{"x":50.0,"y":39.999999999999986},{"x":50.0,"y":40.0}],"outgoing":[{"resourceId":"sid-6535E240-15A1-44CF-87E4-EE672478A0B8"}],"target":{"resourceId":"sid-6535E240-15A1-44CF-87E4-EE672478A0B8"},"properties":{"overrideid":"sid-7438F91F-F660-43AC-B551-3469953472DE","executionlisteners":{"executionListeners":[]}}},{"bounds":{"lowerRight":{"x":172.0,"y":212.0},"upperLeft":{"x":128.0,"y":212.0}},"resourceId":"sid-533C137A-2A0B-4CED-931A-806EFDC2D2FB","childShapes":[],"stencil":{"id":"SequenceFlow"},"dockers":[{"x":49.99999999999994,"y":40.0},{"x":50.121096773999966,"y":40.08374193550003}],"outgoing":[{"resourceId":"sid-7EAEED6E-33C6-4188-99C5-5B0824F6D73A"}],"target":{"resourceId":"sid-7EAEED6E-33C6-4188-99C5-5B0824F6D73A"},"properties":{"overrideid":"sid-533C137A-2A0B-4CED-931A-806EFDC2D2FB","executionlisteners":{"executionListeners":[]}}}]}