{"resourceId":2018,"properties":{"process_id":"p1","name":"p1","documentation":"","process_author":"","process_version":"","process_namespace":"http://www.activiti.org/processdef","executionlisteners":"","eventlisteners":"","signaldefinitions":"","messagedefinitions":"","executionvariables":"","metadata":"[{\"key\":\"saf\",\"value\":\"23\",\"$$hashKey\":\"uiGrid-0035\"}]"},"stencil":{"id":"BPMNDiagram"},"childShapes":[{"resourceId":"startEvent1","properties":{"overrideid":"","name":"","documentation":"","executionlisteners":"","initiator":"","formkeydefinition":"","formreference":{"id":3005,"name":"p1","referenceId":2018},"fieldstovariables":"","formproperties":""},"stencil":{"id":"StartNoneEvent"},"childShapes":[],"outgoing":[{"resourceId":"sid-24F7B8F9-1910-4A27-80D2-6D60E592CB20"}],"bounds":{"lowerRight":{"x":130,"y":210},"upperLeft":{"x":100,"y":180}},"dockers":[]},{"resourceId":"sid-0CCD8E38-AC15-4D29-92F2-D3A10005017C","properties":{"overrideid":"","name":"call child","documentation":"","asynchronousdefinition":"false","exclusivedefinition":"false","executionlisteners":"","callactivitycalledelement":"childp","callactivityinparameters":{"inParameters":[{"source":"","sourceExpression":"${execution.getProcessInstanceId()}","target":"superProcessInstanceId","$$hashKey":"uiGrid-005U"},{"source":"initiator","sourceExpression":"","target":"initiator","$$hashKey":"uiGrid-0065"}]},"callactivityoutparameters":"","multiinstance_type":"None","multiinstance_cardinality":"","multiinstance_collection":"","multiinstance_variable":"","multiinstance_condition":"","isforcompensation":"false"},"stencil":{"id":"CallActivity"},"childShapes":[],"outgoing":[{"resourceId":"sid-65B7B33D-AC91-466A-8DB8-62F3FD015104"}],"bounds":{"lowerRight":{"x":355,"y":245},"upperLeft":{"x":255,"y":165}},"dockers":[]},{"resourceId":"sid-AA2B8F2B-90CE-4494-9F4B-38E8D72723D5","properties":{"overrideid":"","name":"","documentation":"","executionlisteners":""},"stencil":{"id":"EndNoneEvent"},"childShapes":[],"outgoing":[],"bounds":{"lowerRight":{"x":673,"y":192},"upperLeft":{"x":645,"y":164}},"dockers":[]},{"resourceId":"sid-65B7B33D-AC91-466A-8DB8-62F3FD015104","properties":{"overrideid":"","name":"","documentation":"","conditionsequenceflow":"","executionlisteners":"","defaultflow":"false"},"stencil":{"id":"SequenceFlow"},"childShapes":[],"outgoing":[{"resourceId":"sid-AA2B8F2B-90CE-4494-9F4B-38E8D72723D5"}],"bounds":{"lowerRight":{"x":644.3359375,"y":205},"upperLeft":{"x":355.51171875,"y":178}},"dockers":[{"x":50,"y":40},{"x":500,"y":205},{"x":500,"y":178},{"x":14,"y":14}],"target":{"resourceId":"sid-AA2B8F2B-90CE-4494-9F4B-38E8D72723D5"}},{"resourceId":"sid-24F7B8F9-1910-4A27-80D2-6D60E592CB20","properties":{"overrideid":"","name":"","documentation":"","conditionsequenceflow":"","executionlisteners":"","defaultflow":"false","showdiamondmarker":false},"stencil":{"id":"SequenceFlow"},"childShapes":[],"outgoing":[{"resourceId":"sid-0CCD8E38-AC15-4D29-92F2-D3A10005017C"}],"bounds":{"lowerRight":{"x":254.18723969719986,"y":200.64906027988255},"upperLeft":{"x":130.37656932353914,"y":195.42614048933595}},"dockers":[{"x":15,"y":15},{"x":223.25,"y":198},{"x":50,"y":40}],"target":{"resourceId":"sid-0CCD8E38-AC15-4D29-92F2-D3A10005017C"}}],"bounds":{"lowerRight":{"x":1200,"y":1050},"upperLeft":{"x":0,"y":0}},"stencilset":{"url":"stencilsets/bpmn2.0/bpmn2.0.json","namespace":"http://b3mn.org/stencilset/bpmn2.0#"},"ssextensions":[]}