{"name":"Bert Tester","description":"","definition":{"models":[{"id":16047,"name":"Create Folder With APS Data","version":2,"modelType":0,"description":"","stencilSetId":0,"createdByFullName":"Demo User","createdBy":2,"lastUpdatedByFullName":"Demo User","lastUpdatedBy":2,"lastUpdated":"2018-09-28T21:03:24.723+0000"},{"id":16046,"name":"StartProcessByAttachingFile","version":2,"modelType":0,"description":"","stencilSetId":0,"createdByFullName":"Demo User","createdBy":2,"lastUpdatedByFullName":"Demo User","lastUpdatedBy":2,"lastUpdated":"2018-09-28T20:36:31.330+0000"}],"theme":"theme-1","icon":"glyphicon-asterisk","publishIdentityInfo":[]}}