<?xml version='1.0' encoding='UTF-8'?>
<definitions xmlns="http://www.omg.org/spec/BPMN/20100524/MODEL" xmlns:xsi="http://www.w3.org/2001/XMLSchema-instance" xmlns:xsd="http://www.w3.org/2001/XMLSchema" xmlns:activiti="http://activiti.org/bpmn" xmlns:bpmndi="http://www.omg.org/spec/BPMN/20100524/DI" xmlns:omgdc="http://www.omg.org/spec/DD/20100524/DC" xmlns:omgdi="http://www.omg.org/spec/DD/20100524/DI" typeLanguage="http://www.w3.org/2001/XMLSchema" expressionLanguage="http://www.w3.org/1999/XPath" targetNamespace="http://www.activiti.org/processdef" xmlns:modeler="http://activiti.com/modeler" modeler:version="1.0en" modeler:exportDateTime="20200211172215740" modeler:modelId="2029" modeler:modelVersion="40" modeler:modelLastUpdated="1581357637461">
  <collaboration id="Collaboration">
    <participant id="sid-D810C013-4641-47E1-9009-B1D0E44AC3CB" name="Change Of Address" processRef="Process_sid-D810C013-4641-47E1-9009-B1D0E44AC3CB"/>
  </collaboration>
  <process id="Process_sid-D810C013-4641-47E1-9009-B1D0E44AC3CB" name="Change Of Address" isExecutable="true">
    <extensionElements>
      <modeler:executionvariables xmlns:modeler="http://activiti.com/modeler" modeler:variableName="memberID" modeler:variableType="string"/>
      <modeler:executionvariables xmlns:modeler="http://activiti.com/modeler" modeler:variableName="firstName" modeler:variableType="string"/>
      <modeler:executionvariables xmlns:modeler="http://activiti.com/modeler" modeler:variableName="lastName" modeler:variableType="string"/>
      <modeler:executionvariables xmlns:modeler="http://activiti.com/modeler" modeler:variableName="middleInitial" modeler:variableType="string"/>
      <modeler:executionvariables xmlns:modeler="http://activiti.com/modeler" modeler:variableName="dob" modeler:variableType="string"/>
      <modeler:executionvariables xmlns:modeler="http://activiti.com/modeler" modeler:variableName="email" modeler:variableType="string"/>
      <modeler:executionvariables xmlns:modeler="http://activiti.com/modeler" modeler:variableName="homePhone" modeler:variableType="string"/>
      <modeler:executionvariables xmlns:modeler="http://activiti.com/modeler" modeler:variableName="mobilePhone" modeler:variableType="string"/>
      <modeler:executionvariables xmlns:modeler="http://activiti.com/modeler" modeler:variableName="addressLine1" modeler:variableType="string"/>
      <modeler:executionvariables xmlns:modeler="http://activiti.com/modeler" modeler:variableName="addressLine2" modeler:variableType="string"/>
      <modeler:executionvariables xmlns:modeler="http://activiti.com/modeler" modeler:variableName="city" modeler:variableType="string"/>
      <modeler:executionvariables xmlns:modeler="http://activiti.com/modeler" modeler:variableName="state" modeler:variableType="string"/>
      <modeler:executionvariables xmlns:modeler="http://activiti.com/modeler" modeler:variableName="zipCode" modeler:variableType="string"/>
      <modeler:executionvariables xmlns:modeler="http://activiti.com/modeler" modeler:variableName="country" modeler:variableType="string"/>
      <modeler:executionvariables xmlns:modeler="http://activiti.com/modeler" modeler:variableName="policyNumber" modeler:variableType="string"/>
      <modeler:executionvariables xmlns:modeler="http://activiti.com/modeler" modeler:variableName="groupNumber" modeler:variableType="string"/>
      <modeler:executionvariables xmlns:modeler="http://activiti.com/modeler" modeler:variableName="newAddressLine1" modeler:variableType="string"/>
      <modeler:executionvariables xmlns:modeler="http://activiti.com/modeler" modeler:variableName="newAddressLine2" modeler:variableType="string"/>
      <modeler:executionvariables xmlns:modeler="http://activiti.com/modeler" modeler:variableName="newCity" modeler:variableType="string"/>
      <modeler:executionvariables xmlns:modeler="http://activiti.com/modeler" modeler:variableName="newState" modeler:variableType="string"/>
      <modeler:executionvariables xmlns:modeler="http://activiti.com/modeler" modeler:variableName="newZipCode" modeler:variableType="string"/>
      <modeler:executionvariables xmlns:modeler="http://activiti.com/modeler" modeler:variableName="newCountry" modeler:variableType="string"/>
      <modeler:executionvariables xmlns:modeler="http://activiti.com/modeler" modeler:variableName="sign_data" modeler:variableType="string"/>
      <modeler:executionvariables xmlns:modeler="http://activiti.com/modeler" modeler:variableName="sign" modeler:variableType="string"/>
      <modeler:executionvariables xmlns:modeler="http://activiti.com/modeler" modeler:variableName="signatureDateAsString" modeler:variableType="string"/>
      <modeler:executionvariables xmlns:modeler="http://activiti.com/modeler" modeler:variableName="adfURL" modeler:variableType="string"/>
    </extensionElements>
    <laneSet id="laneSet_Process_sid-D810C013-4641-47E1-9009-B1D0E44AC3CB">
      <lane id="sid-6C9AD06A-C55B-4D47-A2E2-935D0C88CCEA">
        <extensionElements>
          <modeler:editor-resource-id xmlns:modeler="http://activiti.com/modeler"><![CDATA[sid-6C9AD06A-C55B-4D47-A2E2-935D0C88CCEA]]></modeler:editor-resource-id>
        </extensionElements>
        <flowNodeRef>startEvent1</flowNodeRef>
        <flowNodeRef>sid-FBA6502A-FEF7-4EFF-BBDD-8B3E657537EC</flowNodeRef>
        <flowNodeRef>sid-1A5FEE40-208F-4D9B-95A8-D9A250A8DD5E</flowNodeRef>
        <flowNodeRef>sid-30FEF124-7192-4233-9FAA-AF0B6D6CF134</flowNodeRef>
        <flowNodeRef>sid-FFDD434B-0A45-42EF-AE1A-3BC9E08E0F37</flowNodeRef>
        <flowNodeRef>sid-845CA086-C4A7-4ECF-A2FE-E1F92FD15591</flowNodeRef>
        <flowNodeRef>sid-14786B05-F2D5-4E9B-B8C6-8C4E011F1B69</flowNodeRef>
        <flowNodeRef>sid-76553C23-B2A3-441A-9BAA-A34F49C39C24</flowNodeRef>
        <flowNodeRef>sid-59148BF4-E5C8-4897-AB1A-9A3F77B22C1A</flowNodeRef>
        <flowNodeRef>sid-38E4DB9B-C4D7-474E-A492-5F79A27FFCE7</flowNodeRef>
        <flowNodeRef>sid-8119CFBD-8DAD-4F24-AFAF-D38A84523D72</flowNodeRef>
        <flowNodeRef>sid-D61CB669-BB52-4AB5-94A0-1A86303CC722</flowNodeRef>
        <flowNodeRef>sid-422FD729-7BE0-4334-8146-0CC898F08AD9</flowNodeRef>
        <flowNodeRef>sid-3AA993C9-2F4E-414D-B71D-386E9611582D</flowNodeRef>
        <flowNodeRef>sid-24B17FC7-EC23-4C4D-B203-4CFD15A0265D</flowNodeRef>
        <flowNodeRef>sid-2C7747FD-3E13-4A00-9832-14EBC62B238B</flowNodeRef>
        <flowNodeRef>sid-D72F4E98-3694-49E4-8C6B-A8137E3E09A3</flowNodeRef>
        <flowNodeRef>sid-42AAC117-4BAF-4A3E-A16B-0EEA36023526</flowNodeRef>
        <flowNodeRef>sid-3CE56EED-6F2F-463B-BC73-397BD6A032E8</flowNodeRef>
      </lane>
    </laneSet>
    <startEvent id="startEvent1" name="Start">
      <extensionElements>
        <modeler:editor-resource-id><![CDATA[startEvent1]]></modeler:editor-resource-id>
      </extensionElements>
    </startEvent>
    <scriptTask id="sid-FBA6502A-FEF7-4EFF-BBDD-8B3E657537EC" name="Init" scriptFormat="groovy" activiti:autoStoreVariables="false">
      <extensionElements>
        <modeler:editor-resource-id><![CDATA[sid-FBA6502A-FEF7-4EFF-BBDD-8B3E657537EC]]></modeler:editor-resource-id>
      </extensionElements>
      <script><![CDATA[execution.setVariable("memberID", "120460");
execution.setVariable("adfURL", "http://localhost:4500");]]></script>
    </scriptTask>
    <serviceTask id="sid-1A5FEE40-208F-4D9B-95A8-D9A250A8DD5E" name="Lookup Customer" activiti:async="true" activiti:delegateExpression="${activiti_restCallDelegate}">
      <extensionElements>
        <activiti:field name="baseEndpoint">
          <activiti:string><![CDATA[1001]]></activiti:string>
        </activiti:field>
        <activiti:field name="baseEndpointName">
          <activiti:string><![CDATA[JSON DB]]></activiti:string>
        </activiti:field>
        <activiti:field name="restUrl">
          <activiti:string><![CDATA[nylife-customers/${memberID}]]></activiti:string>
        </activiti:field>
        <activiti:field name="httpMethod">
          <activiti:string><![CDATA[GET]]></activiti:string>
        </activiti:field>
        <modeler:response-mapping modeler:processVariableName="firstName" modeler:processVariableType="string" modeler:jsonPropertyName="firstName"/>
        <modeler:response-mapping modeler:processVariableName="lastName" modeler:processVariableType="string" modeler:jsonPropertyName="lastName"/>
        <modeler:response-mapping modeler:processVariableName="middleInitial" modeler:processVariableType="string" modeler:jsonPropertyName="middleInitial"/>
        <modeler:response-mapping modeler:processVariableName="dob" modeler:processVariableType="string" modeler:jsonPropertyName="dob"/>
        <modeler:response-mapping modeler:processVariableName="email" modeler:processVariableType="string" modeler:jsonPropertyName="email"/>
        <modeler:response-mapping modeler:processVariableName="homePhone" modeler:processVariableType="string" modeler:jsonPropertyName="homePhone"/>
        <modeler:response-mapping modeler:processVariableName="mobilePhone" modeler:processVariableType="string" modeler:jsonPropertyName="mobilePhone"/>
        <modeler:response-mapping modeler:processVariableName="addressLine1" modeler:processVariableType="string" modeler:jsonPropertyName="addressLine1"/>
        <modeler:response-mapping modeler:processVariableName="addressLine2" modeler:processVariableType="string" modeler:jsonPropertyName="addressLine2"/>
        <modeler:response-mapping modeler:processVariableName="city" modeler:processVariableType="string" modeler:jsonPropertyName="city"/>
        <modeler:response-mapping modeler:processVariableName="state" modeler:processVariableType="string" modeler:jsonPropertyName="state"/>
        <modeler:response-mapping modeler:processVariableName="zipCode" modeler:processVariableType="string" modeler:jsonPropertyName="zipCode"/>
        <modeler:response-mapping modeler:processVariableName="country" modeler:processVariableType="string" modeler:jsonPropertyName="country"/>
        <modeler:response-mapping modeler:processVariableName="policyNumber" modeler:processVariableType="string" modeler:jsonPropertyName="policyNumber"/>
        <modeler:response-mapping modeler:processVariableName="groupNumber" modeler:processVariableType="string" modeler:jsonPropertyName="groupNumber"/>
        <modeler:editor-resource-id><![CDATA[sid-1A5FEE40-208F-4D9B-95A8-D9A250A8DD5E]]></modeler:editor-resource-id>
      </extensionElements>
    </serviceTask>
    <serviceTask id="sid-30FEF124-7192-4233-9FAA-AF0B6D6CF134" name="Send Email Notification" activiti:type="mail">
      <extensionElements>
        <activiti:field name="to">
          <activiti:expression><![CDATA[${email}]]></activiti:expression>
        </activiti:field>
        <activiti:field name="from">
          <activiti:string><![CDATA[support@nylife.com]]></activiti:string>
        </activiti:field>
        <activiti:field name="subject">
          <activiti:string><![CDATA[Change of address form]]></activiti:string>
        </activiti:field>
        <activiti:field name="html">
          <activiti:expression><![CDATA[<img src='http://localhost:4500/assets/images/nylife-logo.jpg'></img>
<br/><br/>

Dear ${firstName}:
Our records indicate that you recently made a request to update your address.
Click <a href=${adfURL}>here</a> to perform the intended action.
<br/>
If you require assistance and would prefer to contact us by phone, please call the New York Life Insurance Customer Service Center:
<br/>
+1 866 722 7310 
<br/>
+1 801 617 7435
<br/>
<br/>
Sincerely,
<br/>
New York Life Insurance Services.]]></activiti:expression>
        </activiti:field>
        <modeler:editor-resource-id><![CDATA[sid-30FEF124-7192-4233-9FAA-AF0B6D6CF134]]></modeler:editor-resource-id>
      </extensionElements>
    </serviceTask>
    <userTask id="sid-FFDD434B-0A45-42EF-AE1A-3BC9E08E0F37" name="Change Address Human Task" activiti:assignee="$INITIATOR" activiti:formKey="2034">
      <extensionElements>
        <modeler:allow-send-email><![CDATA[false]]></modeler:allow-send-email>
        <modeler:form-reference-id><![CDATA[2034]]></modeler:form-reference-id>
        <modeler:form-reference-name><![CDATA[Address Change Form]]></modeler:form-reference-name>
        <modeler:activiti-idm-initiator><![CDATA[true]]></modeler:activiti-idm-initiator>
        <modeler:editor-resource-id><![CDATA[sid-FFDD434B-0A45-42EF-AE1A-3BC9E08E0F37]]></modeler:editor-resource-id>
      </extensionElements>
    </userTask>
    <scriptTask id="sid-845CA086-C4A7-4ECF-A2FE-E1F92FD15591" name="Extract Signature and Date" scriptFormat="groovy" activiti:autoStoreVariables="false">
      <extensionElements>
        <modeler:editor-resource-id><![CDATA[sid-845CA086-C4A7-4ECF-A2FE-E1F92FD15591]]></modeler:editor-resource-id>
      </extensionElements>
      <script><![CDATA[import java.util.Base64;

def sign = execution.getVariable('sign');
execution.setVariable('sign_data',Base64.getDecoder().decode(sign.substring(sign.indexOf('base64,') + 7 , sign.length())));

def formsigneddate = execution.getVariable('signeddate');
execution.setVariable('signatureDateAsString', formsigneddate.format( 'MM/dd/yyyy' ));]]></script>
    </scriptTask>
    <serviceTask id="sid-14786B05-F2D5-4E9B-B8C6-8C4E011F1B69" name="Generate Change Address Document" activiti:async="true" activiti:delegateExpression="${activiti_generateDocumentDelegate}">
      <extensionElements>
        <activiti:field name="outputFormat">
          <activiti:string><![CDATA[pdf]]></activiti:string>
        </activiti:field>
        <activiti:field name="templateId">
          <activiti:string><![CDATA[4004]]></activiti:string>
        </activiti:field>
        <activiti:field name="templateName">
          <activiti:string><![CDATA[ChangeofAddress-template.docx]]></activiti:string>
        </activiti:field>
        <activiti:field name="variableName">
          <activiti:string><![CDATA[ChangeOfAddress]]></activiti:string>
        </activiti:field>
        <modeler:executionvariables modeler:variableName="ChangeOfAddress" modeler:variableType="document"/>
        <modeler:editor-resource-id><![CDATA[sid-14786B05-F2D5-4E9B-B8C6-8C4E011F1B69]]></modeler:editor-resource-id>
      </extensionElements>
    </serviceTask>
    <serviceTask id="sid-76553C23-B2A3-441A-9BAA-A34F49C39C24" name="Upload to Document Repository" activiti:async="true" activiti:delegateExpression="${activiti_publishAlfrescoDelegate}">
      <extensionElements>
        <activiti:field name="contentSource">
          <activiti:string><![CDATA[process]]></activiti:string>
        </activiti:field>
        <activiti:field name="metaDataMapping">
          <activiti:string><![CDATA[[{"fileProperty":"nyl:firstName","propertyType":"string","propertyValueType":"variable","processVariable":{"id":"firstName","name":"firstName","type":"string"}},{"fileProperty":"nyl:lastName","propertyType":"string","propertyValueType":"variable","processVariable":{"id":"lastName","name":"lastName","type":"string"}},{"fileProperty":"nyl:email","propertyType":"string","propertyValueType":"variable","processVariable":{"id":"email","name":"email","type":"string"}},{"fileProperty":"nyl:dob","propertyType":"string","propertyValueType":"variable","processVariable":{"id":"dob","name":"dob","type":"string"}},{"fileProperty":"nyl:policyNumber","propertyType":"string","propertyValueType":"variable","processVariable":{"id":"policyNumber","name":"policyNumber","type":"string"}},{"fileProperty":"nyl:homePhone","propertyType":"string","propertyValueType":"variable","processVariable":{"id":"homePhone","name":"homePhone","type":"string"}},{"fileProperty":"nyl:mobilePhone","propertyType":"string","propertyValueType":"variable","processVariable":{"id":"mobilePhone","name":"mobilePhone","type":"string"}}]]]></activiti:string>
        </activiti:field>
        <activiti:field name="documentType">
          <activiti:string><![CDATA[cmis:document]]></activiti:string>
        </activiti:field>
        <activiti:field name="documentAspects">
          <activiti:string><![CDATA[[{"aspectName":"cm:titled"},{"aspectName":"nyl:customerInfo"}]]]></activiti:string>
        </activiti:field>
        <activiti:field name="account">
          <activiti:string><![CDATA[alfresco-1-alfresco-1]]></activiti:string>
        </activiti:field>
        <activiti:field name="site">
          <activiti:string><![CDATA[new-york-life]]></activiti:string>
        </activiti:field>
        <activiti:field name="publishAsType">
          <activiti:string><![CDATA[process_initiator]]></activiti:string>
        </activiti:field>
        <activiti:field name="path">
          <activiti:string><![CDATA[c3e32697-ad3e-4b7f-9f35-85817c362b86]]></activiti:string>
        </activiti:field>
        <modeler:publish-task-type><![CDATA[alfresco]]></modeler:publish-task-type>
        <modeler:site_title><![CDATA[New York Life]]></modeler:site_title>
        <modeler:path_title><![CDATA[documentLibrary]]></modeler:path_title>
        <modeler:editor-resource-id><![CDATA[sid-76553C23-B2A3-441A-9BAA-A34F49C39C24]]></modeler:editor-resource-id>
      </extensionElements>
    </serviceTask>
    <serviceTask id="sid-59148BF4-E5C8-4897-AB1A-9A3F77B22C1A" name="Update Database" activiti:delegateExpression="${activiti_storeEntityDelegate}">
      <extensionElements>
        <activiti:field name="publishAsType">
          <activiti:string><![CDATA[process_initiator]]></activiti:string>
        </activiti:field>
        <modeler:entity-attribute-mapping modeler:mappedDataModel="2035" modeler:mappedEntity="CustomerInfo">
          <modeler:attribute-element-mapping modeler:attribute-name="memberId" modeler:variable-id="memberID" modeler:variable-name="memberID" modeler:variable-type="string"/>
          <modeler:attribute-element-mapping modeler:attribute-name="city" modeler:variable-id="newCity" modeler:variable-name="newCity" modeler:variable-type="string"/>
          <modeler:attribute-element-mapping modeler:attribute-name="state" modeler:variable-id="newState" modeler:variable-name="newState" modeler:variable-type="string"/>
          <modeler:attribute-element-mapping modeler:attribute-name="zipCode" modeler:variable-id="newZipCode" modeler:variable-name="newZipCode" modeler:variable-type="string"/>
          <modeler:attribute-element-mapping modeler:attribute-name="firstName" modeler:variable-id="firstName" modeler:variable-name="firstName" modeler:variable-type="string"/>
          <modeler:attribute-element-mapping modeler:attribute-name="lastName" modeler:variable-id="lastName" modeler:variable-name="lastName" modeler:variable-type="string"/>
          <modeler:attribute-element-mapping modeler:attribute-name="middleInitial" modeler:variable-id="middleInitial" modeler:variable-name="middleInitial" modeler:variable-type="string"/>
          <modeler:attribute-element-mapping modeler:attribute-name="addressLine2" modeler:variable-id="newAddressLine2" modeler:variable-name="newAddressLine2" modeler:variable-type="string"/>
          <modeler:attribute-element-mapping modeler:attribute-name="country" modeler:variable-id="newCountry" modeler:variable-name="newCountry" modeler:variable-type="string"/>
          <modeler:attribute-element-mapping modeler:attribute-name="policyNumber" modeler:variable-id="policyNumber" modeler:variable-name="policyNumber" modeler:variable-type="string"/>
          <modeler:attribute-element-mapping modeler:attribute-name="dob" modeler:variable-id="dob" modeler:variable-name="dob" modeler:variable-type="string"/>
          <modeler:attribute-element-mapping modeler:attribute-name="email" modeler:variable-id="email" modeler:variable-name="email" modeler:variable-type="string"/>
          <modeler:attribute-element-mapping modeler:attribute-name="homePhone" modeler:variable-id="homePhone" modeler:variable-name="homePhone" modeler:variable-type="string"/>
          <modeler:attribute-element-mapping modeler:attribute-name="addressLine1" modeler:variable-id="newAddressLine1" modeler:variable-name="newAddressLine1" modeler:variable-type="string"/>
        </modeler:entity-attribute-mapping>
        <modeler:editor-resource-id><![CDATA[sid-59148BF4-E5C8-4897-AB1A-9A3F77B22C1A]]></modeler:editor-resource-id>
      </extensionElements>
    </serviceTask>
    <endEvent id="sid-38E4DB9B-C4D7-474E-A492-5F79A27FFCE7" name="End">
      <extensionElements>
        <modeler:editor-resource-id><![CDATA[sid-38E4DB9B-C4D7-474E-A492-5F79A27FFCE7]]></modeler:editor-resource-id>
      </extensionElements>
    </endEvent>
    <sequenceFlow id="sid-8119CFBD-8DAD-4F24-AFAF-D38A84523D72" sourceRef="startEvent1" targetRef="sid-FBA6502A-FEF7-4EFF-BBDD-8B3E657537EC">
      <extensionElements>
        <modeler:editor-resource-id><![CDATA[sid-8119CFBD-8DAD-4F24-AFAF-D38A84523D72]]></modeler:editor-resource-id>
      </extensionElements>
    </sequenceFlow>
    <sequenceFlow id="sid-D61CB669-BB52-4AB5-94A0-1A86303CC722" sourceRef="sid-1A5FEE40-208F-4D9B-95A8-D9A250A8DD5E" targetRef="sid-30FEF124-7192-4233-9FAA-AF0B6D6CF134">
      <extensionElements>
        <modeler:editor-resource-id><![CDATA[sid-D61CB669-BB52-4AB5-94A0-1A86303CC722]]></modeler:editor-resource-id>
      </extensionElements>
    </sequenceFlow>
    <sequenceFlow id="sid-422FD729-7BE0-4334-8146-0CC898F08AD9" sourceRef="sid-76553C23-B2A3-441A-9BAA-A34F49C39C24" targetRef="sid-59148BF4-E5C8-4897-AB1A-9A3F77B22C1A">
      <extensionElements>
        <modeler:editor-resource-id><![CDATA[sid-422FD729-7BE0-4334-8146-0CC898F08AD9]]></modeler:editor-resource-id>
      </extensionElements>
    </sequenceFlow>
    <sequenceFlow id="sid-3AA993C9-2F4E-414D-B71D-386E9611582D" sourceRef="sid-14786B05-F2D5-4E9B-B8C6-8C4E011F1B69" targetRef="sid-76553C23-B2A3-441A-9BAA-A34F49C39C24">
      <extensionElements>
        <modeler:editor-resource-id><![CDATA[sid-3AA993C9-2F4E-414D-B71D-386E9611582D]]></modeler:editor-resource-id>
      </extensionElements>
    </sequenceFlow>
    <sequenceFlow id="sid-24B17FC7-EC23-4C4D-B203-4CFD15A0265D" sourceRef="sid-845CA086-C4A7-4ECF-A2FE-E1F92FD15591" targetRef="sid-14786B05-F2D5-4E9B-B8C6-8C4E011F1B69">
      <extensionElements>
        <modeler:editor-resource-id><![CDATA[sid-24B17FC7-EC23-4C4D-B203-4CFD15A0265D]]></modeler:editor-resource-id>
      </extensionElements>
    </sequenceFlow>
    <sequenceFlow id="sid-2C7747FD-3E13-4A00-9832-14EBC62B238B" sourceRef="sid-FFDD434B-0A45-42EF-AE1A-3BC9E08E0F37" targetRef="sid-845CA086-C4A7-4ECF-A2FE-E1F92FD15591">
      <extensionElements>
        <modeler:editor-resource-id><![CDATA[sid-2C7747FD-3E13-4A00-9832-14EBC62B238B]]></modeler:editor-resource-id>
      </extensionElements>
    </sequenceFlow>
    <sequenceFlow id="sid-D72F4E98-3694-49E4-8C6B-A8137E3E09A3" sourceRef="sid-30FEF124-7192-4233-9FAA-AF0B6D6CF134" targetRef="sid-FFDD434B-0A45-42EF-AE1A-3BC9E08E0F37">
      <extensionElements>
        <modeler:editor-resource-id><![CDATA[sid-D72F4E98-3694-49E4-8C6B-A8137E3E09A3]]></modeler:editor-resource-id>
      </extensionElements>
    </sequenceFlow>
    <sequenceFlow id="sid-42AAC117-4BAF-4A3E-A16B-0EEA36023526" sourceRef="sid-59148BF4-E5C8-4897-AB1A-9A3F77B22C1A" targetRef="sid-38E4DB9B-C4D7-474E-A492-5F79A27FFCE7">
      <extensionElements>
        <modeler:editor-resource-id><![CDATA[sid-42AAC117-4BAF-4A3E-A16B-0EEA36023526]]></modeler:editor-resource-id>
      </extensionElements>
    </sequenceFlow>
    <sequenceFlow id="sid-3CE56EED-6F2F-463B-BC73-397BD6A032E8" sourceRef="sid-FBA6502A-FEF7-4EFF-BBDD-8B3E657537EC" targetRef="sid-1A5FEE40-208F-4D9B-95A8-D9A250A8DD5E">
      <extensionElements>
        <modeler:editor-resource-id><![CDATA[sid-3CE56EED-6F2F-463B-BC73-397BD6A032E8]]></modeler:editor-resource-id>
      </extensionElements>
    </sequenceFlow>
  </process>
  <bpmndi:BPMNDiagram id="BPMNDiagram_Collaboration">
    <bpmndi:BPMNPlane bpmnElement="Collaboration" id="BPMNPlane_Collaboration">
      <bpmndi:BPMNShape bpmnElement="sid-D810C013-4641-47E1-9009-B1D0E44AC3CB" id="BPMNShape_sid-D810C013-4641-47E1-9009-B1D0E44AC3CB">
        <omgdc:Bounds height="381.0" width="1224.0" x="0.0" y="0.0"/>
      </bpmndi:BPMNShape>
      <bpmndi:BPMNShape bpmnElement="sid-6C9AD06A-C55B-4D47-A2E2-935D0C88CCEA" id="BPMNShape_sid-6C9AD06A-C55B-4D47-A2E2-935D0C88CCEA">
        <omgdc:Bounds height="381.0" width="1194.0" x="30.0" y="0.0"/>
      </bpmndi:BPMNShape>
      <bpmndi:BPMNShape bpmnElement="startEvent1" id="BPMNShape_startEvent1">
        <omgdc:Bounds height="30.0" width="30.0" x="45.0" y="175.5"/>
      </bpmndi:BPMNShape>
      <bpmndi:BPMNShape bpmnElement="sid-FBA6502A-FEF7-4EFF-BBDD-8B3E657537EC" id="BPMNShape_sid-FBA6502A-FEF7-4EFF-BBDD-8B3E657537EC">
        <omgdc:Bounds height="80.0" width="100.0" x="105.0" y="150.0"/>
      </bpmndi:BPMNShape>
      <bpmndi:BPMNShape bpmnElement="sid-1A5FEE40-208F-4D9B-95A8-D9A250A8DD5E" id="BPMNShape_sid-1A5FEE40-208F-4D9B-95A8-D9A250A8DD5E">
        <omgdc:Bounds height="80.0" width="100.0" x="240.0" y="150.5"/>
      </bpmndi:BPMNShape>
      <bpmndi:BPMNShape bpmnElement="sid-30FEF124-7192-4233-9FAA-AF0B6D6CF134" id="BPMNShape_sid-30FEF124-7192-4233-9FAA-AF0B6D6CF134">
        <omgdc:Bounds height="80.0" width="100.0" x="375.0" y="150.0"/>
      </bpmndi:BPMNShape>
      <bpmndi:BPMNShape bpmnElement="sid-FFDD434B-0A45-42EF-AE1A-3BC9E08E0F37" id="BPMNShape_sid-FFDD434B-0A45-42EF-AE1A-3BC9E08E0F37">
        <omgdc:Bounds height="80.0" width="100.0" x="510.0" y="150.5"/>
      </bpmndi:BPMNShape>
      <bpmndi:BPMNShape bpmnElement="sid-845CA086-C4A7-4ECF-A2FE-E1F92FD15591" id="BPMNShape_sid-845CA086-C4A7-4ECF-A2FE-E1F92FD15591">
        <omgdc:Bounds height="80.0" width="100.0" x="645.0" y="150.0"/>
      </bpmndi:BPMNShape>
      <bpmndi:BPMNShape bpmnElement="sid-14786B05-F2D5-4E9B-B8C6-8C4E011F1B69" id="BPMNShape_sid-14786B05-F2D5-4E9B-B8C6-8C4E011F1B69">
        <omgdc:Bounds height="80.0" width="100.0" x="780.0" y="150.0"/>
      </bpmndi:BPMNShape>
      <bpmndi:BPMNShape bpmnElement="sid-76553C23-B2A3-441A-9BAA-A34F49C39C24" id="BPMNShape_sid-76553C23-B2A3-441A-9BAA-A34F49C39C24">
        <omgdc:Bounds height="80.0" width="100.0" x="915.0" y="150.0"/>
      </bpmndi:BPMNShape>
      <bpmndi:BPMNShape bpmnElement="sid-59148BF4-E5C8-4897-AB1A-9A3F77B22C1A" id="BPMNShape_sid-59148BF4-E5C8-4897-AB1A-9A3F77B22C1A">
        <omgdc:Bounds height="80.0" width="100.0" x="1050.0" y="150.0"/>
      </bpmndi:BPMNShape>
      <bpmndi:BPMNShape bpmnElement="sid-38E4DB9B-C4D7-474E-A492-5F79A27FFCE7" id="BPMNShape_sid-38E4DB9B-C4D7-474E-A492-5F79A27FFCE7">
        <omgdc:Bounds height="28.0" width="28.0" x="1185.0" y="176.5"/>
      </bpmndi:BPMNShape>
      <bpmndi:BPMNEdge bpmnElement="sid-24B17FC7-EC23-4C4D-B203-4CFD15A0265D" id="BPMNEdge_sid-24B17FC7-EC23-4C4D-B203-4CFD15A0265D">
        <omgdi:waypoint x="745.0" y="190.0"/>
        <omgdi:waypoint x="780.0" y="190.0"/>
      </bpmndi:BPMNEdge>
      <bpmndi:BPMNEdge bpmnElement="sid-3CE56EED-6F2F-463B-BC73-397BD6A032E8" id="BPMNEdge_sid-3CE56EED-6F2F-463B-BC73-397BD6A032E8">
        <omgdi:waypoint x="205.0" y="190.1851851851852"/>
        <omgdi:waypoint x="240.0" y="190.3148148148148"/>
      </bpmndi:BPMNEdge>
      <bpmndi:BPMNEdge bpmnElement="sid-8119CFBD-8DAD-4F24-AFAF-D38A84523D72" id="BPMNEdge_sid-8119CFBD-8DAD-4F24-AFAF-D38A84523D72">
        <omgdi:waypoint x="74.99973731326563" y="190.41122763365289"/>
        <omgdi:waypoint x="105.0" y="190.23367823701238"/>
      </bpmndi:BPMNEdge>
      <bpmndi:BPMNEdge bpmnElement="sid-422FD729-7BE0-4334-8146-0CC898F08AD9" id="BPMNEdge_sid-422FD729-7BE0-4334-8146-0CC898F08AD9">
        <omgdi:waypoint x="1015.0" y="190.05266337477377"/>
        <omgdi:waypoint x="1050.0" y="190.03097845574928"/>
      </bpmndi:BPMNEdge>
      <bpmndi:BPMNEdge bpmnElement="sid-D61CB669-BB52-4AB5-94A0-1A86303CC722" id="BPMNEdge_sid-D61CB669-BB52-4AB5-94A0-1A86303CC722">
        <omgdi:waypoint x="340.0" y="190.3148148148148"/>
        <omgdi:waypoint x="375.0" y="190.1851851851852"/>
      </bpmndi:BPMNEdge>
      <bpmndi:BPMNEdge bpmnElement="sid-D72F4E98-3694-49E4-8C6B-A8137E3E09A3" id="BPMNEdge_sid-D72F4E98-3694-49E4-8C6B-A8137E3E09A3">
        <omgdi:waypoint x="475.0" y="190.1851851851852"/>
        <omgdi:waypoint x="510.0" y="190.3148148148148"/>
      </bpmndi:BPMNEdge>
      <bpmndi:BPMNEdge bpmnElement="sid-42AAC117-4BAF-4A3E-A16B-0EEA36023526" id="BPMNEdge_sid-42AAC117-4BAF-4A3E-A16B-0EEA36023526">
        <omgdi:waypoint x="1150.0" y="190.25252525252526"/>
        <omgdi:waypoint x="1185.0001785497932" y="190.42929383105957"/>
      </bpmndi:BPMNEdge>
      <bpmndi:BPMNEdge bpmnElement="sid-3AA993C9-2F4E-414D-B71D-386E9611582D" id="BPMNEdge_sid-3AA993C9-2F4E-414D-B71D-386E9611582D">
        <omgdi:waypoint x="880.0" y="190.0"/>
        <omgdi:waypoint x="915.0" y="190.0"/>
      </bpmndi:BPMNEdge>
      <bpmndi:BPMNEdge bpmnElement="sid-2C7747FD-3E13-4A00-9832-14EBC62B238B" id="BPMNEdge_sid-2C7747FD-3E13-4A00-9832-14EBC62B238B">
        <omgdi:waypoint x="610.0" y="190.3148148148148"/>
        <omgdi:waypoint x="645.0" y="190.1851851851852"/>
      </bpmndi:BPMNEdge>
    </bpmndi:BPMNPlane>
  </bpmndi:BPMNDiagram>
</definitions>