{"resourceId":2029,"properties":{"process_id":"AddressChangeProcess","name":"Address Change Process","documentation":"","process_author":"","process_version":"","process_namespace":"http://www.activiti.org/processdef","executionlisteners":"","eventlisteners":"","signaldefinitions":"","messagedefinitions":"","executionvariables":"[{\"variableName\":\"memberID\",\"variableType\":\"string\",\"$$hashKey\":\"uiGrid-0007\"},{\"variableName\":\"firstName\",\"variableType\":\"string\",\"$$hashKey\":\"uiGrid-0009\"},{\"variableName\":\"lastName\",\"variableType\":\"string\",\"$$hashKey\":\"uiGrid-000B\"},{\"variableName\":\"middleInitial\",\"variableType\":\"string\",\"$$hashKey\":\"uiGrid-000D\"},{\"variableName\":\"dob\",\"variableType\":\"string\",\"$$hashKey\":\"uiGrid-000F\"},{\"variableName\":\"email\",\"variableType\":\"string\",\"$$hashKey\":\"uiGrid-000H\"},{\"variableName\":\"homePhone\",\"variableType\":\"string\",\"$$hashKey\":\"uiGrid-000J\"},{\"variableName\":\"mobilePhone\",\"variableType\":\"string\",\"$$hashKey\":\"uiGrid-000L\"},{\"variableName\":\"addressLine1\",\"variableType\":\"string\",\"$$hashKey\":\"uiGrid-000N\"},{\"variableName\":\"addressLine2\",\"variableType\":\"string\",\"$$hashKey\":\"uiGrid-000P\"},{\"variableName\":\"city\",\"variableType\":\"string\",\"$$hashKey\":\"uiGrid-000R\"},{\"variableName\":\"state\",\"variableType\":\"string\",\"$$hashKey\":\"uiGrid-000T\"},{\"variableName\":\"zipCode\",\"variableType\":\"string\",\"$$hashKey\":\"uiGrid-000V\"},{\"variableName\":\"country\",\"variableType\":\"string\",\"$$hashKey\":\"uiGrid-000X\"},{\"variableName\":\"policyNumber\",\"variableType\":\"string\",\"$$hashKey\":\"uiGrid-000Z\"},{\"variableName\":\"groupNumber\",\"variableType\":\"string\",\"$$hashKey\":\"uiGrid-0011\"},{\"variableName\":\"newAddressLine1\",\"variableType\":\"string\",\"$$hashKey\":\"uiGrid-0013\"},{\"variableName\":\"newAddressLine2\",\"variableType\":\"string\",\"$$hashKey\":\"uiGrid-0015\"},{\"variableName\":\"newCity\",\"variableType\":\"string\",\"$$hashKey\":\"uiGrid-0017\"},{\"variableName\":\"newState\",\"variableType\":\"string\",\"$$hashKey\":\"uiGrid-0019\"},{\"variableName\":\"newZipCode\",\"variableType\":\"string\",\"$$hashKey\":\"uiGrid-001B\"},{\"variableName\":\"newCountry\",\"variableType\":\"string\",\"$$hashKey\":\"uiGrid-001D\"},{\"variableName\":\"sign_data\",\"variableType\":\"string\",\"$$hashKey\":\"uiGrid-001F\"},{\"variableName\":\"sign\",\"variableType\":\"string\",\"$$hashKey\":\"uiGrid-001H\"},{\"variableName\":\"signatureDateAsString\",\"variableType\":\"string\",\"$$hashKey\":\"uiGrid-001J\"},{\"variableName\":\"adfURL\",\"variableType\":\"string\",\"$$hashKey\":\"uiGrid-002R\"}]","metadata":""},"stencil":{"id":"BPMNDiagram"},"childShapes":[{"resourceId":"sid-8119CFBD-8DAD-4F24-AFAF-D38A84523D72","properties":{"overrideid":"","name":"","documentation":"","conditionsequenceflow":"","executionlisteners":"","defaultflow":"false","showdiamondmarker":false},"stencil":{"id":"SequenceFlow"},"childShapes":[],"outgoing":[{"resourceId":"sid-FBA6502A-FEF7-4EFF-BBDD-8B3E657537EC"}],"bounds":{"lowerRight":{"x":104.54231985355943,"y":190.40814434224353},"upperLeft":{"x":75.52071656732538,"y":190.23638690775647}},"dockers":[{"x":15,"y":15},{"x":39.48427100959623,"y":40}],"target":{"resourceId":"sid-FBA6502A-FEF7-4EFF-BBDD-8B3E657537EC"}},{"resourceId":"sid-D61CB669-BB52-4AB5-94A0-1A86303CC722","properties":{"overrideid":"","name":"","documentation":"","conditionsequenceflow":"","executionlisteners":"","defaultflow":"false"},"stencil":{"id":"SequenceFlow"},"childShapes":[],"outgoing":[{"resourceId":"sid-30FEF124-7192-4233-9FAA-AF0B6D6CF134"}],"bounds":{"lowerRight":{"x":374.42969435864,"y":190.31270257169868},"upperLeft":{"x":340.57030564136,"y":190.18729742830132}},"dockers":[{"x":50,"y":40},{"x":50,"y":40}],"target":{"resourceId":"sid-30FEF124-7192-4233-9FAA-AF0B6D6CF134"}},{"resourceId":"sid-D810C013-4641-47E1-9009-B1D0E44AC3CB","properties":{"overrideid":"","name":"Change Of Address","documentation":""},"stencil":{"id":"Pool"},"childShapes":[{"resourceId":"sid-6C9AD06A-C55B-4D47-A2E2-935D0C88CCEA","properties":{"overrideid":"","name":"","documentation":"","showcaption":false},"stencil":{"id":"Lane"},"childShapes":[{"resourceId":"startEvent1","properties":{"overrideid":"","name":"Start","documentation":"","executionlisteners":"","initiator":"","formkeydefinition":"","formreference":"","fieldstovariables":"","formproperties":""},"stencil":{"id":"StartNoneEvent"},"childShapes":[],"outgoing":[{"resourceId":"sid-8119CFBD-8DAD-4F24-AFAF-D38A84523D72"}],"bounds":{"lowerRight":{"x":45,"y":205.5},"upperLeft":{"x":15,"y":175.5}},"dockers":[]},{"resourceId":"sid-FBA6502A-FEF7-4EFF-BBDD-8B3E657537EC","properties":{"scriptformat":"groovy","scripttext":"execution.setVariable(\"memberID\", \"120460\");\nexecution.setVariable(\"adfURL\", \"http://localhost:4500\");","executionvariables":"","overrideid":"","name":"Init","documentation":"","asynchronousdefinition":"false","exclusivedefinition":"false","executionlisteners":"","multiinstance_type":"None","multiinstance_cardinality":"","multiinstance_collection":"","multiinstance_variable":"","multiinstance_condition":"","isforcompensation":"false"},"stencil":{"id":"ScriptTask"},"childShapes":[],"outgoing":[{"resourceId":"sid-3CE56EED-6F2F-463B-BC73-397BD6A032E8"}],"bounds":{"lowerRight":{"x":175,"y":230},"upperLeft":{"x":75,"y":150}},"dockers":[]},{"resourceId":"sid-1A5FEE40-208F-4D9B-95A8-D9A250A8DD5E","properties":{"overrideid":"","name":"Lookup Customer","documentation":"","restcalltask_endpoint":{"http_method":"GET","endpoint_config":{"id":1001,"tenantId":1,"name":"JSON DB","protocol":"HTTP","host":"ec2-52-90-87-168.compute-1.amazonaws.com","port":"4000","path":"/","basicAuthId":null,"basicAuthName":null,"requestHeaders":null},"rest_url":"nylife-customers/${memberID}"},"restcalltask_request_mapping":"","restcalltask_response_mapping":[{"processVariableType":"string","$$hashKey":"uiGrid-003N","jsonPropertyName":"firstName","processVariableName":"firstName"},{"processVariableType":"string","$$hashKey":"uiGrid-003T","jsonPropertyName":"lastName","processVariableName":"lastName"},{"processVariableType":"string","$$hashKey":"uiGrid-003Z","jsonPropertyName":"middleInitial","processVariableName":"middleInitial"},{"processVariableType":"string","$$hashKey":"uiGrid-0045","jsonPropertyName":"dob","processVariableName":"dob"},{"processVariableType":"string","$$hashKey":"uiGrid-004B","jsonPropertyName":"email","processVariableName":"email"},{"processVariableType":"string","$$hashKey":"uiGrid-004H","jsonPropertyName":"homePhone","processVariableName":"homePhone"},{"processVariableType":"string","$$hashKey":"uiGrid-004N","jsonPropertyName":"mobilePhone","processVariableName":"mobilePhone"},{"processVariableType":"string","$$hashKey":"uiGrid-004T","jsonPropertyName":"addressLine1","processVariableName":"addressLine1"},{"processVariableType":"string","$$hashKey":"uiGrid-004Z","jsonPropertyName":"addressLine2","processVariableName":"addressLine2"},{"processVariableType":"string","$$hashKey":"uiGrid-0055","jsonPropertyName":"city","processVariableName":"city"},{"processVariableType":"string","$$hashKey":"uiGrid-005B","jsonPropertyName":"state","processVariableName":"state"},{"processVariableType":"string","$$hashKey":"uiGrid-005H","jsonPropertyName":"zipCode","processVariableName":"zipCode"},{"processVariableType":"string","$$hashKey":"uiGrid-005N","jsonPropertyName":"country","processVariableName":"country"},{"processVariableType":"string","$$hashKey":"uiGrid-005T","jsonPropertyName":"policyNumber","processVariableName":"policyNumber"},{"processVariableType":"string","$$hashKey":"uiGrid-005Z","jsonPropertyName":"groupNumber","processVariableName":"groupNumber"}],"restcalltask_request_headers":""},"stencil":{"id":"RestCallTask"},"childShapes":[],"outgoing":[{"resourceId":"sid-D61CB669-BB52-4AB5-94A0-1A86303CC722"}],"bounds":{"lowerRight":{"x":310,"y":230.5},"upperLeft":{"x":210,"y":150.5}},"dockers":[]},{"resourceId":"sid-30FEF124-7192-4233-9FAA-AF0B6D6CF134","properties":{"overrideid":"","name":"Send Email Notification","documentation":"","asynchronousdefinition":"false","exclusivedefinition":"false","executionlisteners":"","multiinstance_type":"None","multiinstance_cardinality":"","multiinstance_collection":"","multiinstance_variable":"","multiinstance_condition":"","isforcompensation":"false","mailtaskto":"${email}","mailtaskfrom":"support@nylife.com","mailtasksubject":"Change of address form","mailtaskcc":"","mailtaskbcc":"","mailtasktext":"","mailtaskhtml":"<img src='http://localhost:4500/assets/images/nylife-logo.jpg'></img>\n<br/><br/>\n\nDear ${firstName}:\nOur records indicate that you recently made a request to update your address.\nClick <a href=${adfURL}>here</a> to perform the intended action.\n<br/>\nIf you require assistance and would prefer to contact us by phone, please call the New York Life Insurance Customer Service Center:\n<br/>\n+1 866 722 7310 \n<br/>\n+1 801 617 7435\n<br/>\n<br/>\nSincerely,\n<br/>\nNew York Life Insurance Services.","mailtaskcharset":""},"stencil":{"id":"MailTask"},"childShapes":[],"outgoing":[{"resourceId":"sid-D72F4E98-3694-49E4-8C6B-A8137E3E09A3"}],"bounds":{"lowerRight":{"x":445,"y":230},"upperLeft":{"x":345,"y":150}},"dockers":[]},{"resourceId":"sid-FFDD434B-0A45-42EF-AE1A-3BC9E08E0F37","properties":{"overrideid":"","name":"Change Address Human Task","documentation":"","asynchronousdefinition":"false","exclusivedefinition":"false","executionlisteners":"","multiinstance_type":"None","multiinstance_cardinality":"","multiinstance_collection":"","multiinstance_variable":"","multiinstance_condition":"","isforcompensation":"false","usertasksendemail":false,"usertaskassignment":"","formkeydefinition":"","formreference":{"id":2034,"name":"Address Change Form","referenceId":2029},"fieldstovariables":"","duedatedefinition":"","prioritydefinition":"","categorydefinition":"","formproperties":"","tasklisteners":"","emailtemplate":""},"stencil":{"id":"UserTask"},"childShapes":[],"outgoing":[{"resourceId":"sid-2C7747FD-3E13-4A00-9832-14EBC62B238B"}],"bounds":{"lowerRight":{"x":580,"y":230.5},"upperLeft":{"x":480,"y":150.5}},"dockers":[]},{"resourceId":"sid-845CA086-C4A7-4ECF-A2FE-E1F92FD15591","properties":{"scriptformat":"groovy","scripttext":"import java.util.Base64;\n\ndef sign = execution.getVariable('sign');\nexecution.setVariable('sign_data',Base64.getDecoder().decode(sign.substring(sign.indexOf('base64,') + 7 , sign.length())));\n\ndef formsigneddate = execution.getVariable('signeddate');\nexecution.setVariable('signatureDateAsString', formsigneddate.format( 'MM/dd/yyyy' ));","executionvariables":"","overrideid":"","name":"Extract Signature and Date","documentation":"","asynchronousdefinition":"false","exclusivedefinition":"false","executionlisteners":"","multiinstance_type":"None","multiinstance_cardinality":"","multiinstance_collection":"","multiinstance_variable":"","multiinstance_condition":"","isforcompensation":"false"},"stencil":{"id":"ScriptTask"},"childShapes":[],"outgoing":[{"resourceId":"sid-24B17FC7-EC23-4C4D-B203-4CFD15A0265D"}],"bounds":{"lowerRight":{"x":715,"y":230},"upperLeft":{"x":615,"y":150}},"dockers":[]},{"resourceId":"sid-14786B05-F2D5-4E9B-B8C6-8C4E011F1B69","properties":{"overrideid":"","name":"Generate Change Address Document","documentation":"","generatedocumenttemplate":{"id":4004,"name":"ChangeofAddress-template.docx"},"generatedocumenttaskoutputformat":"","executionvariable_document":{"variableName":"ChangeOfAddress","variableType":"document"},"generatedocumentfilename":"","additionaldatasources_document":"","additionaldatasourcenames_document":"","type":"http://b3mn.org/stencilset/bpmn2.0#UserTask","asynchronousdefinition":"false","exclusivedefinition":"false","executionlisteners":"","multiinstance_type":"None","multiinstance_cardinality":"","multiinstance_collection":"","multiinstance_variable":"","multiinstance_condition":"","isforcompensation":"false","usertasksendemail":true,"usertaskassignment":"","formkeydefinition":"","formreference":"","fieldstovariables":"","duedatedefinition":"","prioritydefinition":"","categorydefinition":"","formproperties":"","tasklisteners":"","emailtemplate":""},"stencil":{"id":"GenerateDocumentTask"},"childShapes":[],"outgoing":[{"resourceId":"sid-3AA993C9-2F4E-414D-B71D-386E9611582D"}],"bounds":{"lowerRight":{"x":850,"y":230},"upperLeft":{"x":750,"y":150}},"dockers":[]},{"resourceId":"sid-76553C23-B2A3-441A-9BAA-A34F49C39C24","properties":{"overrideid":"","name":"Upload to Document Repository","documentation":"","alfresco_cloud_content":{"source":"process","metaDataColumnDefinitions":[{"fileProperty":"nyl:firstName","propertyType":"string","propertyValueType":"variable","processVariable":{"id":"firstName","name":"firstName","type":"string"}},{"fileProperty":"nyl:lastName","propertyType":"string","propertyValueType":"variable","processVariable":{"id":"lastName","name":"lastName","type":"string"}},{"fileProperty":"nyl:email","propertyType":"string","propertyValueType":"variable","processVariable":{"id":"email","name":"email","type":"string"}},{"fileProperty":"nyl:dob","propertyType":"string","propertyValueType":"variable","processVariable":{"id":"dob","name":"dob","type":"string"}},{"fileProperty":"nyl:policyNumber","propertyType":"string","propertyValueType":"variable","processVariable":{"id":"policyNumber","name":"policyNumber","type":"string"}},{"fileProperty":"nyl:homePhone","propertyType":"string","propertyValueType":"variable","processVariable":{"id":"homePhone","name":"homePhone","type":"string"}},{"fileProperty":"nyl:mobilePhone","propertyType":"string","propertyValueType":"variable","processVariable":{"id":"mobilePhone","name":"mobilePhone","type":"string"}}],"documentAspects":[{"aspectName":"cm:titled"},{"aspectName":"nyl:customerInfo"}],"documentType":"cmis:document"},"alfresco_cloud_destination":{"account":"alfresco-1-alfresco-1","site":"new-york-life","path":"c3e32697-ad3e-4b7f-9f35-85817c362b86","path_title":"documentLibrary","site_title":"New York Life","publish_as_type":"process_initiator"},"type":"http://b3mn.org/stencilset/bpmn2.0#UserTask","asynchronousdefinition":"false","exclusivedefinition":"false","executionlisteners":"","multiinstance_type":"None","multiinstance_cardinality":"","multiinstance_collection":"","multiinstance_variable":"","multiinstance_condition":"","isforcompensation":"false","usertasksendemail":true,"usertaskassignment":"","formkeydefinition":"","formreference":"","fieldstovariables":"","duedatedefinition":"","prioritydefinition":"","categorydefinition":"","formproperties":"","tasklisteners":"","emailtemplate":""},"stencil":{"id":"PublishToAlfrescoCloudTask"},"childShapes":[],"outgoing":[{"resourceId":"sid-422FD729-7BE0-4334-8146-0CC898F08AD9"}],"bounds":{"lowerRight":{"x":985,"y":230},"upperLeft":{"x":885,"y":150}},"dockers":[]},{"resourceId":"sid-59148BF4-E5C8-4897-AB1A-9A3F77B22C1A","properties":{"overrideid":"","name":"Update Database","documentation":"","alfrescoactiontask_publish_as_type":"","entityattributemapping":{"mappedDataModel":2035,"mappedEntity":"CustomerInfo","attributeMappings":[{"attributeName":"memberId","attributeType":"number","attributePrimaryKey":true,"attributeIdentity":false,"attributeRequired":false,"$$hashKey":"uiGrid-02OS","variable":{"id":"memberID","name":"memberID","type":"string","$$hashKey":"object:1627"},"formField":null,"staticValue":null,"valueType":"variable","fieldValuePath":""},{"attributeName":"city","attributeType":"string","attributePrimaryKey":false,"attributeIdentity":false,"attributeRequired":false,"$$hashKey":"uiGrid-02OU","variable":{"id":"newCity","name":"newCity","type":"string","$$hashKey":"object:1678"},"formField":null,"staticValue":null,"valueType":"variable","fieldValuePath":""},{"attributeName":"state","attributeType":"string","attributePrimaryKey":false,"attributeIdentity":false,"attributeRequired":false,"$$hashKey":"uiGrid-02OW","variable":{"id":"newState","name":"newState","type":"string","$$hashKey":"object:1726"},"formField":null,"staticValue":null,"valueType":"variable","fieldValuePath":""},{"attributeName":"zipCode","attributeType":"string","attributePrimaryKey":false,"attributeIdentity":false,"attributeRequired":false,"$$hashKey":"uiGrid-02OY","variable":{"id":"newZipCode","name":"newZipCode","type":"string","$$hashKey":"object:1773"},"formField":null,"staticValue":null,"valueType":"variable","fieldValuePath":""},{"attributeName":"firstName","attributeType":"string","attributePrimaryKey":false,"attributeIdentity":false,"attributeRequired":false,"$$hashKey":"uiGrid-02P0","variable":{"id":"firstName","name":"firstName","type":"string","$$hashKey":"object:1807"},"formField":null,"staticValue":null,"valueType":"variable","fieldValuePath":""},{"attributeName":"lastName","attributeType":"string","attributePrimaryKey":false,"attributeIdentity":false,"attributeRequired":false,"$$hashKey":"uiGrid-02P2","variable":{"id":"lastName","name":"lastName","type":"string","$$hashKey":"object:1856"},"formField":null,"staticValue":null,"valueType":"variable","fieldValuePath":""},{"attributeName":"middleInitial","attributeType":"string","attributePrimaryKey":false,"attributeIdentity":false,"attributeRequired":false,"$$hashKey":"uiGrid-02P4","variable":{"id":"middleInitial","name":"middleInitial","type":"string","$$hashKey":"object:1904"},"formField":null,"staticValue":null,"valueType":"variable","fieldValuePath":""},{"attributeName":"addressLine2","attributeType":"string","attributePrimaryKey":false,"attributeIdentity":false,"attributeRequired":false,"$$hashKey":"uiGrid-02P6","variable":{"id":"newAddressLine2","name":"newAddressLine2","type":"string","$$hashKey":"object:1953"},"formField":null,"staticValue":null,"valueType":"variable","fieldValuePath":""},{"attributeName":"country","attributeType":"string","attributePrimaryKey":false,"attributeIdentity":false,"attributeRequired":false,"$$hashKey":"uiGrid-02P8","variable":{"id":"newCountry","name":"newCountry","type":"string","$$hashKey":"object:2001"},"formField":null,"staticValue":null,"valueType":"variable","fieldValuePath":""},{"attributeName":"policyNumber","attributeType":"string","attributePrimaryKey":false,"attributeIdentity":false,"attributeRequired":false,"$$hashKey":"uiGrid-02PA","variable":{"id":"policyNumber","name":"policyNumber","type":"string","$$hashKey":"object:2050"},"formField":null,"staticValue":null,"valueType":"variable","fieldValuePath":""},{"attributeName":"dob","attributeType":"string","attributePrimaryKey":false,"attributeIdentity":false,"attributeRequired":false,"$$hashKey":"uiGrid-02PC","variable":{"id":"dob","name":"dob","type":"string","$$hashKey":"object:2080"},"formField":null,"staticValue":null,"valueType":"variable","fieldValuePath":""},{"attributeName":"email","attributeType":"string","attributePrimaryKey":false,"attributeIdentity":false,"attributeRequired":false,"$$hashKey":"uiGrid-02PE","variable":{"id":"email","name":"email","type":"string","$$hashKey":"object:2128"},"formField":null,"staticValue":null,"valueType":"variable","fieldValuePath":""},{"attributeName":"homePhone","attributeType":"string","attributePrimaryKey":false,"attributeIdentity":false,"attributeRequired":false,"$$hashKey":"uiGrid-02PG","variable":{"id":"homePhone","name":"homePhone","type":"string","$$hashKey":"object:2177"},"formField":null,"staticValue":null,"valueType":"variable","fieldValuePath":""},{"attributeName":"addressLine1","attributeType":"string","attributePrimaryKey":false,"attributeIdentity":false,"attributeRequired":false,"$$hashKey":"uiGrid-02PI","variable":{"id":"newAddressLine1","name":"newAddressLine1","type":"string","$$hashKey":"object:2228"},"formField":null,"staticValue":null,"valueType":"variable","fieldValuePath":""}]}},"stencil":{"id":"StoreEntityTask"},"childShapes":[],"outgoing":[{"resourceId":"sid-42AAC117-4BAF-4A3E-A16B-0EEA36023526"}],"bounds":{"lowerRight":{"x":1120,"y":230},"upperLeft":{"x":1020,"y":150}},"dockers":[]},{"resourceId":"sid-38E4DB9B-C4D7-474E-A492-5F79A27FFCE7","properties":{"overrideid":"","name":"End","documentation":"","executionlisteners":""},"stencil":{"id":"EndNoneEvent"},"childShapes":[],"outgoing":[],"bounds":{"lowerRight":{"x":1183,"y":204.5},"upperLeft":{"x":1155,"y":176.5}},"dockers":[]}],"outgoing":[],"bounds":{"lowerRight":{"x":1224,"y":381},"upperLeft":{"x":30,"y":0}},"dockers":[]}],"outgoing":[],"bounds":{"lowerRight":{"x":1224,"y":381},"upperLeft":{"x":0,"y":0}},"dockers":[]},{"resourceId":"sid-422FD729-7BE0-4334-8146-0CC898F08AD9","properties":{"overrideid":"","name":"","documentation":"","conditionsequenceflow":"","executionlisteners":"","defaultflow":"false"},"stencil":{"id":"SequenceFlow"},"childShapes":[],"outgoing":[{"resourceId":"sid-59148BF4-E5C8-4897-AB1A-9A3F77B22C1A"}],"bounds":{"lowerRight":{"x":1049.4740454819305,"y":190.0522626630509},"upperLeft":{"x":1015.6467587121056,"y":190.03130432092456}},"dockers":[{"x":50.12080419403633,"y":40.08356698397545},{"x":50,"y":40}],"target":{"resourceId":"sid-59148BF4-E5C8-4897-AB1A-9A3F77B22C1A"}},{"resourceId":"sid-3AA993C9-2F4E-414D-B71D-386E9611582D","properties":{"overrideid":"","name":"","documentation":"","conditionsequenceflow":"","executionlisteners":"","defaultflow":"false"},"stencil":{"id":"SequenceFlow"},"childShapes":[],"outgoing":[{"resourceId":"sid-76553C23-B2A3-441A-9BAA-A34F49C39C24"}],"bounds":{"lowerRight":{"x":914.4296875,"y":190},"upperLeft":{"x":880.5703125,"y":190}},"dockers":[{"x":50,"y":40},{"x":50,"y":40}],"target":{"resourceId":"sid-76553C23-B2A3-441A-9BAA-A34F49C39C24"}},{"resourceId":"sid-24B17FC7-EC23-4C4D-B203-4CFD15A0265D","properties":{"overrideid":"","name":"","documentation":"","conditionsequenceflow":"","executionlisteners":"","defaultflow":"false"},"stencil":{"id":"SequenceFlow"},"childShapes":[],"outgoing":[{"resourceId":"sid-14786B05-F2D5-4E9B-B8C6-8C4E011F1B69"}],"bounds":{"lowerRight":{"x":779.4296875,"y":190},"upperLeft":{"x":745.5703125,"y":190}},"dockers":[{"x":50,"y":40},{"x":50,"y":40}],"target":{"resourceId":"sid-14786B05-F2D5-4E9B-B8C6-8C4E011F1B69"}},{"resourceId":"sid-2C7747FD-3E13-4A00-9832-14EBC62B238B","properties":{"overrideid":"","name":"","documentation":"","conditionsequenceflow":"","executionlisteners":"","defaultflow":"false"},"stencil":{"id":"SequenceFlow"},"childShapes":[],"outgoing":[{"resourceId":"sid-845CA086-C4A7-4ECF-A2FE-E1F92FD15591"}],"bounds":{"lowerRight":{"x":644.42969435864,"y":190.31270257169868},"upperLeft":{"x":610.57030564136,"y":190.18729742830132}},"dockers":[{"x":50,"y":40},{"x":50,"y":40}],"target":{"resourceId":"sid-845CA086-C4A7-4ECF-A2FE-E1F92FD15591"}},{"resourceId":"sid-D72F4E98-3694-49E4-8C6B-A8137E3E09A3","properties":{"overrideid":"","name":"","documentation":"","conditionsequenceflow":"","executionlisteners":"","defaultflow":"false"},"stencil":{"id":"SequenceFlow"},"childShapes":[],"outgoing":[{"resourceId":"sid-FFDD434B-0A45-42EF-AE1A-3BC9E08E0F37"}],"bounds":{"lowerRight":{"x":509.42969435864,"y":190.31270257169868},"upperLeft":{"x":475.57030564136,"y":190.18729742830132}},"dockers":[{"x":50,"y":40},{"x":50,"y":40}],"target":{"resourceId":"sid-FFDD434B-0A45-42EF-AE1A-3BC9E08E0F37"}},{"resourceId":"sid-42AAC117-4BAF-4A3E-A16B-0EEA36023526","properties":{"overrideid":"","name":"","documentation":"","conditionsequenceflow":"","executionlisteners":"","defaultflow":"false"},"stencil":{"id":"SequenceFlow"},"childShapes":[],"outgoing":[{"resourceId":"sid-38E4DB9B-C4D7-474E-A492-5F79A27FFCE7"}],"bounds":{"lowerRight":{"x":1184.0781377535566,"y":190.4246370593614},"upperLeft":{"x":1150.4999872464434,"y":190.2550504406386}},"dockers":[{"x":50,"y":40},{"x":14,"y":14}],"target":{"resourceId":"sid-38E4DB9B-C4D7-474E-A492-5F79A27FFCE7"}},{"resourceId":"sid-3CE56EED-6F2F-463B-BC73-397BD6A032E8","properties":{"overrideid":"","name":"","documentation":"","conditionsequenceflow":"","executionlisteners":"","defaultflow":"false"},"stencil":{"id":"SequenceFlow"},"childShapes":[],"outgoing":[{"resourceId":"sid-1A5FEE40-208F-4D9B-95A8-D9A250A8DD5E"}],"bounds":{"lowerRight":{"x":239.42969435864,"y":190.31270257169868},"upperLeft":{"x":205.57030564136,"y":190.18729742830132}},"dockers":[{"x":50,"y":40},{"x":50,"y":40}],"target":{"resourceId":"sid-1A5FEE40-208F-4D9B-95A8-D9A250A8DD5E"}}],"bounds":{"lowerRight":{"x":1324,"y":1050},"upperLeft":{"x":0,"y":0}},"stencilset":{"url":"stencilsets/bpmn2.0/bpmn2.0.json","namespace":"http://b3mn.org/stencilset/bpmn2.0#"},"ssextensions":[]}